url,route_template,service,city,http_status,canonical,indexable,title,meta_description,h1,approximate_word_count,internal_link_count,structured_data_types,review_section_present,review_source_present,local_project_evidence_present,local_photograph_evidence_present,potential_duplicate_group,recommended_action
https://securelifts.com/broken-spring-repair/aventura,/broken-spring-repair/[city],broken-spring-repair,aventura,200,https://securelifts.com/broken-spring-repair/aventura,true,"Broken Spring Repair in Aventura, FL | SecureLifts","SecureLifts provides same-day broken garage door spring repair in Aventura, FL for doors that will not open, feel heavy, or slammed shut.",Broken Spring Repair in Aventura,1090,41,Service|FAQPage|BreadcrumbList,true,true,false,false,broken-spring-repair,MANUAL_REVIEW
https://securelifts.com/broken-spring-repair/boca-raton,/broken-spring-repair/[city],broken-spring-repair,boca-raton,200,https://securelifts.com/broken-spring-repair/boca-raton,true,"Broken Spring Repair in Boca Raton, FL | SecureLifts","SecureLifts provides same-day broken garage door spring repair in Boca Raton, FL for doors that will not open, feel heavy, or slammed shut.",Broken Spring Repair in Boca Raton,1122,41,Service|FAQPage|BreadcrumbList,true,true,false,false,broken-spring-repair,MANUAL_REVIEW
https://securelifts.com/broken-spring-repair/boynton-beach,/broken-spring-repair/[city],broken-spring-repair,boynton-beach,200,https://securelifts.com/broken-spring-repair/boynton-beach,true,"Broken Spring Repair in Boynton Beach, FL | SecureLifts","SecureLifts provides same-day broken garage door spring repair in Boynton Beach, FL for doors that will not open, feel heavy, or slammed shut.",Broken Spring Repair in Boynton Beach,1121,41,Service|FAQPage|BreadcrumbList,true,true,false,false,broken-spring-repair,MANUAL_REVIEW
https://securelifts.com/broken-spring-repair/coral-gables,/broken-spring-repair/[city],broken-spring-repair,coral-gables,200,https://securelifts.com/broken-spring-repair/coral-gables,true,"Broken Spring Repair in Coral Gables, FL | SecureLifts","SecureLifts provides same-day broken garage door spring repair in Coral Gables, FL for doors that will not open, feel heavy, or slammed shut.",Broken Spring Repair in Coral Gables,1135,41,Service|FAQPage|BreadcrumbList,true,true,false,false,broken-spring-repair,MANUAL_REVIEW
https://securelifts.com/broken-spring-repair/coral-springs,/broken-spring-repair/[city],broken-spring-repair,coral-springs,200,https://securelifts.com/broken-spring-repair/coral-springs,true,"Broken Spring Repair in Coral Springs, FL | SecureLifts","SecureLifts provides same-day broken garage door spring repair in Coral Springs, FL for doors that will not open, feel heavy, or slammed shut.",Broken Spring Repair in Coral Springs,1135,41,Service|FAQPage|BreadcrumbList,true,true,false,false,broken-spring-repair,MANUAL_REVIEW
https://securelifts.com/broken-spring-repair/cutler-bay,/broken-spring-repair/[city],broken-spring-repair,cutler-bay,200,https://securelifts.com/broken-spring-repair/cutler-bay,true,"Broken Spring Repair in Cutler Bay, FL | SecureLifts","SecureLifts provides same-day broken garage door spring repair in Cutler Bay, FL for doors that will not open, feel heavy, or slammed shut.",Broken Spring Repair in Cutler Bay,1135,41,Service|FAQPage|BreadcrumbList,true,true,false,false,broken-spring-repair,MANUAL_REVIEW
https://securelifts.com/broken-spring-repair/davie,/broken-spring-repair/[city],broken-spring-repair,davie,200,https://securelifts.com/broken-spring-repair/davie,true,"Broken Spring Repair in Davie, FL | SecureLifts","SecureLifts provides same-day broken garage door spring repair in Davie, FL for doors that will not open, feel heavy, or slammed shut.",Broken Spring Repair in Davie,1069,39,Service|FAQPage|BreadcrumbList,true,true,false,false,broken-spring-repair,MANUAL_REVIEW
https://securelifts.com/broken-spring-repair/deerfield-beach,/broken-spring-repair/[city],broken-spring-repair,deerfield-beach,200,https://securelifts.com/broken-spring-repair/deerfield-beach,true,"Broken Spring Repair in Deerfield Beach, FL | SecureLifts","SecureLifts provides same-day broken garage door spring repair in Deerfield Beach, FL for doors that will not open, feel heavy, or slammed shut.",Broken Spring Repair in Deerfield Beach,1135,41,Service|FAQPage|BreadcrumbList,true,true,false,false,broken-spring-repair,MANUAL_REVIEW
https://securelifts.com/broken-spring-repair/delray-beach,/broken-spring-repair/[city],broken-spring-repair,delray-beach,200,https://securelifts.com/broken-spring-repair/delray-beach,true,"Broken Spring Repair in Delray Beach, FL | SecureLifts","SecureLifts provides same-day broken garage door spring repair in Delray Beach, FL for doors that will not open, feel heavy, or slammed shut.",Broken Spring Repair in Delray Beach,1121,41,Service|FAQPage|BreadcrumbList,true,true,false,false,broken-spring-repair,MANUAL_REVIEW
https://securelifts.com/broken-spring-repair/doral,/broken-spring-repair/[city],broken-spring-repair,doral,200,https://securelifts.com/broken-spring-repair/doral,true,"Broken Spring Repair in Doral, FL | SecureLifts","SecureLifts provides same-day broken garage door spring repair in Doral, FL for doors that will not open, feel heavy, or slammed shut.",Broken Spring Repair in Doral,1081,41,Service|FAQPage|BreadcrumbList,true,true,false,false,broken-spring-repair,MANUAL_REVIEW
https://securelifts.com/broken-spring-repair/fort-lauderdale,/broken-spring-repair/[city],broken-spring-repair,fort-lauderdale,200,https://securelifts.com/broken-spring-repair/fort-lauderdale,true,"Broken Spring Repair in Fort Lauderdale, FL | SecureLifts","SecureLifts provides same-day broken garage door spring repair in Fort Lauderdale, FL for doors that will not open, feel heavy, or slammed shut.",Broken Spring Repair in Fort Lauderdale,1122,41,Service|FAQPage|BreadcrumbList,true,true,false,false,broken-spring-repair,MANUAL_REVIEW
https://securelifts.com/broken-spring-repair/greenacres,/broken-spring-repair/[city],broken-spring-repair,greenacres,200,https://securelifts.com/broken-spring-repair/greenacres,true,"Broken Spring Repair in Greenacres, FL | SecureLifts","SecureLifts provides same-day broken garage door spring repair in Greenacres, FL for doors that will not open, feel heavy, or slammed shut.",Broken Spring Repair in Greenacres,1090,41,Service|FAQPage|BreadcrumbList,true,true,false,false,broken-spring-repair,MANUAL_REVIEW
https://securelifts.com/broken-spring-repair/hallandale-beach,/broken-spring-repair/[city],broken-spring-repair,hallandale-beach,200,https://securelifts.com/broken-spring-repair/hallandale-beach,true,"Broken Spring Repair in Hallandale Beach, FL | SecureLifts","SecureLifts provides same-day broken garage door spring repair in Hallandale Beach, FL for doors that will not open, feel heavy, or slammed shut.",Broken Spring Repair in Hallandale Beach,1120,40,Service|FAQPage|BreadcrumbList,true,true,false,false,broken-spring-repair,MANUAL_REVIEW
https://securelifts.com/broken-spring-repair/hialeah,/broken-spring-repair/[city],broken-spring-repair,hialeah,200,https://securelifts.com/broken-spring-repair/hialeah,true,"Broken Spring Repair in Hialeah, FL | SecureLifts","SecureLifts provides same-day broken garage door spring repair in Hialeah, FL for doors that will not open, feel heavy, or slammed shut.",Broken Spring Repair in Hialeah,1090,41,Service|FAQPage|BreadcrumbList,true,true,false,false,broken-spring-repair,MANUAL_REVIEW
https://securelifts.com/broken-spring-repair/hialeah-gardens,/broken-spring-repair/[city],broken-spring-repair,hialeah-gardens,200,https://securelifts.com/broken-spring-repair/hialeah-gardens,true,"Broken Spring Repair in Hialeah Gardens, FL | SecureLifts","SecureLifts provides same-day broken garage door spring repair in Hialeah Gardens, FL for doors that will not open, feel heavy, or slammed shut.",Broken Spring Repair in Hialeah Gardens,1135,41,Service|FAQPage|BreadcrumbList,true,true,false,false,broken-spring-repair,MANUAL_REVIEW
https://securelifts.com/broken-spring-repair/highland-beach,/broken-spring-repair/[city],broken-spring-repair,highland-beach,200,https://securelifts.com/broken-spring-repair/highland-beach,true,"Broken Spring Repair in Highland Beach, FL | SecureLifts","SecureLifts provides same-day broken garage door spring repair in Highland Beach, FL for doors that will not open, feel heavy, or slammed shut.",Broken Spring Repair in Highland Beach,1135,41,Service|FAQPage|BreadcrumbList,true,true,false,false,broken-spring-repair,MANUAL_REVIEW
https://securelifts.com/broken-spring-repair/hollywood,/broken-spring-repair/[city],broken-spring-repair,hollywood,200,https://securelifts.com/broken-spring-repair/hollywood,true,"Broken Spring Repair in Hollywood, FL | SecureLifts","SecureLifts provides same-day broken garage door spring repair in Hollywood, FL for doors that will not open, feel heavy, or slammed shut.",Broken Spring Repair in Hollywood,1090,41,Service|FAQPage|BreadcrumbList,true,true,false,false,broken-spring-repair,MANUAL_REVIEW
https://securelifts.com/broken-spring-repair/homestead,/broken-spring-repair/[city],broken-spring-repair,homestead,200,https://securelifts.com/broken-spring-repair/homestead,true,"Broken Spring Repair in Homestead, FL | SecureLifts","SecureLifts provides same-day broken garage door spring repair in Homestead, FL for doors that will not open, feel heavy, or slammed shut.",Broken Spring Repair in Homestead,1081,41,Service|FAQPage|BreadcrumbList,true,true,false,false,broken-spring-repair,MANUAL_REVIEW
https://securelifts.com/broken-spring-repair/juno-beach,/broken-spring-repair/[city],broken-spring-repair,juno-beach,200,https://securelifts.com/broken-spring-repair/juno-beach,true,"Broken Spring Repair in Juno Beach, FL | SecureLifts","SecureLifts provides same-day broken garage door spring repair in Juno Beach, FL for doors that will not open, feel heavy, or slammed shut.",Broken Spring Repair in Juno Beach,1135,41,Service|FAQPage|BreadcrumbList,true,true,false,false,broken-spring-repair,MANUAL_REVIEW
https://securelifts.com/broken-spring-repair/jupiter,/broken-spring-repair/[city],broken-spring-repair,jupiter,200,https://securelifts.com/broken-spring-repair/jupiter,true,"Broken Spring Repair in Jupiter, FL | SecureLifts","SecureLifts provides same-day broken garage door spring repair in Jupiter, FL for doors that will not open, feel heavy, or slammed shut.",Broken Spring Repair in Jupiter,1082,41,Service|FAQPage|BreadcrumbList,true,true,false,false,broken-spring-repair,MANUAL_REVIEW
https://securelifts.com/broken-spring-repair/kendall,/broken-spring-repair/[city],broken-spring-repair,kendall,200,https://securelifts.com/broken-spring-repair/kendall,true,"Broken Spring Repair in Kendall, FL | SecureLifts","SecureLifts provides same-day broken garage door spring repair in Kendall, FL for doors that will not open, feel heavy, or slammed shut.",Broken Spring Repair in Kendall,1090,41,Service|FAQPage|BreadcrumbList,true,true,false,false,broken-spring-repair,MANUAL_REVIEW
https://securelifts.com/broken-spring-repair/lake-worth,/broken-spring-repair/[city],broken-spring-repair,lake-worth,200,https://securelifts.com/broken-spring-repair/lake-worth,true,"Broken Spring Repair in Lake Worth, FL | SecureLifts","SecureLifts provides same-day broken garage door spring repair in Lake Worth, FL for doors that will not open, feel heavy, or slammed shut.",Broken Spring Repair in Lake Worth,1135,41,Service|FAQPage|BreadcrumbList,true,true,false,false,broken-spring-repair,MANUAL_REVIEW
https://securelifts.com/broken-spring-repair/lauderhill,/broken-spring-repair/[city],broken-spring-repair,lauderhill,200,https://securelifts.com/broken-spring-repair/lauderhill,true,"Broken Spring Repair in Lauderhill, FL | SecureLifts","SecureLifts provides same-day broken garage door spring repair in Lauderhill, FL for doors that will not open, feel heavy, or slammed shut.",Broken Spring Repair in Lauderhill,1090,41,Service|FAQPage|BreadcrumbList,true,true,false,false,broken-spring-repair,MANUAL_REVIEW
https://securelifts.com/broken-spring-repair/lighthouse-point,/broken-spring-repair/[city],broken-spring-repair,lighthouse-point,200,https://securelifts.com/broken-spring-repair/lighthouse-point,true,"Broken Spring Repair in Lighthouse Point, FL | SecureLifts","SecureLifts provides same-day broken garage door spring repair in Lighthouse Point, FL for doors that will not open, feel heavy, or slammed shut.",Broken Spring Repair in Lighthouse Point,1135,41,Service|FAQPage|BreadcrumbList,true,true,false,false,broken-spring-repair,MANUAL_REVIEW
https://securelifts.com/broken-spring-repair/loxahatchee,/broken-spring-repair/[city],broken-spring-repair,loxahatchee,200,https://securelifts.com/broken-spring-repair/loxahatchee,true,"Broken Spring Repair in Loxahatchee, FL | SecureLifts","SecureLifts provides same-day broken garage door spring repair in Loxahatchee, FL for doors that will not open, feel heavy, or slammed shut.",Broken Spring Repair in Loxahatchee,1090,41,Service|FAQPage|BreadcrumbList,true,true,false,false,broken-spring-repair,MANUAL_REVIEW
https://securelifts.com/broken-spring-repair/medley,/broken-spring-repair/[city],broken-spring-repair,medley,200,https://securelifts.com/broken-spring-repair/medley,true,"Broken Spring Repair in Medley, FL | SecureLifts","SecureLifts provides same-day broken garage door spring repair in Medley, FL for doors that will not open, feel heavy, or slammed shut.",Broken Spring Repair in Medley,1079,41,Service|FAQPage|BreadcrumbList,true,true,false,false,broken-spring-repair,MANUAL_REVIEW
https://securelifts.com/broken-spring-repair/miami,/broken-spring-repair/[city],broken-spring-repair,miami,200,https://securelifts.com/broken-spring-repair/miami,true,"Broken Spring Repair in Miami, FL | SecureLifts","SecureLifts provides same-day broken garage door spring repair in Miami, FL for doors that will not open, feel heavy, or slammed shut.",Broken Spring Repair in Miami,1113,44,Service|FAQPage|BreadcrumbList,true,true,true,false,broken-spring-repair,IMPROVE
https://securelifts.com/broken-spring-repair/miami-beach,/broken-spring-repair/[city],broken-spring-repair,miami-beach,200,https://securelifts.com/broken-spring-repair/miami-beach,true,"Broken Spring Repair in Miami Beach, FL | SecureLifts","SecureLifts provides same-day broken garage door spring repair in Miami Beach, FL for doors that will not open, feel heavy, or slammed shut.",Broken Spring Repair in Miami Beach,1149,42,Service|FAQPage|BreadcrumbList,true,true,true,false,broken-spring-repair,IMPROVE
https://securelifts.com/broken-spring-repair/miami-gardens,/broken-spring-repair/[city],broken-spring-repair,miami-gardens,200,https://securelifts.com/broken-spring-repair/miami-gardens,true,"Broken Spring Repair in Miami Gardens, FL | SecureLifts","SecureLifts provides same-day broken garage door spring repair in Miami Gardens, FL for doors that will not open, feel heavy, or slammed shut.",Broken Spring Repair in Miami Gardens,1135,41,Service|FAQPage|BreadcrumbList,true,true,false,false,broken-spring-repair,MANUAL_REVIEW
https://securelifts.com/broken-spring-repair/miami-lakes,/broken-spring-repair/[city],broken-spring-repair,miami-lakes,200,https://securelifts.com/broken-spring-repair/miami-lakes,true,"Broken Spring Repair in Miami Lakes, FL | SecureLifts","SecureLifts provides same-day broken garage door spring repair in Miami Lakes, FL for doors that will not open, feel heavy, or slammed shut.",Broken Spring Repair in Miami Lakes,1135,41,Service|FAQPage|BreadcrumbList,true,true,false,false,broken-spring-repair,MANUAL_REVIEW
https://securelifts.com/broken-spring-repair/miramar,/broken-spring-repair/[city],broken-spring-repair,miramar,200,https://securelifts.com/broken-spring-repair/miramar,true,"Broken Spring Repair in Miramar, FL | SecureLifts","SecureLifts provides same-day broken garage door spring repair in Miramar, FL for doors that will not open, feel heavy, or slammed shut.",Broken Spring Repair in Miramar,1077,40,Service|FAQPage|BreadcrumbList,true,true,false,false,broken-spring-repair,MANUAL_REVIEW
https://securelifts.com/broken-spring-repair/north-palm-beach,/broken-spring-repair/[city],broken-spring-repair,north-palm-beach,200,https://securelifts.com/broken-spring-repair/north-palm-beach,true,"Broken Spring Repair in North Palm Beach, FL | SecureLifts","SecureLifts provides same-day broken garage door spring repair in North Palm Beach, FL for doors that will not open, feel heavy, or slammed shut.",Broken Spring Repair in North Palm Beach,1180,41,Service|FAQPage|BreadcrumbList,true,true,false,false,broken-spring-repair,MANUAL_REVIEW
https://securelifts.com/broken-spring-repair/oakland-park,/broken-spring-repair/[city],broken-spring-repair,oakland-park,200,https://securelifts.com/broken-spring-repair/oakland-park,true,"Broken Spring Repair in Oakland Park, FL | SecureLifts","SecureLifts provides same-day broken garage door spring repair in Oakland Park, FL for doors that will not open, feel heavy, or slammed shut.",Broken Spring Repair in Oakland Park,1135,41,Service|FAQPage|BreadcrumbList,true,true,false,false,broken-spring-repair,MANUAL_REVIEW
https://securelifts.com/broken-spring-repair/palm-beach,/broken-spring-repair/[city],broken-spring-repair,palm-beach,200,https://securelifts.com/broken-spring-repair/palm-beach,true,"Broken Spring Repair in Palm Beach, FL | SecureLifts","SecureLifts provides same-day broken garage door spring repair in Palm Beach, FL for doors that will not open, feel heavy, or slammed shut.",Broken Spring Repair in Palm Beach,1135,41,Service|FAQPage|BreadcrumbList,true,true,false,false,broken-spring-repair,MANUAL_REVIEW
https://securelifts.com/broken-spring-repair/palm-beach-gardens,/broken-spring-repair/[city],broken-spring-repair,palm-beach-gardens,200,https://securelifts.com/broken-spring-repair/palm-beach-gardens,true,"Broken Spring Repair in Palm Beach Gardens, FL | SecureLifts","SecureLifts provides same-day broken garage door spring repair in Palm Beach Gardens, FL for doors that will not open, feel heavy, or slammed shut.",Broken Spring Repair in Palm Beach Gardens,1167,41,Service|FAQPage|BreadcrumbList,true,true,false,false,broken-spring-repair,MANUAL_REVIEW
https://securelifts.com/broken-spring-repair/palmetto-bay,/broken-spring-repair/[city],broken-spring-repair,palmetto-bay,200,https://securelifts.com/broken-spring-repair/palmetto-bay,true,"Broken Spring Repair in Palmetto Bay, FL | SecureLifts","SecureLifts provides same-day broken garage door spring repair in Palmetto Bay, FL for doors that will not open, feel heavy, or slammed shut.",Broken Spring Repair in Palmetto Bay,1135,41,Service|FAQPage|BreadcrumbList,true,true,false,false,broken-spring-repair,MANUAL_REVIEW
https://securelifts.com/broken-spring-repair/parkland,/broken-spring-repair/[city],broken-spring-repair,parkland,200,https://securelifts.com/broken-spring-repair/parkland,true,"Broken Spring Repair in Parkland, FL | SecureLifts","SecureLifts provides same-day broken garage door spring repair in Parkland, FL for doors that will not open, feel heavy, or slammed shut.",Broken Spring Repair in Parkland,1090,41,Service|FAQPage|BreadcrumbList,true,true,false,false,broken-spring-repair,MANUAL_REVIEW
https://securelifts.com/broken-spring-repair/pembroke-pines,/broken-spring-repair/[city],broken-spring-repair,pembroke-pines,200,https://securelifts.com/broken-spring-repair/pembroke-pines,true,"Broken Spring Repair in Pembroke Pines, FL | SecureLifts","SecureLifts provides same-day broken garage door spring repair in Pembroke Pines, FL for doors that will not open, feel heavy, or slammed shut.",Broken Spring Repair in Pembroke Pines,1135,41,Service|FAQPage|BreadcrumbList,true,true,false,false,broken-spring-repair,MANUAL_REVIEW
https://securelifts.com/broken-spring-repair/pinecrest,/broken-spring-repair/[city],broken-spring-repair,pinecrest,200,https://securelifts.com/broken-spring-repair/pinecrest,true,"Broken Spring Repair in Pinecrest, FL | SecureLifts","SecureLifts provides same-day broken garage door spring repair in Pinecrest, FL for doors that will not open, feel heavy, or slammed shut.",Broken Spring Repair in Pinecrest,1081,41,Service|FAQPage|BreadcrumbList,true,true,false,false,broken-spring-repair,MANUAL_REVIEW
https://securelifts.com/broken-spring-repair/plantation,/broken-spring-repair/[city],broken-spring-repair,plantation,200,https://securelifts.com/broken-spring-repair/plantation,true,"Broken Spring Repair in Plantation, FL | SecureLifts","SecureLifts provides same-day broken garage door spring repair in Plantation, FL for doors that will not open, feel heavy, or slammed shut.",Broken Spring Repair in Plantation,1090,41,Service|FAQPage|BreadcrumbList,true,true,false,false,broken-spring-repair,MANUAL_REVIEW
https://securelifts.com/broken-spring-repair/pompano-beach,/broken-spring-repair/[city],broken-spring-repair,pompano-beach,200,https://securelifts.com/broken-spring-repair/pompano-beach,true,"Broken Spring Repair in Pompano Beach, FL | SecureLifts","SecureLifts provides same-day broken garage door spring repair in Pompano Beach, FL for doors that will not open, feel heavy, or slammed shut.",Broken Spring Repair in Pompano Beach,1135,41,Service|FAQPage|BreadcrumbList,true,true,false,false,broken-spring-repair,MANUAL_REVIEW
https://securelifts.com/broken-spring-repair/port-st-lucie,/broken-spring-repair/[city],broken-spring-repair,port-st-lucie,200,https://securelifts.com/broken-spring-repair/port-st-lucie,true,"Broken Spring Repair in Port St Lucie, FL | SecureLifts","SecureLifts provides same-day broken garage door spring repair in Port St Lucie, FL for doors that will not open, feel heavy, or slammed shut.",Broken Spring Repair in Port St Lucie,1180,41,Service|FAQPage|BreadcrumbList,true,true,false,false,broken-spring-repair,MANUAL_REVIEW
https://securelifts.com/broken-spring-repair/riviera-beach,/broken-spring-repair/[city],broken-spring-repair,riviera-beach,200,https://securelifts.com/broken-spring-repair/riviera-beach,true,"Broken Spring Repair in Riviera Beach, FL | SecureLifts","SecureLifts provides same-day broken garage door spring repair in Riviera Beach, FL for doors that will not open, feel heavy, or slammed shut.",Broken Spring Repair in Riviera Beach,1135,41,Service|FAQPage|BreadcrumbList,true,true,false,false,broken-spring-repair,MANUAL_REVIEW
https://securelifts.com/broken-spring-repair/royal-palm-beach,/broken-spring-repair/[city],broken-spring-repair,royal-palm-beach,200,https://securelifts.com/broken-spring-repair/royal-palm-beach,true,"Broken Spring Repair in Royal Palm Beach, FL | SecureLifts","SecureLifts provides same-day broken garage door spring repair in Royal Palm Beach, FL for doors that will not open, feel heavy, or slammed shut.",Broken Spring Repair in Royal Palm Beach,1165,41,Service|FAQPage|BreadcrumbList,true,true,false,false,broken-spring-repair,MANUAL_REVIEW
https://securelifts.com/broken-spring-repair/stuart,/broken-spring-repair/[city],broken-spring-repair,stuart,200,https://securelifts.com/broken-spring-repair/stuart,true,"Broken Spring Repair in Stuart, FL | SecureLifts","SecureLifts provides same-day broken garage door spring repair in Stuart, FL for doors that will not open, feel heavy, or slammed shut.",Broken Spring Repair in Stuart,1090,41,Service|FAQPage|BreadcrumbList,true,true,false,false,broken-spring-repair,MANUAL_REVIEW
https://securelifts.com/broken-spring-repair/sunny-isles-beach,/broken-spring-repair/[city],broken-spring-repair,sunny-isles-beach,200,https://securelifts.com/broken-spring-repair/sunny-isles-beach,true,"Broken Spring Repair in Sunny Isles Beach, FL | SecureLifts","SecureLifts provides same-day broken garage door spring repair in Sunny Isles Beach, FL for doors that will not open, feel heavy, or slammed shut.",Broken Spring Repair in Sunny Isles Beach,1180,41,Service|FAQPage|BreadcrumbList,true,true,false,false,broken-spring-repair,MANUAL_REVIEW
https://securelifts.com/broken-spring-repair/sunrise,/broken-spring-repair/[city],broken-spring-repair,sunrise,200,https://securelifts.com/broken-spring-repair/sunrise,true,"Broken Spring Repair in Sunrise, FL | SecureLifts","SecureLifts provides same-day broken garage door spring repair in Sunrise, FL for doors that will not open, feel heavy, or slammed shut.",Broken Spring Repair in Sunrise,1090,41,Service|FAQPage|BreadcrumbList,true,true,false,false,broken-spring-repair,MANUAL_REVIEW
https://securelifts.com/broken-spring-repair/tamarac,/broken-spring-repair/[city],broken-spring-repair,tamarac,200,https://securelifts.com/broken-spring-repair/tamarac,true,"Broken Spring Repair in Tamarac, FL | SecureLifts","SecureLifts provides same-day broken garage door spring repair in Tamarac, FL for doors that will not open, feel heavy, or slammed shut.",Broken Spring Repair in Tamarac,1090,41,Service|FAQPage|BreadcrumbList,true,true,false,false,broken-spring-repair,MANUAL_REVIEW
https://securelifts.com/broken-spring-repair/tequesta,/broken-spring-repair/[city],broken-spring-repair,tequesta,200,https://securelifts.com/broken-spring-repair/tequesta,true,"Broken Spring Repair in Tequesta, FL | SecureLifts","SecureLifts provides same-day broken garage door spring repair in Tequesta, FL for doors that will not open, feel heavy, or slammed shut.",Broken Spring Repair in Tequesta,1090,41,Service|FAQPage|BreadcrumbList,true,true,false,false,broken-spring-repair,MANUAL_REVIEW
https://securelifts.com/broken-spring-repair/wellington,/broken-spring-repair/[city],broken-spring-repair,wellington,200,https://securelifts.com/broken-spring-repair/wellington,true,"Broken Spring Repair in Wellington, FL | SecureLifts","SecureLifts provides same-day broken garage door spring repair in Wellington, FL for doors that will not open, feel heavy, or slammed shut.",Broken Spring Repair in Wellington,1081,41,Service|FAQPage|BreadcrumbList,true,true,false,false,broken-spring-repair,MANUAL_REVIEW
https://securelifts.com/broken-spring-repair/west-palm-beach,/broken-spring-repair/[city],broken-spring-repair,west-palm-beach,200,https://securelifts.com/broken-spring-repair/west-palm-beach,true,"Broken Spring Repair in West Palm Beach, FL | SecureLifts","SecureLifts provides same-day broken garage door spring repair in West Palm Beach, FL for doors that will not open, feel heavy, or slammed shut.",Broken Spring Repair in West Palm Beach,1172,41,Service|FAQPage|BreadcrumbList,true,true,false,false,broken-spring-repair,MANUAL_REVIEW
https://securelifts.com/broken-spring-repair/weston,/broken-spring-repair/[city],broken-spring-repair,weston,200,https://securelifts.com/broken-spring-repair/weston,true,"Broken Spring Repair in Weston, FL | SecureLifts","SecureLifts provides same-day broken garage door spring repair in Weston, FL for doors that will not open, feel heavy, or slammed shut.",Broken Spring Repair in Weston,1090,41,Service|FAQPage|BreadcrumbList,true,true,false,false,broken-spring-repair,MANUAL_REVIEW
https://securelifts.com/broken-spring-repair/wilton-manors,/broken-spring-repair/[city],broken-spring-repair,wilton-manors,200,https://securelifts.com/broken-spring-repair/wilton-manors,true,"Broken Spring Repair in Wilton Manors, FL | SecureLifts","SecureLifts provides same-day broken garage door spring repair in Wilton Manors, FL for doors that will not open, feel heavy, or slammed shut.",Broken Spring Repair in Wilton Manors,1135,41,Service|FAQPage|BreadcrumbList,true,true,false,false,broken-spring-repair,MANUAL_REVIEW
https://securelifts.com/commercial-garage-door-installation/aventura,/commercial-garage-door-installation/[city],commercial-garage-door-installation,aventura,200,https://securelifts.com/commercial-garage-door-installation/aventura,true,Commercial Garage Door Installation in Aventura | SecureLifts,"SecureLifts provides commercial garage door installation in Aventura for warehouses, retail buildings, industrial properties, service facilities, and other business properties that need long-term performance.",Commercial Garage Door Installation in Aventura,680,26,,false,true,false,false,commercial-garage-door-installation,MANUAL_REVIEW
https://securelifts.com/commercial-garage-door-installation/boca-raton,/commercial-garage-door-installation/[city],commercial-garage-door-installation,boca-raton,200,https://securelifts.com/commercial-garage-door-installation/boca-raton,true,Commercial Garage Door Installation in Boca Raton | SecureLifts,"SecureLifts provides commercial garage door installation in Boca Raton for warehouses, retail buildings, industrial properties, service facilities, and other business properties that need long-term performance.",Commercial Garage Door Installation in Boca Raton,695,26,,false,true,false,false,commercial-garage-door-installation,MANUAL_REVIEW
https://securelifts.com/commercial-garage-door-installation/boynton-beach,/commercial-garage-door-installation/[city],commercial-garage-door-installation,boynton-beach,200,https://securelifts.com/commercial-garage-door-installation/boynton-beach,true,Commercial Garage Door Installation in Boynton Beach | SecureLifts,"SecureLifts provides commercial garage door installation in Boynton Beach for warehouses, retail buildings, industrial properties, service facilities, and other business properties that need long-term performance.",Commercial Garage Door Installation in Boynton Beach,692,26,,false,true,false,false,commercial-garage-door-installation,MANUAL_REVIEW
https://securelifts.com/commercial-garage-door-installation/coral-gables,/commercial-garage-door-installation/[city],commercial-garage-door-installation,coral-gables,200,https://securelifts.com/commercial-garage-door-installation/coral-gables,true,Commercial Garage Door Installation in Coral Gables | SecureLifts,"SecureLifts provides commercial garage door installation in Coral Gables for warehouses, retail buildings, industrial properties, service facilities, and other business properties that need long-term performance.",Commercial Garage Door Installation in Coral Gables,700,26,,false,true,false,false,commercial-garage-door-installation,MANUAL_REVIEW
https://securelifts.com/commercial-garage-door-installation/coral-springs,/commercial-garage-door-installation/[city],commercial-garage-door-installation,coral-springs,200,https://securelifts.com/commercial-garage-door-installation/coral-springs,true,Commercial Garage Door Installation in Coral Springs | SecureLifts,"SecureLifts provides commercial garage door installation in Coral Springs for warehouses, retail buildings, industrial properties, service facilities, and other business properties that need long-term performance.",Commercial Garage Door Installation in Coral Springs,700,26,,false,true,false,false,commercial-garage-door-installation,MANUAL_REVIEW
https://securelifts.com/commercial-garage-door-installation/cutler-bay,/commercial-garage-door-installation/[city],commercial-garage-door-installation,cutler-bay,200,https://securelifts.com/commercial-garage-door-installation/cutler-bay,true,Commercial Garage Door Installation in Cutler Bay | SecureLifts,"SecureLifts provides commercial garage door installation in Cutler Bay for warehouses, retail buildings, industrial properties, service facilities, and other business properties that need long-term performance.",Commercial Garage Door Installation in Cutler Bay,700,26,,false,true,false,false,commercial-garage-door-installation,MANUAL_REVIEW
https://securelifts.com/commercial-garage-door-installation/davie,/commercial-garage-door-installation/[city],commercial-garage-door-installation,davie,200,https://securelifts.com/commercial-garage-door-installation/davie,true,Commercial Garage Door Installation in Davie | SecureLifts,"SecureLifts provides commercial garage door installation in Davie for warehouses, retail buildings, industrial properties, service facilities, and other business properties that need long-term performance.",Commercial Garage Door Installation in Davie,673,26,,false,true,false,false,commercial-garage-door-installation,MANUAL_REVIEW
https://securelifts.com/commercial-garage-door-installation/deerfield-beach,/commercial-garage-door-installation/[city],commercial-garage-door-installation,deerfield-beach,200,https://securelifts.com/commercial-garage-door-installation/deerfield-beach,true,Commercial Garage Door Installation in Deerfield Beach | SecureLifts,"SecureLifts provides commercial garage door installation in Deerfield Beach for warehouses, retail buildings, industrial properties, service facilities, and other business properties that need long-term performance.",Commercial Garage Door Installation in Deerfield Beach,700,26,,false,true,false,false,commercial-garage-door-installation,MANUAL_REVIEW
https://securelifts.com/commercial-garage-door-installation/delray-beach,/commercial-garage-door-installation/[city],commercial-garage-door-installation,delray-beach,200,https://securelifts.com/commercial-garage-door-installation/delray-beach,true,Commercial Garage Door Installation in Delray Beach | SecureLifts,"SecureLifts provides commercial garage door installation in Delray Beach for warehouses, retail buildings, industrial properties, service facilities, and other business properties that need long-term performance.",Commercial Garage Door Installation in Delray Beach,694,26,,false,true,false,false,commercial-garage-door-installation,MANUAL_REVIEW
https://securelifts.com/commercial-garage-door-installation/doral,/commercial-garage-door-installation/[city],commercial-garage-door-installation,doral,200,https://securelifts.com/commercial-garage-door-installation/doral,true,Commercial Garage Door Installation in Doral | SecureLifts,"SecureLifts provides commercial garage door installation in Doral for warehouses, retail buildings, industrial properties, service facilities, and other business properties that need long-term performance.",Commercial Garage Door Installation in Doral,672,26,,false,true,false,false,commercial-garage-door-installation,MANUAL_REVIEW
https://securelifts.com/commercial-garage-door-installation/fort-lauderdale,/commercial-garage-door-installation/[city],commercial-garage-door-installation,fort-lauderdale,200,https://securelifts.com/commercial-garage-door-installation/fort-lauderdale,true,Commercial Garage Door Installation in Fort Lauderdale | SecureLifts,"SecureLifts provides commercial garage door installation in Fort Lauderdale for warehouses, retail buildings, industrial properties, service facilities, and other business properties that need long-term performance.",Commercial Garage Door Installation in Fort Lauderdale,694,26,,false,true,false,false,commercial-garage-door-installation,MANUAL_REVIEW
https://securelifts.com/commercial-garage-door-installation/greenacres,/commercial-garage-door-installation/[city],commercial-garage-door-installation,greenacres,200,https://securelifts.com/commercial-garage-door-installation/greenacres,true,Commercial Garage Door Installation in Greenacres | SecureLifts,"SecureLifts provides commercial garage door installation in Greenacres for warehouses, retail buildings, industrial properties, service facilities, and other business properties that need long-term performance.",Commercial Garage Door Installation in Greenacres,680,26,,false,true,false,false,commercial-garage-door-installation,MANUAL_REVIEW
https://securelifts.com/commercial-garage-door-installation/hallandale-beach,/commercial-garage-door-installation/[city],commercial-garage-door-installation,hallandale-beach,200,https://securelifts.com/commercial-garage-door-installation/hallandale-beach,true,Commercial Garage Door Installation in Hallandale Beach | SecureLifts,"SecureLifts provides commercial garage door installation in Hallandale Beach for warehouses, retail buildings, industrial properties, service facilities, and other business properties that need long-term performance.",Commercial Garage Door Installation in Hallandale Beach,692,26,,false,true,false,false,commercial-garage-door-installation,MANUAL_REVIEW
https://securelifts.com/commercial-garage-door-installation/hialeah,/commercial-garage-door-installation/[city],commercial-garage-door-installation,hialeah,200,https://securelifts.com/commercial-garage-door-installation/hialeah,true,Commercial Garage Door Installation in Hialeah | SecureLifts,"SecureLifts provides commercial garage door installation in Hialeah for warehouses, retail buildings, industrial properties, service facilities, and other business properties that need long-term performance.",Commercial Garage Door Installation in Hialeah,674,26,,false,true,false,false,commercial-garage-door-installation,MANUAL_REVIEW
https://securelifts.com/commercial-garage-door-installation/hialeah-gardens,/commercial-garage-door-installation/[city],commercial-garage-door-installation,hialeah-gardens,200,https://securelifts.com/commercial-garage-door-installation/hialeah-gardens,true,Commercial Garage Door Installation in Hialeah Gardens | SecureLifts,"SecureLifts provides commercial garage door installation in Hialeah Gardens for warehouses, retail buildings, industrial properties, service facilities, and other business properties that need long-term performance.",Commercial Garage Door Installation in Hialeah Gardens,700,26,,false,true,false,false,commercial-garage-door-installation,MANUAL_REVIEW
https://securelifts.com/commercial-garage-door-installation/highland-beach,/commercial-garage-door-installation/[city],commercial-garage-door-installation,highland-beach,200,https://securelifts.com/commercial-garage-door-installation/highland-beach,true,Commercial Garage Door Installation in Highland Beach | SecureLifts,"SecureLifts provides commercial garage door installation in Highland Beach for warehouses, retail buildings, industrial properties, service facilities, and other business properties that need long-term performance.",Commercial Garage Door Installation in Highland Beach,700,26,,false,true,false,false,commercial-garage-door-installation,MANUAL_REVIEW
https://securelifts.com/commercial-garage-door-installation/hollywood,/commercial-garage-door-installation/[city],commercial-garage-door-installation,hollywood,200,https://securelifts.com/commercial-garage-door-installation/hollywood,true,Commercial Garage Door Installation in Hollywood | SecureLifts,"SecureLifts provides commercial garage door installation in Hollywood for warehouses, retail buildings, industrial properties, service facilities, and other business properties that need long-term performance.",Commercial Garage Door Installation in Hollywood,673,26,,false,true,false,false,commercial-garage-door-installation,MANUAL_REVIEW
https://securelifts.com/commercial-garage-door-installation/homestead,/commercial-garage-door-installation/[city],commercial-garage-door-installation,homestead,200,https://securelifts.com/commercial-garage-door-installation/homestead,true,Commercial Garage Door Installation in Homestead | SecureLifts,"SecureLifts provides commercial garage door installation in Homestead for warehouses, retail buildings, industrial properties, service facilities, and other business properties that need long-term performance.",Commercial Garage Door Installation in Homestead,673,26,,false,true,false,false,commercial-garage-door-installation,MANUAL_REVIEW
https://securelifts.com/commercial-garage-door-installation/juno-beach,/commercial-garage-door-installation/[city],commercial-garage-door-installation,juno-beach,200,https://securelifts.com/commercial-garage-door-installation/juno-beach,true,Commercial Garage Door Installation in Juno Beach | SecureLifts,"SecureLifts provides commercial garage door installation in Juno Beach for warehouses, retail buildings, industrial properties, service facilities, and other business properties that need long-term performance.",Commercial Garage Door Installation in Juno Beach,700,26,,false,true,false,false,commercial-garage-door-installation,MANUAL_REVIEW
https://securelifts.com/commercial-garage-door-installation/jupiter,/commercial-garage-door-installation/[city],commercial-garage-door-installation,jupiter,200,https://securelifts.com/commercial-garage-door-installation/jupiter,true,Commercial Garage Door Installation in Jupiter | SecureLifts,"SecureLifts provides commercial garage door installation in Jupiter for warehouses, retail buildings, industrial properties, service facilities, and other business properties that need long-term performance.",Commercial Garage Door Installation in Jupiter,678,26,,false,true,false,false,commercial-garage-door-installation,MANUAL_REVIEW
https://securelifts.com/commercial-garage-door-installation/kendall,/commercial-garage-door-installation/[city],commercial-garage-door-installation,kendall,200,https://securelifts.com/commercial-garage-door-installation/kendall,true,Commercial Garage Door Installation in Kendall | SecureLifts,"SecureLifts provides commercial garage door installation in Kendall for warehouses, retail buildings, industrial properties, service facilities, and other business properties that need long-term performance.",Commercial Garage Door Installation in Kendall,680,26,,false,true,false,false,commercial-garage-door-installation,MANUAL_REVIEW
https://securelifts.com/commercial-garage-door-installation/lake-worth,/commercial-garage-door-installation/[city],commercial-garage-door-installation,lake-worth,200,https://securelifts.com/commercial-garage-door-installation/lake-worth,true,Commercial Garage Door Installation in Lake Worth | SecureLifts,"SecureLifts provides commercial garage door installation in Lake Worth for warehouses, retail buildings, industrial properties, service facilities, and other business properties that need long-term performance.",Commercial Garage Door Installation in Lake Worth,700,26,,false,true,false,false,commercial-garage-door-installation,MANUAL_REVIEW
https://securelifts.com/commercial-garage-door-installation/lauderhill,/commercial-garage-door-installation/[city],commercial-garage-door-installation,lauderhill,200,https://securelifts.com/commercial-garage-door-installation/lauderhill,true,Commercial Garage Door Installation in Lauderhill | SecureLifts,"SecureLifts provides commercial garage door installation in Lauderhill for warehouses, retail buildings, industrial properties, service facilities, and other business properties that need long-term performance.",Commercial Garage Door Installation in Lauderhill,680,26,,false,true,false,false,commercial-garage-door-installation,MANUAL_REVIEW
https://securelifts.com/commercial-garage-door-installation/lighthouse-point,/commercial-garage-door-installation/[city],commercial-garage-door-installation,lighthouse-point,200,https://securelifts.com/commercial-garage-door-installation/lighthouse-point,true,Commercial Garage Door Installation in Lighthouse Point | SecureLifts,"SecureLifts provides commercial garage door installation in Lighthouse Point for warehouses, retail buildings, industrial properties, service facilities, and other business properties that need long-term performance.",Commercial Garage Door Installation in Lighthouse Point,700,26,,false,true,false,false,commercial-garage-door-installation,MANUAL_REVIEW
https://securelifts.com/commercial-garage-door-installation/loxahatchee,/commercial-garage-door-installation/[city],commercial-garage-door-installation,loxahatchee,200,https://securelifts.com/commercial-garage-door-installation/loxahatchee,true,Commercial Garage Door Installation in Loxahatchee | SecureLifts,"SecureLifts provides commercial garage door installation in Loxahatchee for warehouses, retail buildings, industrial properties, service facilities, and other business properties that need long-term performance.",Commercial Garage Door Installation in Loxahatchee,680,26,,false,true,false,false,commercial-garage-door-installation,MANUAL_REVIEW
https://securelifts.com/commercial-garage-door-installation/medley,/commercial-garage-door-installation/[city],commercial-garage-door-installation,medley,200,https://securelifts.com/commercial-garage-door-installation/medley,true,Commercial Garage Door Installation in Medley | SecureLifts,"SecureLifts provides commercial garage door installation in Medley for warehouses, retail buildings, industrial properties, service facilities, and other business properties that need long-term performance.",Commercial Garage Door Installation in Medley,672,26,,false,true,false,false,commercial-garage-door-installation,MANUAL_REVIEW
https://securelifts.com/commercial-garage-door-installation/miami,/commercial-garage-door-installation/[city],commercial-garage-door-installation,miami,200,https://securelifts.com/commercial-garage-door-installation/miami,true,Commercial Garage Door Installation in Miami | SecureLifts,"SecureLifts provides commercial garage door installation in Miami for warehouses, retail buildings, industrial properties, service facilities, and other business properties that need long-term performance.",Commercial Garage Door Installation in Miami,674,26,,false,true,false,false,commercial-garage-door-installation,MANUAL_REVIEW
https://securelifts.com/commercial-garage-door-installation/miami-beach,/commercial-garage-door-installation/[city],commercial-garage-door-installation,miami-beach,200,https://securelifts.com/commercial-garage-door-installation/miami-beach,true,Commercial Garage Door Installation in Miami Beach | SecureLifts,"SecureLifts provides commercial garage door installation in Miami Beach for warehouses, retail buildings, industrial properties, service facilities, and other business properties that need long-term performance.",Commercial Garage Door Installation in Miami Beach,700,26,,false,true,false,false,commercial-garage-door-installation,MANUAL_REVIEW
https://securelifts.com/commercial-garage-door-installation/miami-gardens,/commercial-garage-door-installation/[city],commercial-garage-door-installation,miami-gardens,200,https://securelifts.com/commercial-garage-door-installation/miami-gardens,true,Commercial Garage Door Installation in Miami Gardens | SecureLifts,"SecureLifts provides commercial garage door installation in Miami Gardens for warehouses, retail buildings, industrial properties, service facilities, and other business properties that need long-term performance.",Commercial Garage Door Installation in Miami Gardens,700,26,,false,true,false,false,commercial-garage-door-installation,MANUAL_REVIEW
https://securelifts.com/commercial-garage-door-installation/miami-lakes,/commercial-garage-door-installation/[city],commercial-garage-door-installation,miami-lakes,200,https://securelifts.com/commercial-garage-door-installation/miami-lakes,true,Commercial Garage Door Installation in Miami Lakes | SecureLifts,"SecureLifts provides commercial garage door installation in Miami Lakes for warehouses, retail buildings, industrial properties, service facilities, and other business properties that need long-term performance.",Commercial Garage Door Installation in Miami Lakes,700,26,,false,true,false,false,commercial-garage-door-installation,MANUAL_REVIEW
https://securelifts.com/commercial-garage-door-installation/miramar,/commercial-garage-door-installation/[city],commercial-garage-door-installation,miramar,200,https://securelifts.com/commercial-garage-door-installation/miramar,true,Commercial Garage Door Installation in Miramar | SecureLifts,"SecureLifts provides commercial garage door installation in Miramar for warehouses, retail buildings, industrial properties, service facilities, and other business properties that need long-term performance.",Commercial Garage Door Installation in Miramar,674,26,,false,true,false,false,commercial-garage-door-installation,MANUAL_REVIEW
https://securelifts.com/commercial-garage-door-installation/north-palm-beach,/commercial-garage-door-installation/[city],commercial-garage-door-installation,north-palm-beach,200,https://securelifts.com/commercial-garage-door-installation/north-palm-beach,true,Commercial Garage Door Installation in North Palm Beach | SecureLifts,"SecureLifts provides commercial garage door installation in North Palm Beach for warehouses, retail buildings, industrial properties, service facilities, and other business properties that need long-term performance.",Commercial Garage Door Installation in North Palm Beach,720,26,,false,true,false,false,commercial-garage-door-installation,MANUAL_REVIEW
https://securelifts.com/commercial-garage-door-installation/oakland-park,/commercial-garage-door-installation/[city],commercial-garage-door-installation,oakland-park,200,https://securelifts.com/commercial-garage-door-installation/oakland-park,true,Commercial Garage Door Installation in Oakland Park | SecureLifts,"SecureLifts provides commercial garage door installation in Oakland Park for warehouses, retail buildings, industrial properties, service facilities, and other business properties that need long-term performance.",Commercial Garage Door Installation in Oakland Park,700,26,,false,true,false,false,commercial-garage-door-installation,MANUAL_REVIEW
https://securelifts.com/commercial-garage-door-installation/palm-beach,/commercial-garage-door-installation/[city],commercial-garage-door-installation,palm-beach,200,https://securelifts.com/commercial-garage-door-installation/palm-beach,true,Commercial Garage Door Installation in Palm Beach | SecureLifts,"SecureLifts provides commercial garage door installation in Palm Beach for warehouses, retail buildings, industrial properties, service facilities, and other business properties that need long-term performance.",Commercial Garage Door Installation in Palm Beach,700,26,,false,true,false,false,commercial-garage-door-installation,MANUAL_REVIEW
https://securelifts.com/commercial-garage-door-installation/palm-beach-gardens,/commercial-garage-door-installation/[city],commercial-garage-door-installation,palm-beach-gardens,200,https://securelifts.com/commercial-garage-door-installation/palm-beach-gardens,true,Commercial Garage Door Installation in Palm Beach Gardens | SecureLifts,"SecureLifts provides commercial garage door installation in Palm Beach Gardens for warehouses, retail buildings, industrial properties, service facilities, and other business properties that need long-term performance.",Commercial Garage Door Installation in Palm Beach Gardens,715,26,,false,true,false,false,commercial-garage-door-installation,MANUAL_REVIEW
https://securelifts.com/commercial-garage-door-installation/palmetto-bay,/commercial-garage-door-installation/[city],commercial-garage-door-installation,palmetto-bay,200,https://securelifts.com/commercial-garage-door-installation/palmetto-bay,true,Commercial Garage Door Installation in Palmetto Bay | SecureLifts,"SecureLifts provides commercial garage door installation in Palmetto Bay for warehouses, retail buildings, industrial properties, service facilities, and other business properties that need long-term performance.",Commercial Garage Door Installation in Palmetto Bay,700,26,,false,true,false,false,commercial-garage-door-installation,MANUAL_REVIEW
https://securelifts.com/commercial-garage-door-installation/parkland,/commercial-garage-door-installation/[city],commercial-garage-door-installation,parkland,200,https://securelifts.com/commercial-garage-door-installation/parkland,true,Commercial Garage Door Installation in Parkland | SecureLifts,"SecureLifts provides commercial garage door installation in Parkland for warehouses, retail buildings, industrial properties, service facilities, and other business properties that need long-term performance.",Commercial Garage Door Installation in Parkland,680,26,,false,true,false,false,commercial-garage-door-installation,MANUAL_REVIEW
https://securelifts.com/commercial-garage-door-installation/pembroke-pines,/commercial-garage-door-installation/[city],commercial-garage-door-installation,pembroke-pines,200,https://securelifts.com/commercial-garage-door-installation/pembroke-pines,true,Commercial Garage Door Installation in Pembroke Pines | SecureLifts,"SecureLifts provides commercial garage door installation in Pembroke Pines for warehouses, retail buildings, industrial properties, service facilities, and other business properties that need long-term performance.",Commercial Garage Door Installation in Pembroke Pines,700,26,,false,true,false,false,commercial-garage-door-installation,MANUAL_REVIEW
https://securelifts.com/commercial-garage-door-installation/pinecrest,/commercial-garage-door-installation/[city],commercial-garage-door-installation,pinecrest,200,https://securelifts.com/commercial-garage-door-installation/pinecrest,true,Commercial Garage Door Installation in Pinecrest | SecureLifts,"SecureLifts provides commercial garage door installation in Pinecrest for warehouses, retail buildings, industrial properties, service facilities, and other business properties that need long-term performance.",Commercial Garage Door Installation in Pinecrest,673,26,,false,true,false,false,commercial-garage-door-installation,MANUAL_REVIEW
https://securelifts.com/commercial-garage-door-installation/plantation,/commercial-garage-door-installation/[city],commercial-garage-door-installation,plantation,200,https://securelifts.com/commercial-garage-door-installation/plantation,true,Commercial Garage Door Installation in Plantation | SecureLifts,"SecureLifts provides commercial garage door installation in Plantation for warehouses, retail buildings, industrial properties, service facilities, and other business properties that need long-term performance.",Commercial Garage Door Installation in Plantation,680,26,,false,true,false,false,commercial-garage-door-installation,MANUAL_REVIEW
https://securelifts.com/commercial-garage-door-installation/pompano-beach,/commercial-garage-door-installation/[city],commercial-garage-door-installation,pompano-beach,200,https://securelifts.com/commercial-garage-door-installation/pompano-beach,true,Commercial Garage Door Installation in Pompano Beach | SecureLifts,"SecureLifts provides commercial garage door installation in Pompano Beach for warehouses, retail buildings, industrial properties, service facilities, and other business properties that need long-term performance.",Commercial Garage Door Installation in Pompano Beach,700,26,,false,true,false,false,commercial-garage-door-installation,MANUAL_REVIEW
https://securelifts.com/commercial-garage-door-installation/port-st-lucie,/commercial-garage-door-installation/[city],commercial-garage-door-installation,port-st-lucie,200,https://securelifts.com/commercial-garage-door-installation/port-st-lucie,true,Commercial Garage Door Installation in Port St Lucie | SecureLifts,"SecureLifts provides commercial garage door installation in Port St Lucie for warehouses, retail buildings, industrial properties, service facilities, and other business properties that need long-term performance.",Commercial Garage Door Installation in Port St Lucie,720,26,,false,true,false,false,commercial-garage-door-installation,MANUAL_REVIEW
https://securelifts.com/commercial-garage-door-installation/riviera-beach,/commercial-garage-door-installation/[city],commercial-garage-door-installation,riviera-beach,200,https://securelifts.com/commercial-garage-door-installation/riviera-beach,true,Commercial Garage Door Installation in Riviera Beach | SecureLifts,"SecureLifts provides commercial garage door installation in Riviera Beach for warehouses, retail buildings, industrial properties, service facilities, and other business properties that need long-term performance.",Commercial Garage Door Installation in Riviera Beach,700,26,,false,true,false,false,commercial-garage-door-installation,MANUAL_REVIEW
https://securelifts.com/commercial-garage-door-installation/royal-palm-beach,/commercial-garage-door-installation/[city],commercial-garage-door-installation,royal-palm-beach,200,https://securelifts.com/commercial-garage-door-installation/royal-palm-beach,true,Commercial Garage Door Installation in Royal Palm Beach | SecureLifts,"SecureLifts provides commercial garage door installation in Royal Palm Beach for warehouses, retail buildings, industrial properties, service facilities, and other business properties that need long-term performance.",Commercial Garage Door Installation in Royal Palm Beach,712,26,,false,true,false,false,commercial-garage-door-installation,MANUAL_REVIEW
https://securelifts.com/commercial-garage-door-installation/stuart,/commercial-garage-door-installation/[city],commercial-garage-door-installation,stuart,200,https://securelifts.com/commercial-garage-door-installation/stuart,true,Commercial Garage Door Installation in Stuart | SecureLifts,"SecureLifts provides commercial garage door installation in Stuart for warehouses, retail buildings, industrial properties, service facilities, and other business properties that need long-term performance.",Commercial Garage Door Installation in Stuart,680,26,,false,true,false,false,commercial-garage-door-installation,MANUAL_REVIEW
https://securelifts.com/commercial-garage-door-installation/sunny-isles-beach,/commercial-garage-door-installation/[city],commercial-garage-door-installation,sunny-isles-beach,200,https://securelifts.com/commercial-garage-door-installation/sunny-isles-beach,true,Commercial Garage Door Installation in Sunny Isles Beach | SecureLifts,"SecureLifts provides commercial garage door installation in Sunny Isles Beach for warehouses, retail buildings, industrial properties, service facilities, and other business properties that need long-term performance.",Commercial Garage Door Installation in Sunny Isles Beach,720,26,,false,true,false,false,commercial-garage-door-installation,MANUAL_REVIEW
https://securelifts.com/commercial-garage-door-installation/sunrise,/commercial-garage-door-installation/[city],commercial-garage-door-installation,sunrise,200,https://securelifts.com/commercial-garage-door-installation/sunrise,true,Commercial Garage Door Installation in Sunrise | SecureLifts,"SecureLifts provides commercial garage door installation in Sunrise for warehouses, retail buildings, industrial properties, service facilities, and other business properties that need long-term performance.",Commercial Garage Door Installation in Sunrise,680,26,,false,true,false,false,commercial-garage-door-installation,MANUAL_REVIEW
https://securelifts.com/commercial-garage-door-installation/tamarac,/commercial-garage-door-installation/[city],commercial-garage-door-installation,tamarac,200,https://securelifts.com/commercial-garage-door-installation/tamarac,true,Commercial Garage Door Installation in Tamarac | SecureLifts,"SecureLifts provides commercial garage door installation in Tamarac for warehouses, retail buildings, industrial properties, service facilities, and other business properties that need long-term performance.",Commercial Garage Door Installation in Tamarac,680,26,,false,true,false,false,commercial-garage-door-installation,MANUAL_REVIEW
https://securelifts.com/commercial-garage-door-installation/tequesta,/commercial-garage-door-installation/[city],commercial-garage-door-installation,tequesta,200,https://securelifts.com/commercial-garage-door-installation/tequesta,true,Commercial Garage Door Installation in Tequesta | SecureLifts,"SecureLifts provides commercial garage door installation in Tequesta for warehouses, retail buildings, industrial properties, service facilities, and other business properties that need long-term performance.",Commercial Garage Door Installation in Tequesta,680,26,,false,true,false,false,commercial-garage-door-installation,MANUAL_REVIEW
https://securelifts.com/commercial-garage-door-installation/wellington,/commercial-garage-door-installation/[city],commercial-garage-door-installation,wellington,200,https://securelifts.com/commercial-garage-door-installation/wellington,true,Commercial Garage Door Installation in Wellington | SecureLifts,"SecureLifts provides commercial garage door installation in Wellington for warehouses, retail buildings, industrial properties, service facilities, and other business properties that need long-term performance.",Commercial Garage Door Installation in Wellington,680,26,,false,true,false,false,commercial-garage-door-installation,MANUAL_REVIEW
https://securelifts.com/commercial-garage-door-installation/west-palm-beach,/commercial-garage-door-installation/[city],commercial-garage-door-installation,west-palm-beach,200,https://securelifts.com/commercial-garage-door-installation/west-palm-beach,true,Commercial Garage Door Installation in West Palm Beach | SecureLifts,"SecureLifts provides commercial garage door installation in West Palm Beach for warehouses, retail buildings, industrial properties, service facilities, and other business properties that need long-term performance.",Commercial Garage Door Installation in West Palm Beach,717,26,,false,true,false,false,commercial-garage-door-installation,MANUAL_REVIEW
https://securelifts.com/commercial-garage-door-installation/weston,/commercial-garage-door-installation/[city],commercial-garage-door-installation,weston,200,https://securelifts.com/commercial-garage-door-installation/weston,true,Commercial Garage Door Installation in Weston | SecureLifts,"SecureLifts provides commercial garage door installation in Weston for warehouses, retail buildings, industrial properties, service facilities, and other business properties that need long-term performance.",Commercial Garage Door Installation in Weston,680,26,,false,true,false,false,commercial-garage-door-installation,MANUAL_REVIEW
https://securelifts.com/commercial-garage-door-installation/wilton-manors,/commercial-garage-door-installation/[city],commercial-garage-door-installation,wilton-manors,200,https://securelifts.com/commercial-garage-door-installation/wilton-manors,true,Commercial Garage Door Installation in Wilton Manors | SecureLifts,"SecureLifts provides commercial garage door installation in Wilton Manors for warehouses, retail buildings, industrial properties, service facilities, and other business properties that need long-term performance.",Commercial Garage Door Installation in Wilton Manors,700,26,,false,true,false,false,commercial-garage-door-installation,MANUAL_REVIEW
https://securelifts.com/commercial-garage-door-maintenance/boca-raton,/commercial-garage-door-maintenance/[city],commercial-garage-door-maintenance,boca-raton,200,,true,SecureLifts Garage Doors | South Florida Garage Door Repair & Hurricane Doors,"SecureLifts provides garage door repair, opener repair, broken spring repair, garage door installation, hurricane-rated doors, and commercial garage door service across South Florida.",Commercial Garage Door Maintenance in Boca Raton,689,26,,false,true,false,false,commercial-garage-door-maintenance,MANUAL_REVIEW
https://securelifts.com/commercial-garage-door-maintenance/boynton-beach,/commercial-garage-door-maintenance/[city],commercial-garage-door-maintenance,boynton-beach,200,,true,SecureLifts Garage Doors | South Florida Garage Door Repair & Hurricane Doors,"SecureLifts provides garage door repair, opener repair, broken spring repair, garage door installation, hurricane-rated doors, and commercial garage door service across South Florida.",Commercial Garage Door Maintenance in Boynton Beach,687,26,,false,true,false,false,commercial-garage-door-maintenance,MANUAL_REVIEW
https://securelifts.com/commercial-garage-door-maintenance/delray-beach,/commercial-garage-door-maintenance/[city],commercial-garage-door-maintenance,delray-beach,200,,true,SecureLifts Garage Doors | South Florida Garage Door Repair & Hurricane Doors,"SecureLifts provides garage door repair, opener repair, broken spring repair, garage door installation, hurricane-rated doors, and commercial garage door service across South Florida.",Commercial Garage Door Maintenance in Delray Beach,687,26,,false,true,false,false,commercial-garage-door-maintenance,MANUAL_REVIEW
https://securelifts.com/commercial-garage-door-maintenance/doral,/commercial-garage-door-maintenance/[city],commercial-garage-door-maintenance,doral,200,,true,SecureLifts Garage Doors | South Florida Garage Door Repair & Hurricane Doors,"SecureLifts provides garage door repair, opener repair, broken spring repair, garage door installation, hurricane-rated doors, and commercial garage door service across South Florida.",Commercial Garage Door Maintenance in Doral,674,26,,false,true,false,false,commercial-garage-door-maintenance,MANUAL_REVIEW
https://securelifts.com/commercial-garage-door-maintenance/fort-lauderdale,/commercial-garage-door-maintenance/[city],commercial-garage-door-maintenance,fort-lauderdale,200,,true,SecureLifts Garage Doors | South Florida Garage Door Repair & Hurricane Doors,"SecureLifts provides garage door repair, opener repair, broken spring repair, garage door installation, hurricane-rated doors, and commercial garage door service across South Florida.",Commercial Garage Door Maintenance in Fort Lauderdale,685,26,,false,true,false,false,commercial-garage-door-maintenance,MANUAL_REVIEW
https://securelifts.com/commercial-garage-door-maintenance/hialeah,/commercial-garage-door-maintenance/[city],commercial-garage-door-maintenance,hialeah,200,,true,SecureLifts Garage Doors | South Florida Garage Door Repair & Hurricane Doors,"SecureLifts provides garage door repair, opener repair, broken spring repair, garage door installation, hurricane-rated doors, and commercial garage door service across South Florida.",Commercial Garage Door Maintenance in Hialeah,672,26,,false,true,false,false,commercial-garage-door-maintenance,MANUAL_REVIEW
https://securelifts.com/commercial-garage-door-maintenance/hollywood,/commercial-garage-door-maintenance/[city],commercial-garage-door-maintenance,hollywood,200,,true,SecureLifts Garage Doors | South Florida Garage Door Repair & Hurricane Doors,"SecureLifts provides garage door repair, opener repair, broken spring repair, garage door installation, hurricane-rated doors, and commercial garage door service across South Florida.",Commercial Garage Door Maintenance in Hollywood,673,26,,false,true,false,false,commercial-garage-door-maintenance,MANUAL_REVIEW
https://securelifts.com/commercial-garage-door-maintenance/jupiter,/commercial-garage-door-maintenance/[city],commercial-garage-door-maintenance,jupiter,200,,true,SecureLifts Garage Doors | South Florida Garage Door Repair & Hurricane Doors,"SecureLifts provides garage door repair, opener repair, broken spring repair, garage door installation, hurricane-rated doors, and commercial garage door service across South Florida.",Commercial Garage Door Maintenance in Jupiter,682,26,,false,true,false,false,commercial-garage-door-maintenance,MANUAL_REVIEW
https://securelifts.com/commercial-garage-door-maintenance/miami,/commercial-garage-door-maintenance/[city],commercial-garage-door-maintenance,miami,200,,true,SecureLifts Garage Doors | South Florida Garage Door Repair & Hurricane Doors,"SecureLifts provides garage door repair, opener repair, broken spring repair, garage door installation, hurricane-rated doors, and commercial garage door service across South Florida.",Commercial Garage Door Maintenance in Miami,676,26,,false,true,false,false,commercial-garage-door-maintenance,MANUAL_REVIEW
https://securelifts.com/commercial-garage-door-maintenance/wellington,/commercial-garage-door-maintenance/[city],commercial-garage-door-maintenance,wellington,200,,true,SecureLifts Garage Doors | South Florida Garage Door Repair & Hurricane Doors,"SecureLifts provides garage door repair, opener repair, broken spring repair, garage door installation, hurricane-rated doors, and commercial garage door service across South Florida.",Commercial Garage Door Maintenance in Wellington,679,26,,false,true,false,false,commercial-garage-door-maintenance,MANUAL_REVIEW
https://securelifts.com/commercial-garage-door-maintenance/west-palm-beach,/commercial-garage-door-maintenance/[city],commercial-garage-door-maintenance,west-palm-beach,200,,true,SecureLifts Garage Doors | South Florida Garage Door Repair & Hurricane Doors,"SecureLifts provides garage door repair, opener repair, broken spring repair, garage door installation, hurricane-rated doors, and commercial garage door service across South Florida.",Commercial Garage Door Maintenance in West Palm Beach,701,26,,false,true,false,false,commercial-garage-door-maintenance,MANUAL_REVIEW
https://securelifts.com/commercial-garage-door-service/aventura,/commercial-garage-door-service/[city],commercial-garage-door-service,aventura,200,https://securelifts.com/commercial-garage-door-service/aventura,true,Commercial Garage Door Service in Aventura | SecureLifts,"SecureLifts provides commercial garage door service in Aventura, including repair, maintenance, overhead door support, and fast service for business properties.",Commercial Garage Door Service in Aventura,786,32,,false,true,false,false,commercial-garage-door-service,MANUAL_REVIEW
https://securelifts.com/commercial-garage-door-service/boca-raton,/commercial-garage-door-service/[city],commercial-garage-door-service,boca-raton,200,https://securelifts.com/commercial-garage-door-service/boca-raton,true,Commercial Garage Door Service in Boca Raton | SecureLifts,"SecureLifts provides commercial garage door service in Boca Raton, including repair, maintenance, overhead door support, and fast service for business properties.",Commercial Garage Door Service in Boca Raton,808,32,,false,true,false,false,commercial-garage-door-service,MANUAL_REVIEW
https://securelifts.com/commercial-garage-door-service/boynton-beach,/commercial-garage-door-service/[city],commercial-garage-door-service,boynton-beach,200,https://securelifts.com/commercial-garage-door-service/boynton-beach,true,Commercial Garage Door Service in Boynton Beach | SecureLifts,"SecureLifts provides commercial garage door service in Boynton Beach, including repair, maintenance, overhead door support, and fast service for business properties.",Commercial Garage Door Service in Boynton Beach,804,32,,false,true,false,false,commercial-garage-door-service,MANUAL_REVIEW
https://securelifts.com/commercial-garage-door-service/coral-gables,/commercial-garage-door-service/[city],commercial-garage-door-service,coral-gables,200,https://securelifts.com/commercial-garage-door-service/coral-gables,true,Commercial Garage Door Service in Coral Gables | SecureLifts,"SecureLifts provides commercial garage door service in Coral Gables, including repair, maintenance, overhead door support, and fast service for business properties.",Commercial Garage Door Service in Coral Gables,811,32,,false,true,false,false,commercial-garage-door-service,MANUAL_REVIEW
https://securelifts.com/commercial-garage-door-service/coral-springs,/commercial-garage-door-service/[city],commercial-garage-door-service,coral-springs,200,https://securelifts.com/commercial-garage-door-service/coral-springs,true,Commercial Garage Door Service in Coral Springs | SecureLifts,"SecureLifts provides commercial garage door service in Coral Springs, including repair, maintenance, overhead door support, and fast service for business properties.",Commercial Garage Door Service in Coral Springs,811,32,,false,true,false,false,commercial-garage-door-service,MANUAL_REVIEW
https://securelifts.com/commercial-garage-door-service/cutler-bay,/commercial-garage-door-service/[city],commercial-garage-door-service,cutler-bay,200,https://securelifts.com/commercial-garage-door-service/cutler-bay,true,Commercial Garage Door Service in Cutler Bay | SecureLifts,"SecureLifts provides commercial garage door service in Cutler Bay, including repair, maintenance, overhead door support, and fast service for business properties.",Commercial Garage Door Service in Cutler Bay,811,32,,false,true,false,false,commercial-garage-door-service,MANUAL_REVIEW
https://securelifts.com/commercial-garage-door-service/davie,/commercial-garage-door-service/[city],commercial-garage-door-service,davie,200,https://securelifts.com/commercial-garage-door-service/davie,true,Commercial Garage Door Service in Davie | SecureLifts,"SecureLifts provides commercial garage door service in Davie, including repair, maintenance, overhead door support, and fast service for business properties.",Commercial Garage Door Service in Davie,779,32,,false,true,false,false,commercial-garage-door-service,MANUAL_REVIEW
https://securelifts.com/commercial-garage-door-service/deerfield-beach,/commercial-garage-door-service/[city],commercial-garage-door-service,deerfield-beach,200,https://securelifts.com/commercial-garage-door-service/deerfield-beach,true,Commercial Garage Door Service in Deerfield Beach | SecureLifts,"SecureLifts provides commercial garage door service in Deerfield Beach, including repair, maintenance, overhead door support, and fast service for business properties.",Commercial Garage Door Service in Deerfield Beach,811,32,,false,true,false,false,commercial-garage-door-service,MANUAL_REVIEW
https://securelifts.com/commercial-garage-door-service/delray-beach,/commercial-garage-door-service/[city],commercial-garage-door-service,delray-beach,200,https://securelifts.com/commercial-garage-door-service/delray-beach,true,Commercial Garage Door Service in Delray Beach | SecureLifts,"SecureLifts provides commercial garage door service in Delray Beach, including repair, maintenance, overhead door support, and fast service for business properties.",Commercial Garage Door Service in Delray Beach,804,32,,false,true,false,false,commercial-garage-door-service,MANUAL_REVIEW
https://securelifts.com/commercial-garage-door-service/doral,/commercial-garage-door-service/[city],commercial-garage-door-service,doral,200,https://securelifts.com/commercial-garage-door-service/doral,true,Commercial Garage Door Service in Doral | SecureLifts,"SecureLifts provides commercial garage door service in Doral, including repair, maintenance, overhead door support, and fast service for business properties.",Commercial Garage Door Service in Doral,780,32,,false,true,false,false,commercial-garage-door-service,MANUAL_REVIEW
https://securelifts.com/commercial-garage-door-service/fort-lauderdale,/commercial-garage-door-service/[city],commercial-garage-door-service,fort-lauderdale,200,https://securelifts.com/commercial-garage-door-service/fort-lauderdale,true,Commercial Garage Door Service in Fort Lauderdale | SecureLifts,"SecureLifts provides commercial garage door service in Fort Lauderdale, including repair, maintenance, overhead door support, and fast service for business properties.",Commercial Garage Door Service in Fort Lauderdale,801,32,,false,true,false,false,commercial-garage-door-service,MANUAL_REVIEW
https://securelifts.com/commercial-garage-door-service/greenacres,/commercial-garage-door-service/[city],commercial-garage-door-service,greenacres,200,https://securelifts.com/commercial-garage-door-service/greenacres,true,Commercial Garage Door Service in Greenacres | SecureLifts,"SecureLifts provides commercial garage door service in Greenacres, including repair, maintenance, overhead door support, and fast service for business properties.",Commercial Garage Door Service in Greenacres,786,32,,false,true,false,false,commercial-garage-door-service,MANUAL_REVIEW
https://securelifts.com/commercial-garage-door-service/hallandale-beach,/commercial-garage-door-service/[city],commercial-garage-door-service,hallandale-beach,200,https://securelifts.com/commercial-garage-door-service/hallandale-beach,true,Commercial Garage Door Service in Hallandale Beach | SecureLifts,"SecureLifts provides commercial garage door service in Hallandale Beach, including repair, maintenance, overhead door support, and fast service for business properties.",Commercial Garage Door Service in Hallandale Beach,803,32,,false,true,false,false,commercial-garage-door-service,MANUAL_REVIEW
https://securelifts.com/commercial-garage-door-service/hialeah,/commercial-garage-door-service/[city],commercial-garage-door-service,hialeah,200,https://securelifts.com/commercial-garage-door-service/hialeah,true,Commercial Garage Door Service in Hialeah | SecureLifts,"SecureLifts provides commercial garage door service in Hialeah, including repair, maintenance, overhead door support, and fast service for business properties.",Commercial Garage Door Service in Hialeah,778,32,,false,true,false,false,commercial-garage-door-service,MANUAL_REVIEW
https://securelifts.com/commercial-garage-door-service/hialeah-gardens,/commercial-garage-door-service/[city],commercial-garage-door-service,hialeah-gardens,200,https://securelifts.com/commercial-garage-door-service/hialeah-gardens,true,Commercial Garage Door Service in Hialeah Gardens | SecureLifts,"SecureLifts provides commercial garage door service in Hialeah Gardens, including repair, maintenance, overhead door support, and fast service for business properties.",Commercial Garage Door Service in Hialeah Gardens,811,32,,false,true,false,false,commercial-garage-door-service,MANUAL_REVIEW
https://securelifts.com/commercial-garage-door-service/highland-beach,/commercial-garage-door-service/[city],commercial-garage-door-service,highland-beach,200,https://securelifts.com/commercial-garage-door-service/highland-beach,true,Commercial Garage Door Service in Highland Beach | SecureLifts,"SecureLifts provides commercial garage door service in Highland Beach, including repair, maintenance, overhead door support, and fast service for business properties.",Commercial Garage Door Service in Highland Beach,811,32,,false,true,false,false,commercial-garage-door-service,MANUAL_REVIEW
https://securelifts.com/commercial-garage-door-service/hollywood,/commercial-garage-door-service/[city],commercial-garage-door-service,hollywood,200,https://securelifts.com/commercial-garage-door-service/hollywood,true,Commercial Garage Door Service in Hollywood | SecureLifts,"SecureLifts provides commercial garage door service in Hollywood, including repair, maintenance, overhead door support, and fast service for business properties.",Commercial Garage Door Service in Hollywood,780,32,,false,true,false,false,commercial-garage-door-service,MANUAL_REVIEW
https://securelifts.com/commercial-garage-door-service/homestead,/commercial-garage-door-service/[city],commercial-garage-door-service,homestead,200,https://securelifts.com/commercial-garage-door-service/homestead,true,Commercial Garage Door Service in Homestead | SecureLifts,"SecureLifts provides commercial garage door service in Homestead, including repair, maintenance, overhead door support, and fast service for business properties.",Commercial Garage Door Service in Homestead,779,32,,false,true,false,false,commercial-garage-door-service,MANUAL_REVIEW
https://securelifts.com/commercial-garage-door-service/juno-beach,/commercial-garage-door-service/[city],commercial-garage-door-service,juno-beach,200,https://securelifts.com/commercial-garage-door-service/juno-beach,true,Commercial Garage Door Service in Juno Beach | SecureLifts,"SecureLifts provides commercial garage door service in Juno Beach, including repair, maintenance, overhead door support, and fast service for business properties.",Commercial Garage Door Service in Juno Beach,811,32,,false,true,false,false,commercial-garage-door-service,MANUAL_REVIEW
https://securelifts.com/commercial-garage-door-service/jupiter,/commercial-garage-door-service/[city],commercial-garage-door-service,jupiter,200,https://securelifts.com/commercial-garage-door-service/jupiter,true,Commercial Garage Door Service in Jupiter | SecureLifts,"SecureLifts provides commercial garage door service in Jupiter, including repair, maintenance, overhead door support, and fast service for business properties.",Commercial Garage Door Service in Jupiter,785,32,,false,true,false,false,commercial-garage-door-service,MANUAL_REVIEW
https://securelifts.com/commercial-garage-door-service/kendall,/commercial-garage-door-service/[city],commercial-garage-door-service,kendall,200,https://securelifts.com/commercial-garage-door-service/kendall,true,Commercial Garage Door Service in Kendall | SecureLifts,"SecureLifts provides commercial garage door service in Kendall, including repair, maintenance, overhead door support, and fast service for business properties.",Commercial Garage Door Service in Kendall,786,32,,false,true,false,false,commercial-garage-door-service,MANUAL_REVIEW
https://securelifts.com/commercial-garage-door-service/lake-worth,/commercial-garage-door-service/[city],commercial-garage-door-service,lake-worth,200,https://securelifts.com/commercial-garage-door-service/lake-worth,true,Commercial Garage Door Service in Lake Worth | SecureLifts,"SecureLifts provides commercial garage door service in Lake Worth, including repair, maintenance, overhead door support, and fast service for business properties.",Commercial Garage Door Service in Lake Worth,811,32,,false,true,false,false,commercial-garage-door-service,MANUAL_REVIEW
https://securelifts.com/commercial-garage-door-service/lauderhill,/commercial-garage-door-service/[city],commercial-garage-door-service,lauderhill,200,https://securelifts.com/commercial-garage-door-service/lauderhill,true,Commercial Garage Door Service in Lauderhill | SecureLifts,"SecureLifts provides commercial garage door service in Lauderhill, including repair, maintenance, overhead door support, and fast service for business properties.",Commercial Garage Door Service in Lauderhill,786,32,,false,true,false,false,commercial-garage-door-service,MANUAL_REVIEW
https://securelifts.com/commercial-garage-door-service/lighthouse-point,/commercial-garage-door-service/[city],commercial-garage-door-service,lighthouse-point,200,https://securelifts.com/commercial-garage-door-service/lighthouse-point,true,Commercial Garage Door Service in Lighthouse Point | SecureLifts,"SecureLifts provides commercial garage door service in Lighthouse Point, including repair, maintenance, overhead door support, and fast service for business properties.",Commercial Garage Door Service in Lighthouse Point,811,32,,false,true,false,false,commercial-garage-door-service,MANUAL_REVIEW
https://securelifts.com/commercial-garage-door-service/loxahatchee,/commercial-garage-door-service/[city],commercial-garage-door-service,loxahatchee,200,https://securelifts.com/commercial-garage-door-service/loxahatchee,true,Commercial Garage Door Service in Loxahatchee | SecureLifts,"SecureLifts provides commercial garage door service in Loxahatchee, including repair, maintenance, overhead door support, and fast service for business properties.",Commercial Garage Door Service in Loxahatchee,786,32,,false,true,false,false,commercial-garage-door-service,MANUAL_REVIEW
https://securelifts.com/commercial-garage-door-service/medley,/commercial-garage-door-service/[city],commercial-garage-door-service,medley,200,https://securelifts.com/commercial-garage-door-service/medley,true,Commercial Garage Door Service in Medley | SecureLifts,"SecureLifts provides commercial garage door service in Medley, including repair, maintenance, overhead door support, and fast service for business properties.",Commercial Garage Door Service in Medley,778,32,,false,true,false,false,commercial-garage-door-service,MANUAL_REVIEW
https://securelifts.com/commercial-garage-door-service/miami,/commercial-garage-door-service/[city],commercial-garage-door-service,miami,200,https://securelifts.com/commercial-garage-door-service/miami,true,Commercial Garage Door Service in Miami | SecureLifts,"SecureLifts provides commercial garage door service in Miami, including repair, maintenance, overhead door support, and fast service for business properties.",Commercial Garage Door Service in Miami,782,32,,false,true,false,false,commercial-garage-door-service,MANUAL_REVIEW
https://securelifts.com/commercial-garage-door-service/miami-beach,/commercial-garage-door-service/[city],commercial-garage-door-service,miami-beach,200,https://securelifts.com/commercial-garage-door-service/miami-beach,true,Commercial Garage Door Service in Miami Beach | SecureLifts,"SecureLifts provides commercial garage door service in Miami Beach, including repair, maintenance, overhead door support, and fast service for business properties.",Commercial Garage Door Service in Miami Beach,811,32,,false,true,false,false,commercial-garage-door-service,MANUAL_REVIEW
https://securelifts.com/commercial-garage-door-service/miami-gardens,/commercial-garage-door-service/[city],commercial-garage-door-service,miami-gardens,200,https://securelifts.com/commercial-garage-door-service/miami-gardens,true,Commercial Garage Door Service in Miami Gardens | SecureLifts,"SecureLifts provides commercial garage door service in Miami Gardens, including repair, maintenance, overhead door support, and fast service for business properties.",Commercial Garage Door Service in Miami Gardens,811,32,,false,true,false,false,commercial-garage-door-service,MANUAL_REVIEW
https://securelifts.com/commercial-garage-door-service/miami-lakes,/commercial-garage-door-service/[city],commercial-garage-door-service,miami-lakes,200,https://securelifts.com/commercial-garage-door-service/miami-lakes,true,Commercial Garage Door Service in Miami Lakes | SecureLifts,"SecureLifts provides commercial garage door service in Miami Lakes, including repair, maintenance, overhead door support, and fast service for business properties.",Commercial Garage Door Service in Miami Lakes,811,32,,false,true,false,false,commercial-garage-door-service,MANUAL_REVIEW
https://securelifts.com/commercial-garage-door-service/miramar,/commercial-garage-door-service/[city],commercial-garage-door-service,miramar,200,https://securelifts.com/commercial-garage-door-service/miramar,true,Commercial Garage Door Service in Miramar | SecureLifts,"SecureLifts provides commercial garage door service in Miramar, including repair, maintenance, overhead door support, and fast service for business properties.",Commercial Garage Door Service in Miramar,780,32,,false,true,false,false,commercial-garage-door-service,MANUAL_REVIEW
https://securelifts.com/commercial-garage-door-service/north-palm-beach,/commercial-garage-door-service/[city],commercial-garage-door-service,north-palm-beach,200,https://securelifts.com/commercial-garage-door-service/north-palm-beach,true,Commercial Garage Door Service in North Palm Beach | SecureLifts,"SecureLifts provides commercial garage door service in North Palm Beach, including repair, maintenance, overhead door support, and fast service for business properties.",Commercial Garage Door Service in North Palm Beach,836,32,,false,true,false,false,commercial-garage-door-service,MANUAL_REVIEW
https://securelifts.com/commercial-garage-door-service/oakland-park,/commercial-garage-door-service/[city],commercial-garage-door-service,oakland-park,200,https://securelifts.com/commercial-garage-door-service/oakland-park,true,Commercial Garage Door Service in Oakland Park | SecureLifts,"SecureLifts provides commercial garage door service in Oakland Park, including repair, maintenance, overhead door support, and fast service for business properties.",Commercial Garage Door Service in Oakland Park,811,32,,false,true,false,false,commercial-garage-door-service,MANUAL_REVIEW
https://securelifts.com/commercial-garage-door-service/palm-beach,/commercial-garage-door-service/[city],commercial-garage-door-service,palm-beach,200,https://securelifts.com/commercial-garage-door-service/palm-beach,true,Commercial Garage Door Service in Palm Beach | SecureLifts,"SecureLifts provides commercial garage door service in Palm Beach, including repair, maintenance, overhead door support, and fast service for business properties.",Commercial Garage Door Service in Palm Beach,811,32,,false,true,false,false,commercial-garage-door-service,MANUAL_REVIEW
https://securelifts.com/commercial-garage-door-service/palm-beach-gardens,/commercial-garage-door-service/[city],commercial-garage-door-service,palm-beach-gardens,200,https://securelifts.com/commercial-garage-door-service/palm-beach-gardens,true,Commercial Garage Door Service in Palm Beach Gardens | SecureLifts,"SecureLifts provides commercial garage door service in Palm Beach Gardens, including repair, maintenance, overhead door support, and fast service for business properties.",Commercial Garage Door Service in Palm Beach Gardens,831,32,,false,true,false,false,commercial-garage-door-service,MANUAL_REVIEW
https://securelifts.com/commercial-garage-door-service/palmetto-bay,/commercial-garage-door-service/[city],commercial-garage-door-service,palmetto-bay,200,https://securelifts.com/commercial-garage-door-service/palmetto-bay,true,Commercial Garage Door Service in Palmetto Bay | SecureLifts,"SecureLifts provides commercial garage door service in Palmetto Bay, including repair, maintenance, overhead door support, and fast service for business properties.",Commercial Garage Door Service in Palmetto Bay,811,32,,false,true,false,false,commercial-garage-door-service,MANUAL_REVIEW
https://securelifts.com/commercial-garage-door-service/parkland,/commercial-garage-door-service/[city],commercial-garage-door-service,parkland,200,https://securelifts.com/commercial-garage-door-service/parkland,true,Commercial Garage Door Service in Parkland | SecureLifts,"SecureLifts provides commercial garage door service in Parkland, including repair, maintenance, overhead door support, and fast service for business properties.",Commercial Garage Door Service in Parkland,786,32,,false,true,false,false,commercial-garage-door-service,MANUAL_REVIEW
https://securelifts.com/commercial-garage-door-service/pembroke-pines,/commercial-garage-door-service/[city],commercial-garage-door-service,pembroke-pines,200,https://securelifts.com/commercial-garage-door-service/pembroke-pines,true,Commercial Garage Door Service in Pembroke Pines | SecureLifts,"SecureLifts provides commercial garage door service in Pembroke Pines, including repair, maintenance, overhead door support, and fast service for business properties.",Commercial Garage Door Service in Pembroke Pines,811,32,,false,true,false,false,commercial-garage-door-service,MANUAL_REVIEW
https://securelifts.com/commercial-garage-door-service/pinecrest,/commercial-garage-door-service/[city],commercial-garage-door-service,pinecrest,200,https://securelifts.com/commercial-garage-door-service/pinecrest,true,Commercial Garage Door Service in Pinecrest | SecureLifts,"SecureLifts provides commercial garage door service in Pinecrest, including repair, maintenance, overhead door support, and fast service for business properties.",Commercial Garage Door Service in Pinecrest,779,32,,false,true,false,false,commercial-garage-door-service,MANUAL_REVIEW
https://securelifts.com/commercial-garage-door-service/plantation,/commercial-garage-door-service/[city],commercial-garage-door-service,plantation,200,https://securelifts.com/commercial-garage-door-service/plantation,true,Commercial Garage Door Service in Plantation | SecureLifts,"SecureLifts provides commercial garage door service in Plantation, including repair, maintenance, overhead door support, and fast service for business properties.",Commercial Garage Door Service in Plantation,786,32,,false,true,false,false,commercial-garage-door-service,MANUAL_REVIEW
https://securelifts.com/commercial-garage-door-service/pompano-beach,/commercial-garage-door-service/[city],commercial-garage-door-service,pompano-beach,200,https://securelifts.com/commercial-garage-door-service/pompano-beach,true,Commercial Garage Door Service in Pompano Beach | SecureLifts,"SecureLifts provides commercial garage door service in Pompano Beach, including repair, maintenance, overhead door support, and fast service for business properties.",Commercial Garage Door Service in Pompano Beach,811,32,,false,true,false,false,commercial-garage-door-service,MANUAL_REVIEW
https://securelifts.com/commercial-garage-door-service/port-st-lucie,/commercial-garage-door-service/[city],commercial-garage-door-service,port-st-lucie,200,https://securelifts.com/commercial-garage-door-service/port-st-lucie,true,Commercial Garage Door Service in Port St Lucie | SecureLifts,"SecureLifts provides commercial garage door service in Port St Lucie, including repair, maintenance, overhead door support, and fast service for business properties.",Commercial Garage Door Service in Port St Lucie,836,32,,false,true,false,false,commercial-garage-door-service,MANUAL_REVIEW
https://securelifts.com/commercial-garage-door-service/riviera-beach,/commercial-garage-door-service/[city],commercial-garage-door-service,riviera-beach,200,https://securelifts.com/commercial-garage-door-service/riviera-beach,true,Commercial Garage Door Service in Riviera Beach | SecureLifts,"SecureLifts provides commercial garage door service in Riviera Beach, including repair, maintenance, overhead door support, and fast service for business properties.",Commercial Garage Door Service in Riviera Beach,811,32,,false,true,false,false,commercial-garage-door-service,MANUAL_REVIEW
https://securelifts.com/commercial-garage-door-service/royal-palm-beach,/commercial-garage-door-service/[city],commercial-garage-door-service,royal-palm-beach,200,https://securelifts.com/commercial-garage-door-service/royal-palm-beach,true,Commercial Garage Door Service in Royal Palm Beach | SecureLifts,"SecureLifts provides commercial garage door service in Royal Palm Beach, including repair, maintenance, overhead door support, and fast service for business properties.",Commercial Garage Door Service in Royal Palm Beach,828,32,,false,true,false,false,commercial-garage-door-service,MANUAL_REVIEW
https://securelifts.com/commercial-garage-door-service/stuart,/commercial-garage-door-service/[city],commercial-garage-door-service,stuart,200,https://securelifts.com/commercial-garage-door-service/stuart,true,Commercial Garage Door Service in Stuart | SecureLifts,"SecureLifts provides commercial garage door service in Stuart, including repair, maintenance, overhead door support, and fast service for business properties.",Commercial Garage Door Service in Stuart,786,32,,false,true,false,false,commercial-garage-door-service,MANUAL_REVIEW
https://securelifts.com/commercial-garage-door-service/sunny-isles-beach,/commercial-garage-door-service/[city],commercial-garage-door-service,sunny-isles-beach,200,https://securelifts.com/commercial-garage-door-service/sunny-isles-beach,true,Commercial Garage Door Service in Sunny Isles Beach | SecureLifts,"SecureLifts provides commercial garage door service in Sunny Isles Beach, including repair, maintenance, overhead door support, and fast service for business properties.",Commercial Garage Door Service in Sunny Isles Beach,836,32,,false,true,false,false,commercial-garage-door-service,MANUAL_REVIEW
https://securelifts.com/commercial-garage-door-service/sunrise,/commercial-garage-door-service/[city],commercial-garage-door-service,sunrise,200,https://securelifts.com/commercial-garage-door-service/sunrise,true,Commercial Garage Door Service in Sunrise | SecureLifts,"SecureLifts provides commercial garage door service in Sunrise, including repair, maintenance, overhead door support, and fast service for business properties.",Commercial Garage Door Service in Sunrise,786,32,,false,true,false,false,commercial-garage-door-service,MANUAL_REVIEW
https://securelifts.com/commercial-garage-door-service/tamarac,/commercial-garage-door-service/[city],commercial-garage-door-service,tamarac,200,https://securelifts.com/commercial-garage-door-service/tamarac,true,Commercial Garage Door Service in Tamarac | SecureLifts,"SecureLifts provides commercial garage door service in Tamarac, including repair, maintenance, overhead door support, and fast service for business properties.",Commercial Garage Door Service in Tamarac,786,32,,false,true,false,false,commercial-garage-door-service,MANUAL_REVIEW
https://securelifts.com/commercial-garage-door-service/tequesta,/commercial-garage-door-service/[city],commercial-garage-door-service,tequesta,200,https://securelifts.com/commercial-garage-door-service/tequesta,true,Commercial Garage Door Service in Tequesta | SecureLifts,"SecureLifts provides commercial garage door service in Tequesta, including repair, maintenance, overhead door support, and fast service for business properties.",Commercial Garage Door Service in Tequesta,786,32,,false,true,false,false,commercial-garage-door-service,MANUAL_REVIEW
https://securelifts.com/commercial-garage-door-service/wellington,/commercial-garage-door-service/[city],commercial-garage-door-service,wellington,200,https://securelifts.com/commercial-garage-door-service/wellington,true,Commercial Garage Door Service in Wellington | SecureLifts,"SecureLifts provides commercial garage door service in Wellington, including repair, maintenance, overhead door support, and fast service for business properties.",Commercial Garage Door Service in Wellington,784,32,,false,true,false,false,commercial-garage-door-service,MANUAL_REVIEW
https://securelifts.com/commercial-garage-door-service/west-palm-beach,/commercial-garage-door-service/[city],commercial-garage-door-service,west-palm-beach,200,https://securelifts.com/commercial-garage-door-service/west-palm-beach,true,Commercial Garage Door Service in West Palm Beach | SecureLifts,"SecureLifts provides commercial garage door service in West Palm Beach, including repair, maintenance, overhead door support, and fast service for business properties.",Commercial Garage Door Service in West Palm Beach,830,32,,false,true,false,false,commercial-garage-door-service,MANUAL_REVIEW
https://securelifts.com/commercial-garage-door-service/weston,/commercial-garage-door-service/[city],commercial-garage-door-service,weston,200,https://securelifts.com/commercial-garage-door-service/weston,true,Commercial Garage Door Service in Weston | SecureLifts,"SecureLifts provides commercial garage door service in Weston, including repair, maintenance, overhead door support, and fast service for business properties.",Commercial Garage Door Service in Weston,786,32,,false,true,false,false,commercial-garage-door-service,MANUAL_REVIEW
https://securelifts.com/commercial-garage-door-service/wilton-manors,/commercial-garage-door-service/[city],commercial-garage-door-service,wilton-manors,200,https://securelifts.com/commercial-garage-door-service/wilton-manors,true,Commercial Garage Door Service in Wilton Manors | SecureLifts,"SecureLifts provides commercial garage door service in Wilton Manors, including repair, maintenance, overhead door support, and fast service for business properties.",Commercial Garage Door Service in Wilton Manors,811,32,,false,true,false,false,commercial-garage-door-service,MANUAL_REVIEW
https://securelifts.com/commercial-overhead-door-repair/aventura,/commercial-overhead-door-repair/[city],commercial-overhead-door-repair,aventura,200,https://securelifts.com/commercial-overhead-door-repair/aventura,true,Commercial Overhead Door Repair in Aventura | SecureLifts,"SecureLifts provides commercial overhead door repair in Aventura for warehouses, industrial buildings, and business properties that need fast response and dependable repair work.",Commercial Overhead Door Repair in Aventura,826,32,,false,true,false,false,commercial-overhead-door-repair,MANUAL_REVIEW
https://securelifts.com/commercial-overhead-door-repair/boca-raton,/commercial-overhead-door-repair/[city],commercial-overhead-door-repair,boca-raton,200,https://securelifts.com/commercial-overhead-door-repair/boca-raton,true,Commercial Overhead Door Repair in Boca Raton | SecureLifts,"SecureLifts provides commercial overhead door repair in Boca Raton for warehouses, industrial buildings, and business properties that need fast response and dependable repair work.",Commercial Overhead Door Repair in Boca Raton,853,32,,false,true,false,false,commercial-overhead-door-repair,MANUAL_REVIEW
https://securelifts.com/commercial-overhead-door-repair/boynton-beach,/commercial-overhead-door-repair/[city],commercial-overhead-door-repair,boynton-beach,200,https://securelifts.com/commercial-overhead-door-repair/boynton-beach,true,Commercial Overhead Door Repair in Boynton Beach | SecureLifts,"SecureLifts provides commercial overhead door repair in Boynton Beach for warehouses, industrial buildings, and business properties that need fast response and dependable repair work.",Commercial Overhead Door Repair in Boynton Beach,850,32,,false,true,false,false,commercial-overhead-door-repair,MANUAL_REVIEW
https://securelifts.com/commercial-overhead-door-repair/coral-gables,/commercial-overhead-door-repair/[city],commercial-overhead-door-repair,coral-gables,200,https://securelifts.com/commercial-overhead-door-repair/coral-gables,true,Commercial Overhead Door Repair in Coral Gables | SecureLifts,"SecureLifts provides commercial overhead door repair in Coral Gables for warehouses, industrial buildings, and business properties that need fast response and dependable repair work.",Commercial Overhead Door Repair in Coral Gables,857,32,,false,true,false,false,commercial-overhead-door-repair,MANUAL_REVIEW
https://securelifts.com/commercial-overhead-door-repair/coral-springs,/commercial-overhead-door-repair/[city],commercial-overhead-door-repair,coral-springs,200,https://securelifts.com/commercial-overhead-door-repair/coral-springs,true,Commercial Overhead Door Repair in Coral Springs | SecureLifts,"SecureLifts provides commercial overhead door repair in Coral Springs for warehouses, industrial buildings, and business properties that need fast response and dependable repair work.",Commercial Overhead Door Repair in Coral Springs,857,32,,false,true,false,false,commercial-overhead-door-repair,MANUAL_REVIEW
https://securelifts.com/commercial-overhead-door-repair/cutler-bay,/commercial-overhead-door-repair/[city],commercial-overhead-door-repair,cutler-bay,200,https://securelifts.com/commercial-overhead-door-repair/cutler-bay,true,Commercial Overhead Door Repair in Cutler Bay | SecureLifts,"SecureLifts provides commercial overhead door repair in Cutler Bay for warehouses, industrial buildings, and business properties that need fast response and dependable repair work.",Commercial Overhead Door Repair in Cutler Bay,857,32,,false,true,false,false,commercial-overhead-door-repair,MANUAL_REVIEW
https://securelifts.com/commercial-overhead-door-repair/davie,/commercial-overhead-door-repair/[city],commercial-overhead-door-repair,davie,200,https://securelifts.com/commercial-overhead-door-repair/davie,true,Commercial Overhead Door Repair in Davie | SecureLifts,"SecureLifts provides commercial overhead door repair in Davie for warehouses, industrial buildings, and business properties that need fast response and dependable repair work.",Commercial Overhead Door Repair in Davie,819,32,,false,true,false,false,commercial-overhead-door-repair,MANUAL_REVIEW
https://securelifts.com/commercial-overhead-door-repair/deerfield-beach,/commercial-overhead-door-repair/[city],commercial-overhead-door-repair,deerfield-beach,200,https://securelifts.com/commercial-overhead-door-repair/deerfield-beach,true,Commercial Overhead Door Repair in Deerfield Beach | SecureLifts,"SecureLifts provides commercial overhead door repair in Deerfield Beach for warehouses, industrial buildings, and business properties that need fast response and dependable repair work.",Commercial Overhead Door Repair in Deerfield Beach,857,32,,false,true,false,false,commercial-overhead-door-repair,MANUAL_REVIEW
https://securelifts.com/commercial-overhead-door-repair/delray-beach,/commercial-overhead-door-repair/[city],commercial-overhead-door-repair,delray-beach,200,https://securelifts.com/commercial-overhead-door-repair/delray-beach,true,Commercial Overhead Door Repair in Delray Beach | SecureLifts,"SecureLifts provides commercial overhead door repair in Delray Beach for warehouses, industrial buildings, and business properties that need fast response and dependable repair work.",Commercial Overhead Door Repair in Delray Beach,850,32,,false,true,false,false,commercial-overhead-door-repair,MANUAL_REVIEW
https://securelifts.com/commercial-overhead-door-repair/doral,/commercial-overhead-door-repair/[city],commercial-overhead-door-repair,doral,200,https://securelifts.com/commercial-overhead-door-repair/doral,true,Commercial Overhead Door Repair in Doral | SecureLifts,"SecureLifts provides commercial overhead door repair in Doral for warehouses, industrial buildings, and business properties that need fast response and dependable repair work.",Commercial Overhead Door Repair in Doral,820,32,,false,true,false,false,commercial-overhead-door-repair,MANUAL_REVIEW
https://securelifts.com/commercial-overhead-door-repair/fort-lauderdale,/commercial-overhead-door-repair/[city],commercial-overhead-door-repair,fort-lauderdale,200,https://securelifts.com/commercial-overhead-door-repair/fort-lauderdale,true,Commercial Overhead Door Repair in Fort Lauderdale | SecureLifts,"SecureLifts provides commercial overhead door repair in Fort Lauderdale for warehouses, industrial buildings, and business properties that need fast response and dependable repair work.",Commercial Overhead Door Repair in Fort Lauderdale,848,32,,false,true,false,false,commercial-overhead-door-repair,MANUAL_REVIEW
https://securelifts.com/commercial-overhead-door-repair/greenacres,/commercial-overhead-door-repair/[city],commercial-overhead-door-repair,greenacres,200,https://securelifts.com/commercial-overhead-door-repair/greenacres,true,Commercial Overhead Door Repair in Greenacres | SecureLifts,"SecureLifts provides commercial overhead door repair in Greenacres for warehouses, industrial buildings, and business properties that need fast response and dependable repair work.",Commercial Overhead Door Repair in Greenacres,826,32,,false,true,false,false,commercial-overhead-door-repair,MANUAL_REVIEW
https://securelifts.com/commercial-overhead-door-repair/hallandale-beach,/commercial-overhead-door-repair/[city],commercial-overhead-door-repair,hallandale-beach,200,https://securelifts.com/commercial-overhead-door-repair/hallandale-beach,true,Commercial Overhead Door Repair in Hallandale Beach | SecureLifts,"SecureLifts provides commercial overhead door repair in Hallandale Beach for warehouses, industrial buildings, and business properties that need fast response and dependable repair work.",Commercial Overhead Door Repair in Hallandale Beach,849,32,,false,true,false,false,commercial-overhead-door-repair,MANUAL_REVIEW
https://securelifts.com/commercial-overhead-door-repair/hialeah,/commercial-overhead-door-repair/[city],commercial-overhead-door-repair,hialeah,200,https://securelifts.com/commercial-overhead-door-repair/hialeah,true,Commercial Overhead Door Repair in Hialeah | SecureLifts,"SecureLifts provides commercial overhead door repair in Hialeah for warehouses, industrial buildings, and business properties that need fast response and dependable repair work.",Commercial Overhead Door Repair in Hialeah,819,32,,false,true,false,false,commercial-overhead-door-repair,MANUAL_REVIEW
https://securelifts.com/commercial-overhead-door-repair/hialeah-gardens,/commercial-overhead-door-repair/[city],commercial-overhead-door-repair,hialeah-gardens,200,https://securelifts.com/commercial-overhead-door-repair/hialeah-gardens,true,Commercial Overhead Door Repair in Hialeah Gardens | SecureLifts,"SecureLifts provides commercial overhead door repair in Hialeah Gardens for warehouses, industrial buildings, and business properties that need fast response and dependable repair work.",Commercial Overhead Door Repair in Hialeah Gardens,857,32,,false,true,false,false,commercial-overhead-door-repair,MANUAL_REVIEW
https://securelifts.com/commercial-overhead-door-repair/highland-beach,/commercial-overhead-door-repair/[city],commercial-overhead-door-repair,highland-beach,200,https://securelifts.com/commercial-overhead-door-repair/highland-beach,true,Commercial Overhead Door Repair in Highland Beach | SecureLifts,"SecureLifts provides commercial overhead door repair in Highland Beach for warehouses, industrial buildings, and business properties that need fast response and dependable repair work.",Commercial Overhead Door Repair in Highland Beach,857,32,,false,true,false,false,commercial-overhead-door-repair,MANUAL_REVIEW
https://securelifts.com/commercial-overhead-door-repair/hollywood,/commercial-overhead-door-repair/[city],commercial-overhead-door-repair,hollywood,200,https://securelifts.com/commercial-overhead-door-repair/hollywood,true,Commercial Overhead Door Repair in Hollywood | SecureLifts,"SecureLifts provides commercial overhead door repair in Hollywood for warehouses, industrial buildings, and business properties that need fast response and dependable repair work.",Commercial Overhead Door Repair in Hollywood,818,32,,false,true,false,false,commercial-overhead-door-repair,MANUAL_REVIEW
https://securelifts.com/commercial-overhead-door-repair/homestead,/commercial-overhead-door-repair/[city],commercial-overhead-door-repair,homestead,200,https://securelifts.com/commercial-overhead-door-repair/homestead,true,Commercial Overhead Door Repair in Homestead | SecureLifts,"SecureLifts provides commercial overhead door repair in Homestead for warehouses, industrial buildings, and business properties that need fast response and dependable repair work.",Commercial Overhead Door Repair in Homestead,819,32,,false,true,false,false,commercial-overhead-door-repair,MANUAL_REVIEW
https://securelifts.com/commercial-overhead-door-repair/juno-beach,/commercial-overhead-door-repair/[city],commercial-overhead-door-repair,juno-beach,200,https://securelifts.com/commercial-overhead-door-repair/juno-beach,true,Commercial Overhead Door Repair in Juno Beach | SecureLifts,"SecureLifts provides commercial overhead door repair in Juno Beach for warehouses, industrial buildings, and business properties that need fast response and dependable repair work.",Commercial Overhead Door Repair in Juno Beach,857,32,,false,true,false,false,commercial-overhead-door-repair,MANUAL_REVIEW
https://securelifts.com/commercial-overhead-door-repair/jupiter,/commercial-overhead-door-repair/[city],commercial-overhead-door-repair,jupiter,200,https://securelifts.com/commercial-overhead-door-repair/jupiter,true,Commercial Overhead Door Repair in Jupiter | SecureLifts,"SecureLifts provides commercial overhead door repair in Jupiter for warehouses, industrial buildings, and business properties that need fast response and dependable repair work.",Commercial Overhead Door Repair in Jupiter,824,32,,false,true,false,false,commercial-overhead-door-repair,MANUAL_REVIEW
https://securelifts.com/commercial-overhead-door-repair/kendall,/commercial-overhead-door-repair/[city],commercial-overhead-door-repair,kendall,200,https://securelifts.com/commercial-overhead-door-repair/kendall,true,Commercial Overhead Door Repair in Kendall | SecureLifts,"SecureLifts provides commercial overhead door repair in Kendall for warehouses, industrial buildings, and business properties that need fast response and dependable repair work.",Commercial Overhead Door Repair in Kendall,826,32,,false,true,false,false,commercial-overhead-door-repair,MANUAL_REVIEW
https://securelifts.com/commercial-overhead-door-repair/lake-worth,/commercial-overhead-door-repair/[city],commercial-overhead-door-repair,lake-worth,200,https://securelifts.com/commercial-overhead-door-repair/lake-worth,true,Commercial Overhead Door Repair in Lake Worth | SecureLifts,"SecureLifts provides commercial overhead door repair in Lake Worth for warehouses, industrial buildings, and business properties that need fast response and dependable repair work.",Commercial Overhead Door Repair in Lake Worth,857,32,,false,true,false,false,commercial-overhead-door-repair,MANUAL_REVIEW
https://securelifts.com/commercial-overhead-door-repair/lauderhill,/commercial-overhead-door-repair/[city],commercial-overhead-door-repair,lauderhill,200,https://securelifts.com/commercial-overhead-door-repair/lauderhill,true,Commercial Overhead Door Repair in Lauderhill | SecureLifts,"SecureLifts provides commercial overhead door repair in Lauderhill for warehouses, industrial buildings, and business properties that need fast response and dependable repair work.",Commercial Overhead Door Repair in Lauderhill,826,32,,false,true,false,false,commercial-overhead-door-repair,MANUAL_REVIEW
https://securelifts.com/commercial-overhead-door-repair/lighthouse-point,/commercial-overhead-door-repair/[city],commercial-overhead-door-repair,lighthouse-point,200,https://securelifts.com/commercial-overhead-door-repair/lighthouse-point,true,Commercial Overhead Door Repair in Lighthouse Point | SecureLifts,"SecureLifts provides commercial overhead door repair in Lighthouse Point for warehouses, industrial buildings, and business properties that need fast response and dependable repair work.",Commercial Overhead Door Repair in Lighthouse Point,857,32,,false,true,false,false,commercial-overhead-door-repair,MANUAL_REVIEW
https://securelifts.com/commercial-overhead-door-repair/loxahatchee,/commercial-overhead-door-repair/[city],commercial-overhead-door-repair,loxahatchee,200,https://securelifts.com/commercial-overhead-door-repair/loxahatchee,true,Commercial Overhead Door Repair in Loxahatchee | SecureLifts,"SecureLifts provides commercial overhead door repair in Loxahatchee for warehouses, industrial buildings, and business properties that need fast response and dependable repair work.",Commercial Overhead Door Repair in Loxahatchee,826,32,,false,true,false,false,commercial-overhead-door-repair,MANUAL_REVIEW
https://securelifts.com/commercial-overhead-door-repair/medley,/commercial-overhead-door-repair/[city],commercial-overhead-door-repair,medley,200,https://securelifts.com/commercial-overhead-door-repair/medley,true,Commercial Overhead Door Repair in Medley | SecureLifts,"SecureLifts provides commercial overhead door repair in Medley for warehouses, industrial buildings, and business properties that need fast response and dependable repair work.",Commercial Overhead Door Repair in Medley,818,32,,false,true,false,false,commercial-overhead-door-repair,MANUAL_REVIEW
https://securelifts.com/commercial-overhead-door-repair/miami,/commercial-overhead-door-repair/[city],commercial-overhead-door-repair,miami,200,https://securelifts.com/commercial-overhead-door-repair/miami,true,Commercial Overhead Door Repair in Miami | SecureLifts,"SecureLifts provides commercial overhead door repair in Miami for warehouses, industrial buildings, and business properties that need fast response and dependable repair work.",Commercial Overhead Door Repair in Miami,822,32,,false,true,false,false,commercial-overhead-door-repair,MANUAL_REVIEW
https://securelifts.com/commercial-overhead-door-repair/miami-beach,/commercial-overhead-door-repair/[city],commercial-overhead-door-repair,miami-beach,200,https://securelifts.com/commercial-overhead-door-repair/miami-beach,true,Commercial Overhead Door Repair in Miami Beach | SecureLifts,"SecureLifts provides commercial overhead door repair in Miami Beach for warehouses, industrial buildings, and business properties that need fast response and dependable repair work.",Commercial Overhead Door Repair in Miami Beach,857,32,,false,true,false,false,commercial-overhead-door-repair,MANUAL_REVIEW
https://securelifts.com/commercial-overhead-door-repair/miami-gardens,/commercial-overhead-door-repair/[city],commercial-overhead-door-repair,miami-gardens,200,https://securelifts.com/commercial-overhead-door-repair/miami-gardens,true,Commercial Overhead Door Repair in Miami Gardens | SecureLifts,"SecureLifts provides commercial overhead door repair in Miami Gardens for warehouses, industrial buildings, and business properties that need fast response and dependable repair work.",Commercial Overhead Door Repair in Miami Gardens,857,32,,false,true,false,false,commercial-overhead-door-repair,MANUAL_REVIEW
https://securelifts.com/commercial-overhead-door-repair/miami-lakes,/commercial-overhead-door-repair/[city],commercial-overhead-door-repair,miami-lakes,200,https://securelifts.com/commercial-overhead-door-repair/miami-lakes,true,Commercial Overhead Door Repair in Miami Lakes | SecureLifts,"SecureLifts provides commercial overhead door repair in Miami Lakes for warehouses, industrial buildings, and business properties that need fast response and dependable repair work.",Commercial Overhead Door Repair in Miami Lakes,857,32,,false,true,false,false,commercial-overhead-door-repair,MANUAL_REVIEW
https://securelifts.com/commercial-overhead-door-repair/miramar,/commercial-overhead-door-repair/[city],commercial-overhead-door-repair,miramar,200,https://securelifts.com/commercial-overhead-door-repair/miramar,true,Commercial Overhead Door Repair in Miramar | SecureLifts,"SecureLifts provides commercial overhead door repair in Miramar for warehouses, industrial buildings, and business properties that need fast response and dependable repair work.",Commercial Overhead Door Repair in Miramar,820,32,,false,true,false,false,commercial-overhead-door-repair,MANUAL_REVIEW
https://securelifts.com/commercial-overhead-door-repair/north-palm-beach,/commercial-overhead-door-repair/[city],commercial-overhead-door-repair,north-palm-beach,200,https://securelifts.com/commercial-overhead-door-repair/north-palm-beach,true,Commercial Overhead Door Repair in North Palm Beach | SecureLifts,"SecureLifts provides commercial overhead door repair in North Palm Beach for warehouses, industrial buildings, and business properties that need fast response and dependable repair work.",Commercial Overhead Door Repair in North Palm Beach,888,32,,false,true,false,false,commercial-overhead-door-repair,MANUAL_REVIEW
https://securelifts.com/commercial-overhead-door-repair/oakland-park,/commercial-overhead-door-repair/[city],commercial-overhead-door-repair,oakland-park,200,https://securelifts.com/commercial-overhead-door-repair/oakland-park,true,Commercial Overhead Door Repair in Oakland Park | SecureLifts,"SecureLifts provides commercial overhead door repair in Oakland Park for warehouses, industrial buildings, and business properties that need fast response and dependable repair work.",Commercial Overhead Door Repair in Oakland Park,857,32,,false,true,false,false,commercial-overhead-door-repair,MANUAL_REVIEW
https://securelifts.com/commercial-overhead-door-repair/palm-beach,/commercial-overhead-door-repair/[city],commercial-overhead-door-repair,palm-beach,200,https://securelifts.com/commercial-overhead-door-repair/palm-beach,true,Commercial Overhead Door Repair in Palm Beach | SecureLifts,"SecureLifts provides commercial overhead door repair in Palm Beach for warehouses, industrial buildings, and business properties that need fast response and dependable repair work.",Commercial Overhead Door Repair in Palm Beach,857,32,,false,true,false,false,commercial-overhead-door-repair,MANUAL_REVIEW
https://securelifts.com/commercial-overhead-door-repair/palm-beach-gardens,/commercial-overhead-door-repair/[city],commercial-overhead-door-repair,palm-beach-gardens,200,https://securelifts.com/commercial-overhead-door-repair/palm-beach-gardens,true,Commercial Overhead Door Repair in Palm Beach Gardens | SecureLifts,"SecureLifts provides commercial overhead door repair in Palm Beach Gardens for warehouses, industrial buildings, and business properties that need fast response and dependable repair work.",Commercial Overhead Door Repair in Palm Beach Gardens,882,32,,false,true,false,false,commercial-overhead-door-repair,MANUAL_REVIEW
https://securelifts.com/commercial-overhead-door-repair/palmetto-bay,/commercial-overhead-door-repair/[city],commercial-overhead-door-repair,palmetto-bay,200,https://securelifts.com/commercial-overhead-door-repair/palmetto-bay,true,Commercial Overhead Door Repair in Palmetto Bay | SecureLifts,"SecureLifts provides commercial overhead door repair in Palmetto Bay for warehouses, industrial buildings, and business properties that need fast response and dependable repair work.",Commercial Overhead Door Repair in Palmetto Bay,857,32,,false,true,false,false,commercial-overhead-door-repair,MANUAL_REVIEW
https://securelifts.com/commercial-overhead-door-repair/parkland,/commercial-overhead-door-repair/[city],commercial-overhead-door-repair,parkland,200,https://securelifts.com/commercial-overhead-door-repair/parkland,true,Commercial Overhead Door Repair in Parkland | SecureLifts,"SecureLifts provides commercial overhead door repair in Parkland for warehouses, industrial buildings, and business properties that need fast response and dependable repair work.",Commercial Overhead Door Repair in Parkland,826,32,,false,true,false,false,commercial-overhead-door-repair,MANUAL_REVIEW
https://securelifts.com/commercial-overhead-door-repair/pembroke-pines,/commercial-overhead-door-repair/[city],commercial-overhead-door-repair,pembroke-pines,200,https://securelifts.com/commercial-overhead-door-repair/pembroke-pines,true,Commercial Overhead Door Repair in Pembroke Pines | SecureLifts,"SecureLifts provides commercial overhead door repair in Pembroke Pines for warehouses, industrial buildings, and business properties that need fast response and dependable repair work.",Commercial Overhead Door Repair in Pembroke Pines,857,32,,false,true,false,false,commercial-overhead-door-repair,MANUAL_REVIEW
https://securelifts.com/commercial-overhead-door-repair/pinecrest,/commercial-overhead-door-repair/[city],commercial-overhead-door-repair,pinecrest,200,https://securelifts.com/commercial-overhead-door-repair/pinecrest,true,Commercial Overhead Door Repair in Pinecrest | SecureLifts,"SecureLifts provides commercial overhead door repair in Pinecrest for warehouses, industrial buildings, and business properties that need fast response and dependable repair work.",Commercial Overhead Door Repair in Pinecrest,819,32,,false,true,false,false,commercial-overhead-door-repair,MANUAL_REVIEW
https://securelifts.com/commercial-overhead-door-repair/plantation,/commercial-overhead-door-repair/[city],commercial-overhead-door-repair,plantation,200,https://securelifts.com/commercial-overhead-door-repair/plantation,true,Commercial Overhead Door Repair in Plantation | SecureLifts,"SecureLifts provides commercial overhead door repair in Plantation for warehouses, industrial buildings, and business properties that need fast response and dependable repair work.",Commercial Overhead Door Repair in Plantation,826,32,,false,true,false,false,commercial-overhead-door-repair,MANUAL_REVIEW
https://securelifts.com/commercial-overhead-door-repair/pompano-beach,/commercial-overhead-door-repair/[city],commercial-overhead-door-repair,pompano-beach,200,https://securelifts.com/commercial-overhead-door-repair/pompano-beach,true,Commercial Overhead Door Repair in Pompano Beach | SecureLifts,"SecureLifts provides commercial overhead door repair in Pompano Beach for warehouses, industrial buildings, and business properties that need fast response and dependable repair work.",Commercial Overhead Door Repair in Pompano Beach,857,32,,false,true,false,false,commercial-overhead-door-repair,MANUAL_REVIEW
https://securelifts.com/commercial-overhead-door-repair/port-st-lucie,/commercial-overhead-door-repair/[city],commercial-overhead-door-repair,port-st-lucie,200,https://securelifts.com/commercial-overhead-door-repair/port-st-lucie,true,Commercial Overhead Door Repair in Port St Lucie | SecureLifts,"SecureLifts provides commercial overhead door repair in Port St Lucie for warehouses, industrial buildings, and business properties that need fast response and dependable repair work.",Commercial Overhead Door Repair in Port St Lucie,888,32,,false,true,false,false,commercial-overhead-door-repair,MANUAL_REVIEW
https://securelifts.com/commercial-overhead-door-repair/riviera-beach,/commercial-overhead-door-repair/[city],commercial-overhead-door-repair,riviera-beach,200,https://securelifts.com/commercial-overhead-door-repair/riviera-beach,true,Commercial Overhead Door Repair in Riviera Beach | SecureLifts,"SecureLifts provides commercial overhead door repair in Riviera Beach for warehouses, industrial buildings, and business properties that need fast response and dependable repair work.",Commercial Overhead Door Repair in Riviera Beach,857,32,,false,true,false,false,commercial-overhead-door-repair,MANUAL_REVIEW
https://securelifts.com/commercial-overhead-door-repair/royal-palm-beach,/commercial-overhead-door-repair/[city],commercial-overhead-door-repair,royal-palm-beach,200,https://securelifts.com/commercial-overhead-door-repair/royal-palm-beach,true,Commercial Overhead Door Repair in Royal Palm Beach | SecureLifts,"SecureLifts provides commercial overhead door repair in Royal Palm Beach for warehouses, industrial buildings, and business properties that need fast response and dependable repair work.",Commercial Overhead Door Repair in Royal Palm Beach,879,32,,false,true,false,false,commercial-overhead-door-repair,MANUAL_REVIEW
https://securelifts.com/commercial-overhead-door-repair/stuart,/commercial-overhead-door-repair/[city],commercial-overhead-door-repair,stuart,200,https://securelifts.com/commercial-overhead-door-repair/stuart,true,Commercial Overhead Door Repair in Stuart | SecureLifts,"SecureLifts provides commercial overhead door repair in Stuart for warehouses, industrial buildings, and business properties that need fast response and dependable repair work.",Commercial Overhead Door Repair in Stuart,826,32,,false,true,false,false,commercial-overhead-door-repair,MANUAL_REVIEW
https://securelifts.com/commercial-overhead-door-repair/sunny-isles-beach,/commercial-overhead-door-repair/[city],commercial-overhead-door-repair,sunny-isles-beach,200,https://securelifts.com/commercial-overhead-door-repair/sunny-isles-beach,true,Commercial Overhead Door Repair in Sunny Isles Beach | SecureLifts,"SecureLifts provides commercial overhead door repair in Sunny Isles Beach for warehouses, industrial buildings, and business properties that need fast response and dependable repair work.",Commercial Overhead Door Repair in Sunny Isles Beach,888,32,,false,true,false,false,commercial-overhead-door-repair,MANUAL_REVIEW
https://securelifts.com/commercial-overhead-door-repair/sunrise,/commercial-overhead-door-repair/[city],commercial-overhead-door-repair,sunrise,200,https://securelifts.com/commercial-overhead-door-repair/sunrise,true,Commercial Overhead Door Repair in Sunrise | SecureLifts,"SecureLifts provides commercial overhead door repair in Sunrise for warehouses, industrial buildings, and business properties that need fast response and dependable repair work.",Commercial Overhead Door Repair in Sunrise,826,32,,false,true,false,false,commercial-overhead-door-repair,MANUAL_REVIEW
https://securelifts.com/commercial-overhead-door-repair/tamarac,/commercial-overhead-door-repair/[city],commercial-overhead-door-repair,tamarac,200,https://securelifts.com/commercial-overhead-door-repair/tamarac,true,Commercial Overhead Door Repair in Tamarac | SecureLifts,"SecureLifts provides commercial overhead door repair in Tamarac for warehouses, industrial buildings, and business properties that need fast response and dependable repair work.",Commercial Overhead Door Repair in Tamarac,826,32,,false,true,false,false,commercial-overhead-door-repair,MANUAL_REVIEW
https://securelifts.com/commercial-overhead-door-repair/tequesta,/commercial-overhead-door-repair/[city],commercial-overhead-door-repair,tequesta,200,https://securelifts.com/commercial-overhead-door-repair/tequesta,true,Commercial Overhead Door Repair in Tequesta | SecureLifts,"SecureLifts provides commercial overhead door repair in Tequesta for warehouses, industrial buildings, and business properties that need fast response and dependable repair work.",Commercial Overhead Door Repair in Tequesta,826,32,,false,true,false,false,commercial-overhead-door-repair,MANUAL_REVIEW
https://securelifts.com/commercial-overhead-door-repair/wellington,/commercial-overhead-door-repair/[city],commercial-overhead-door-repair,wellington,200,https://securelifts.com/commercial-overhead-door-repair/wellington,true,Commercial Overhead Door Repair in Wellington | SecureLifts,"SecureLifts provides commercial overhead door repair in Wellington for warehouses, industrial buildings, and business properties that need fast response and dependable repair work.",Commercial Overhead Door Repair in Wellington,822,32,,false,true,false,false,commercial-overhead-door-repair,MANUAL_REVIEW
https://securelifts.com/commercial-overhead-door-repair/west-palm-beach,/commercial-overhead-door-repair/[city],commercial-overhead-door-repair,west-palm-beach,200,https://securelifts.com/commercial-overhead-door-repair/west-palm-beach,true,Commercial Overhead Door Repair in West Palm Beach | SecureLifts,"SecureLifts provides commercial overhead door repair in West Palm Beach for warehouses, industrial buildings, and business properties that need fast response and dependable repair work.",Commercial Overhead Door Repair in West Palm Beach,880,32,,false,true,false,false,commercial-overhead-door-repair,MANUAL_REVIEW
https://securelifts.com/commercial-overhead-door-repair/weston,/commercial-overhead-door-repair/[city],commercial-overhead-door-repair,weston,200,https://securelifts.com/commercial-overhead-door-repair/weston,true,Commercial Overhead Door Repair in Weston | SecureLifts,"SecureLifts provides commercial overhead door repair in Weston for warehouses, industrial buildings, and business properties that need fast response and dependable repair work.",Commercial Overhead Door Repair in Weston,826,32,,false,true,false,false,commercial-overhead-door-repair,MANUAL_REVIEW
https://securelifts.com/commercial-overhead-door-repair/wilton-manors,/commercial-overhead-door-repair/[city],commercial-overhead-door-repair,wilton-manors,200,https://securelifts.com/commercial-overhead-door-repair/wilton-manors,true,Commercial Overhead Door Repair in Wilton Manors | SecureLifts,"SecureLifts provides commercial overhead door repair in Wilton Manors for warehouses, industrial buildings, and business properties that need fast response and dependable repair work.",Commercial Overhead Door Repair in Wilton Manors,857,32,,false,true,false,false,commercial-overhead-door-repair,MANUAL_REVIEW
https://securelifts.com/commercial-roll-up-door-repair/aventura,/commercial-roll-up-door-repair/[city],commercial-roll-up-door-repair,aventura,200,https://securelifts.com/commercial-roll-up-door-repair/aventura,true,Commercial Roll-Up Door Repair in Aventura | SecureLifts,"SecureLifts provides commercial roll-up door repair in Aventura for warehouses, storefronts, service bays, and business properties that need fast response and dependable repair work.",Commercial Roll-Up Door Repair in Aventura,878,32,,false,true,false,false,commercial-roll-up-door-repair,MANUAL_REVIEW
https://securelifts.com/commercial-roll-up-door-repair/boca-raton,/commercial-roll-up-door-repair/[city],commercial-roll-up-door-repair,boca-raton,200,https://securelifts.com/commercial-roll-up-door-repair/boca-raton,true,Commercial Roll-Up Door Repair in Boca Raton | SecureLifts,"SecureLifts provides commercial roll-up door repair in Boca Raton for warehouses, storefronts, service bays, and business properties that need fast response and dependable repair work.",Commercial Roll-Up Door Repair in Boca Raton,907,32,,false,true,false,false,commercial-roll-up-door-repair,MANUAL_REVIEW
https://securelifts.com/commercial-roll-up-door-repair/boynton-beach,/commercial-roll-up-door-repair/[city],commercial-roll-up-door-repair,boynton-beach,200,https://securelifts.com/commercial-roll-up-door-repair/boynton-beach,true,Commercial Roll-Up Door Repair in Boynton Beach | SecureLifts,"SecureLifts provides commercial roll-up door repair in Boynton Beach for warehouses, storefronts, service bays, and business properties that need fast response and dependable repair work.",Commercial Roll-Up Door Repair in Boynton Beach,906,32,,false,true,false,false,commercial-roll-up-door-repair,MANUAL_REVIEW
https://securelifts.com/commercial-roll-up-door-repair/coral-gables,/commercial-roll-up-door-repair/[city],commercial-roll-up-door-repair,coral-gables,200,https://securelifts.com/commercial-roll-up-door-repair/coral-gables,true,Commercial Roll-Up Door Repair in Coral Gables | SecureLifts,"SecureLifts provides commercial roll-up door repair in Coral Gables for warehouses, storefronts, service bays, and business properties that need fast response and dependable repair work.",Commercial Roll-Up Door Repair in Coral Gables,907,32,,false,true,false,false,commercial-roll-up-door-repair,MANUAL_REVIEW
https://securelifts.com/commercial-roll-up-door-repair/coral-springs,/commercial-roll-up-door-repair/[city],commercial-roll-up-door-repair,coral-springs,200,https://securelifts.com/commercial-roll-up-door-repair/coral-springs,true,Commercial Roll-Up Door Repair in Coral Springs | SecureLifts,"SecureLifts provides commercial roll-up door repair in Coral Springs for warehouses, storefronts, service bays, and business properties that need fast response and dependable repair work.",Commercial Roll-Up Door Repair in Coral Springs,907,32,,false,true,false,false,commercial-roll-up-door-repair,MANUAL_REVIEW
https://securelifts.com/commercial-roll-up-door-repair/cutler-bay,/commercial-roll-up-door-repair/[city],commercial-roll-up-door-repair,cutler-bay,200,https://securelifts.com/commercial-roll-up-door-repair/cutler-bay,true,Commercial Roll-Up Door Repair in Cutler Bay | SecureLifts,"SecureLifts provides commercial roll-up door repair in Cutler Bay for warehouses, storefronts, service bays, and business properties that need fast response and dependable repair work.",Commercial Roll-Up Door Repair in Cutler Bay,907,32,,false,true,false,false,commercial-roll-up-door-repair,MANUAL_REVIEW
https://securelifts.com/commercial-roll-up-door-repair/davie,/commercial-roll-up-door-repair/[city],commercial-roll-up-door-repair,davie,200,https://securelifts.com/commercial-roll-up-door-repair/davie,true,Commercial Roll-Up Door Repair in Davie | SecureLifts,"SecureLifts provides commercial roll-up door repair in Davie for warehouses, storefronts, service bays, and business properties that need fast response and dependable repair work.",Commercial Roll-Up Door Repair in Davie,878,32,,false,true,false,false,commercial-roll-up-door-repair,MANUAL_REVIEW
https://securelifts.com/commercial-roll-up-door-repair/deerfield-beach,/commercial-roll-up-door-repair/[city],commercial-roll-up-door-repair,deerfield-beach,200,https://securelifts.com/commercial-roll-up-door-repair/deerfield-beach,true,Commercial Roll-Up Door Repair in Deerfield Beach | SecureLifts,"SecureLifts provides commercial roll-up door repair in Deerfield Beach for warehouses, storefronts, service bays, and business properties that need fast response and dependable repair work.",Commercial Roll-Up Door Repair in Deerfield Beach,907,32,,false,true,false,false,commercial-roll-up-door-repair,MANUAL_REVIEW
https://securelifts.com/commercial-roll-up-door-repair/delray-beach,/commercial-roll-up-door-repair/[city],commercial-roll-up-door-repair,delray-beach,200,https://securelifts.com/commercial-roll-up-door-repair/delray-beach,true,Commercial Roll-Up Door Repair in Delray Beach | SecureLifts,"SecureLifts provides commercial roll-up door repair in Delray Beach for warehouses, storefronts, service bays, and business properties that need fast response and dependable repair work.",Commercial Roll-Up Door Repair in Delray Beach,906,32,,false,true,false,false,commercial-roll-up-door-repair,MANUAL_REVIEW
https://securelifts.com/commercial-roll-up-door-repair/doral,/commercial-roll-up-door-repair/[city],commercial-roll-up-door-repair,doral,200,https://securelifts.com/commercial-roll-up-door-repair/doral,true,Commercial Roll-Up Door Repair in Doral | SecureLifts,"SecureLifts provides commercial roll-up door repair in Doral for warehouses, storefronts, service bays, and business properties that need fast response and dependable repair work.",Commercial Roll-Up Door Repair in Doral,878,32,,false,true,false,false,commercial-roll-up-door-repair,MANUAL_REVIEW
https://securelifts.com/commercial-roll-up-door-repair/fort-lauderdale,/commercial-roll-up-door-repair/[city],commercial-roll-up-door-repair,fort-lauderdale,200,https://securelifts.com/commercial-roll-up-door-repair/fort-lauderdale,true,Commercial Roll-Up Door Repair in Fort Lauderdale | SecureLifts,"SecureLifts provides commercial roll-up door repair in Fort Lauderdale for warehouses, storefronts, service bays, and business properties that need fast response and dependable repair work.",Commercial Roll-Up Door Repair in Fort Lauderdale,905,32,,false,true,false,false,commercial-roll-up-door-repair,MANUAL_REVIEW
https://securelifts.com/commercial-roll-up-door-repair/greenacres,/commercial-roll-up-door-repair/[city],commercial-roll-up-door-repair,greenacres,200,https://securelifts.com/commercial-roll-up-door-repair/greenacres,true,Commercial Roll-Up Door Repair in Greenacres | SecureLifts,"SecureLifts provides commercial roll-up door repair in Greenacres for warehouses, storefronts, service bays, and business properties that need fast response and dependable repair work.",Commercial Roll-Up Door Repair in Greenacres,878,32,,false,true,false,false,commercial-roll-up-door-repair,MANUAL_REVIEW
https://securelifts.com/commercial-roll-up-door-repair/hallandale-beach,/commercial-roll-up-door-repair/[city],commercial-roll-up-door-repair,hallandale-beach,200,https://securelifts.com/commercial-roll-up-door-repair/hallandale-beach,true,Commercial Roll-Up Door Repair in Hallandale Beach | SecureLifts,"SecureLifts provides commercial roll-up door repair in Hallandale Beach for warehouses, storefronts, service bays, and business properties that need fast response and dependable repair work.",Commercial Roll-Up Door Repair in Hallandale Beach,907,32,,false,true,false,false,commercial-roll-up-door-repair,MANUAL_REVIEW
https://securelifts.com/commercial-roll-up-door-repair/hialeah,/commercial-roll-up-door-repair/[city],commercial-roll-up-door-repair,hialeah,200,https://securelifts.com/commercial-roll-up-door-repair/hialeah,true,Commercial Roll-Up Door Repair in Hialeah | SecureLifts,"SecureLifts provides commercial roll-up door repair in Hialeah for warehouses, storefronts, service bays, and business properties that need fast response and dependable repair work.",Commercial Roll-Up Door Repair in Hialeah,877,32,,false,true,false,false,commercial-roll-up-door-repair,MANUAL_REVIEW
https://securelifts.com/commercial-roll-up-door-repair/hialeah-gardens,/commercial-roll-up-door-repair/[city],commercial-roll-up-door-repair,hialeah-gardens,200,https://securelifts.com/commercial-roll-up-door-repair/hialeah-gardens,true,Commercial Roll-Up Door Repair in Hialeah Gardens | SecureLifts,"SecureLifts provides commercial roll-up door repair in Hialeah Gardens for warehouses, storefronts, service bays, and business properties that need fast response and dependable repair work.",Commercial Roll-Up Door Repair in Hialeah Gardens,907,32,,false,true,false,false,commercial-roll-up-door-repair,MANUAL_REVIEW
https://securelifts.com/commercial-roll-up-door-repair/highland-beach,/commercial-roll-up-door-repair/[city],commercial-roll-up-door-repair,highland-beach,200,https://securelifts.com/commercial-roll-up-door-repair/highland-beach,true,Commercial Roll-Up Door Repair in Highland Beach | SecureLifts,"SecureLifts provides commercial roll-up door repair in Highland Beach for warehouses, storefronts, service bays, and business properties that need fast response and dependable repair work.",Commercial Roll-Up Door Repair in Highland Beach,907,32,,false,true,false,false,commercial-roll-up-door-repair,MANUAL_REVIEW
https://securelifts.com/commercial-roll-up-door-repair/hollywood,/commercial-roll-up-door-repair/[city],commercial-roll-up-door-repair,hollywood,200,https://securelifts.com/commercial-roll-up-door-repair/hollywood,true,Commercial Roll-Up Door Repair in Hollywood | SecureLifts,"SecureLifts provides commercial roll-up door repair in Hollywood for warehouses, storefronts, service bays, and business properties that need fast response and dependable repair work.",Commercial Roll-Up Door Repair in Hollywood,875,32,,false,true,false,false,commercial-roll-up-door-repair,MANUAL_REVIEW
https://securelifts.com/commercial-roll-up-door-repair/homestead,/commercial-roll-up-door-repair/[city],commercial-roll-up-door-repair,homestead,200,https://securelifts.com/commercial-roll-up-door-repair/homestead,true,Commercial Roll-Up Door Repair in Homestead | SecureLifts,"SecureLifts provides commercial roll-up door repair in Homestead for warehouses, storefronts, service bays, and business properties that need fast response and dependable repair work.",Commercial Roll-Up Door Repair in Homestead,878,32,,false,true,false,false,commercial-roll-up-door-repair,MANUAL_REVIEW
https://securelifts.com/commercial-roll-up-door-repair/juno-beach,/commercial-roll-up-door-repair/[city],commercial-roll-up-door-repair,juno-beach,200,https://securelifts.com/commercial-roll-up-door-repair/juno-beach,true,Commercial Roll-Up Door Repair in Juno Beach | SecureLifts,"SecureLifts provides commercial roll-up door repair in Juno Beach for warehouses, storefronts, service bays, and business properties that need fast response and dependable repair work.",Commercial Roll-Up Door Repair in Juno Beach,907,32,,false,true,false,false,commercial-roll-up-door-repair,MANUAL_REVIEW
https://securelifts.com/commercial-roll-up-door-repair/jupiter,/commercial-roll-up-door-repair/[city],commercial-roll-up-door-repair,jupiter,200,https://securelifts.com/commercial-roll-up-door-repair/jupiter,true,Commercial Roll-Up Door Repair in Jupiter | SecureLifts,"SecureLifts provides commercial roll-up door repair in Jupiter for warehouses, storefronts, service bays, and business properties that need fast response and dependable repair work.",Commercial Roll-Up Door Repair in Jupiter,878,32,,false,true,false,false,commercial-roll-up-door-repair,MANUAL_REVIEW
https://securelifts.com/commercial-roll-up-door-repair/kendall,/commercial-roll-up-door-repair/[city],commercial-roll-up-door-repair,kendall,200,https://securelifts.com/commercial-roll-up-door-repair/kendall,true,Commercial Roll-Up Door Repair in Kendall | SecureLifts,"SecureLifts provides commercial roll-up door repair in Kendall for warehouses, storefronts, service bays, and business properties that need fast response and dependable repair work.",Commercial Roll-Up Door Repair in Kendall,878,32,,false,true,false,false,commercial-roll-up-door-repair,MANUAL_REVIEW
https://securelifts.com/commercial-roll-up-door-repair/lake-worth,/commercial-roll-up-door-repair/[city],commercial-roll-up-door-repair,lake-worth,200,https://securelifts.com/commercial-roll-up-door-repair/lake-worth,true,Commercial Roll-Up Door Repair in Lake Worth | SecureLifts,"SecureLifts provides commercial roll-up door repair in Lake Worth for warehouses, storefronts, service bays, and business properties that need fast response and dependable repair work.",Commercial Roll-Up Door Repair in Lake Worth,907,32,,false,true,false,false,commercial-roll-up-door-repair,MANUAL_REVIEW
https://securelifts.com/commercial-roll-up-door-repair/lauderhill,/commercial-roll-up-door-repair/[city],commercial-roll-up-door-repair,lauderhill,200,https://securelifts.com/commercial-roll-up-door-repair/lauderhill,true,Commercial Roll-Up Door Repair in Lauderhill | SecureLifts,"SecureLifts provides commercial roll-up door repair in Lauderhill for warehouses, storefronts, service bays, and business properties that need fast response and dependable repair work.",Commercial Roll-Up Door Repair in Lauderhill,878,32,,false,true,false,false,commercial-roll-up-door-repair,MANUAL_REVIEW
https://securelifts.com/commercial-roll-up-door-repair/lighthouse-point,/commercial-roll-up-door-repair/[city],commercial-roll-up-door-repair,lighthouse-point,200,https://securelifts.com/commercial-roll-up-door-repair/lighthouse-point,true,Commercial Roll-Up Door Repair in Lighthouse Point | SecureLifts,"SecureLifts provides commercial roll-up door repair in Lighthouse Point for warehouses, storefronts, service bays, and business properties that need fast response and dependable repair work.",Commercial Roll-Up Door Repair in Lighthouse Point,907,32,,false,true,false,false,commercial-roll-up-door-repair,MANUAL_REVIEW
https://securelifts.com/commercial-roll-up-door-repair/loxahatchee,/commercial-roll-up-door-repair/[city],commercial-roll-up-door-repair,loxahatchee,200,https://securelifts.com/commercial-roll-up-door-repair/loxahatchee,true,Commercial Roll-Up Door Repair in Loxahatchee | SecureLifts,"SecureLifts provides commercial roll-up door repair in Loxahatchee for warehouses, storefronts, service bays, and business properties that need fast response and dependable repair work.",Commercial Roll-Up Door Repair in Loxahatchee,878,32,,false,true,false,false,commercial-roll-up-door-repair,MANUAL_REVIEW
https://securelifts.com/commercial-roll-up-door-repair/medley,/commercial-roll-up-door-repair/[city],commercial-roll-up-door-repair,medley,200,https://securelifts.com/commercial-roll-up-door-repair/medley,true,Commercial Roll-Up Door Repair in Medley | SecureLifts,"SecureLifts provides commercial roll-up door repair in Medley for warehouses, storefronts, service bays, and business properties that need fast response and dependable repair work.",Commercial Roll-Up Door Repair in Medley,878,32,,false,true,false,false,commercial-roll-up-door-repair,MANUAL_REVIEW
https://securelifts.com/commercial-roll-up-door-repair/miami,/commercial-roll-up-door-repair/[city],commercial-roll-up-door-repair,miami,200,https://securelifts.com/commercial-roll-up-door-repair/miami,true,Commercial Roll-Up Door Repair in Miami | SecureLifts,"SecureLifts provides commercial roll-up door repair in Miami for warehouses, storefronts, service bays, and business properties that need fast response and dependable repair work.",Commercial Roll-Up Door Repair in Miami,880,32,,false,true,false,false,commercial-roll-up-door-repair,MANUAL_REVIEW
https://securelifts.com/commercial-roll-up-door-repair/miami-beach,/commercial-roll-up-door-repair/[city],commercial-roll-up-door-repair,miami-beach,200,https://securelifts.com/commercial-roll-up-door-repair/miami-beach,true,Commercial Roll-Up Door Repair in Miami Beach | SecureLifts,"SecureLifts provides commercial roll-up door repair in Miami Beach for warehouses, storefronts, service bays, and business properties that need fast response and dependable repair work.",Commercial Roll-Up Door Repair in Miami Beach,907,32,,false,true,false,false,commercial-roll-up-door-repair,MANUAL_REVIEW
https://securelifts.com/commercial-roll-up-door-repair/miami-gardens,/commercial-roll-up-door-repair/[city],commercial-roll-up-door-repair,miami-gardens,200,https://securelifts.com/commercial-roll-up-door-repair/miami-gardens,true,Commercial Roll-Up Door Repair in Miami Gardens | SecureLifts,"SecureLifts provides commercial roll-up door repair in Miami Gardens for warehouses, storefronts, service bays, and business properties that need fast response and dependable repair work.",Commercial Roll-Up Door Repair in Miami Gardens,907,32,,false,true,false,false,commercial-roll-up-door-repair,MANUAL_REVIEW
https://securelifts.com/commercial-roll-up-door-repair/miami-lakes,/commercial-roll-up-door-repair/[city],commercial-roll-up-door-repair,miami-lakes,200,https://securelifts.com/commercial-roll-up-door-repair/miami-lakes,true,Commercial Roll-Up Door Repair in Miami Lakes | SecureLifts,"SecureLifts provides commercial roll-up door repair in Miami Lakes for warehouses, storefronts, service bays, and business properties that need fast response and dependable repair work.",Commercial Roll-Up Door Repair in Miami Lakes,907,32,,false,true,false,false,commercial-roll-up-door-repair,MANUAL_REVIEW
https://securelifts.com/commercial-roll-up-door-repair/miramar,/commercial-roll-up-door-repair/[city],commercial-roll-up-door-repair,miramar,200,https://securelifts.com/commercial-roll-up-door-repair/miramar,true,Commercial Roll-Up Door Repair in Miramar | SecureLifts,"SecureLifts provides commercial roll-up door repair in Miramar for warehouses, storefronts, service bays, and business properties that need fast response and dependable repair work.",Commercial Roll-Up Door Repair in Miramar,878,32,,false,true,false,false,commercial-roll-up-door-repair,MANUAL_REVIEW
https://securelifts.com/commercial-roll-up-door-repair/north-palm-beach,/commercial-roll-up-door-repair/[city],commercial-roll-up-door-repair,north-palm-beach,200,https://securelifts.com/commercial-roll-up-door-repair/north-palm-beach,true,Commercial Roll-Up Door Repair in North Palm Beach | SecureLifts,"SecureLifts provides commercial roll-up door repair in North Palm Beach for warehouses, storefronts, service bays, and business properties that need fast response and dependable repair work.",Commercial Roll-Up Door Repair in North Palm Beach,936,32,,false,true,false,false,commercial-roll-up-door-repair,MANUAL_REVIEW
https://securelifts.com/commercial-roll-up-door-repair/oakland-park,/commercial-roll-up-door-repair/[city],commercial-roll-up-door-repair,oakland-park,200,https://securelifts.com/commercial-roll-up-door-repair/oakland-park,true,Commercial Roll-Up Door Repair in Oakland Park | SecureLifts,"SecureLifts provides commercial roll-up door repair in Oakland Park for warehouses, storefronts, service bays, and business properties that need fast response and dependable repair work.",Commercial Roll-Up Door Repair in Oakland Park,907,32,,false,true,false,false,commercial-roll-up-door-repair,MANUAL_REVIEW
https://securelifts.com/commercial-roll-up-door-repair/palm-beach,/commercial-roll-up-door-repair/[city],commercial-roll-up-door-repair,palm-beach,200,https://securelifts.com/commercial-roll-up-door-repair/palm-beach,true,Commercial Roll-Up Door Repair in Palm Beach | SecureLifts,"SecureLifts provides commercial roll-up door repair in Palm Beach for warehouses, storefronts, service bays, and business properties that need fast response and dependable repair work.",Commercial Roll-Up Door Repair in Palm Beach,907,32,,false,true,false,false,commercial-roll-up-door-repair,MANUAL_REVIEW
https://securelifts.com/commercial-roll-up-door-repair/palm-beach-gardens,/commercial-roll-up-door-repair/[city],commercial-roll-up-door-repair,palm-beach-gardens,200,https://securelifts.com/commercial-roll-up-door-repair/palm-beach-gardens,true,Commercial Roll-Up Door Repair in Palm Beach Gardens | SecureLifts,"SecureLifts provides commercial roll-up door repair in Palm Beach Gardens for warehouses, storefronts, service bays, and business properties that need fast response and dependable repair work.",Commercial Roll-Up Door Repair in Palm Beach Gardens,937,32,,false,true,false,false,commercial-roll-up-door-repair,MANUAL_REVIEW
https://securelifts.com/commercial-roll-up-door-repair/palmetto-bay,/commercial-roll-up-door-repair/[city],commercial-roll-up-door-repair,palmetto-bay,200,https://securelifts.com/commercial-roll-up-door-repair/palmetto-bay,true,Commercial Roll-Up Door Repair in Palmetto Bay | SecureLifts,"SecureLifts provides commercial roll-up door repair in Palmetto Bay for warehouses, storefronts, service bays, and business properties that need fast response and dependable repair work.",Commercial Roll-Up Door Repair in Palmetto Bay,907,32,,false,true,false,false,commercial-roll-up-door-repair,MANUAL_REVIEW
https://securelifts.com/commercial-roll-up-door-repair/parkland,/commercial-roll-up-door-repair/[city],commercial-roll-up-door-repair,parkland,200,https://securelifts.com/commercial-roll-up-door-repair/parkland,true,Commercial Roll-Up Door Repair in Parkland | SecureLifts,"SecureLifts provides commercial roll-up door repair in Parkland for warehouses, storefronts, service bays, and business properties that need fast response and dependable repair work.",Commercial Roll-Up Door Repair in Parkland,878,32,,false,true,false,false,commercial-roll-up-door-repair,MANUAL_REVIEW
https://securelifts.com/commercial-roll-up-door-repair/pembroke-pines,/commercial-roll-up-door-repair/[city],commercial-roll-up-door-repair,pembroke-pines,200,https://securelifts.com/commercial-roll-up-door-repair/pembroke-pines,true,Commercial Roll-Up Door Repair in Pembroke Pines | SecureLifts,"SecureLifts provides commercial roll-up door repair in Pembroke Pines for warehouses, storefronts, service bays, and business properties that need fast response and dependable repair work.",Commercial Roll-Up Door Repair in Pembroke Pines,907,32,,false,true,false,false,commercial-roll-up-door-repair,MANUAL_REVIEW
https://securelifts.com/commercial-roll-up-door-repair/pinecrest,/commercial-roll-up-door-repair/[city],commercial-roll-up-door-repair,pinecrest,200,https://securelifts.com/commercial-roll-up-door-repair/pinecrest,true,Commercial Roll-Up Door Repair in Pinecrest | SecureLifts,"SecureLifts provides commercial roll-up door repair in Pinecrest for warehouses, storefronts, service bays, and business properties that need fast response and dependable repair work.",Commercial Roll-Up Door Repair in Pinecrest,878,32,,false,true,false,false,commercial-roll-up-door-repair,MANUAL_REVIEW
https://securelifts.com/commercial-roll-up-door-repair/plantation,/commercial-roll-up-door-repair/[city],commercial-roll-up-door-repair,plantation,200,https://securelifts.com/commercial-roll-up-door-repair/plantation,true,Commercial Roll-Up Door Repair in Plantation | SecureLifts,"SecureLifts provides commercial roll-up door repair in Plantation for warehouses, storefronts, service bays, and business properties that need fast response and dependable repair work.",Commercial Roll-Up Door Repair in Plantation,878,32,,false,true,false,false,commercial-roll-up-door-repair,MANUAL_REVIEW
https://securelifts.com/commercial-roll-up-door-repair/pompano-beach,/commercial-roll-up-door-repair/[city],commercial-roll-up-door-repair,pompano-beach,200,https://securelifts.com/commercial-roll-up-door-repair/pompano-beach,true,Commercial Roll-Up Door Repair in Pompano Beach | SecureLifts,"SecureLifts provides commercial roll-up door repair in Pompano Beach for warehouses, storefronts, service bays, and business properties that need fast response and dependable repair work.",Commercial Roll-Up Door Repair in Pompano Beach,907,32,,false,true,false,false,commercial-roll-up-door-repair,MANUAL_REVIEW
https://securelifts.com/commercial-roll-up-door-repair/port-st-lucie,/commercial-roll-up-door-repair/[city],commercial-roll-up-door-repair,port-st-lucie,200,https://securelifts.com/commercial-roll-up-door-repair/port-st-lucie,true,Commercial Roll-Up Door Repair in Port St Lucie | SecureLifts,"SecureLifts provides commercial roll-up door repair in Port St Lucie for warehouses, storefronts, service bays, and business properties that need fast response and dependable repair work.",Commercial Roll-Up Door Repair in Port St Lucie,936,32,,false,true,false,false,commercial-roll-up-door-repair,MANUAL_REVIEW
https://securelifts.com/commercial-roll-up-door-repair/riviera-beach,/commercial-roll-up-door-repair/[city],commercial-roll-up-door-repair,riviera-beach,200,https://securelifts.com/commercial-roll-up-door-repair/riviera-beach,true,Commercial Roll-Up Door Repair in Riviera Beach | SecureLifts,"SecureLifts provides commercial roll-up door repair in Riviera Beach for warehouses, storefronts, service bays, and business properties that need fast response and dependable repair work.",Commercial Roll-Up Door Repair in Riviera Beach,907,32,,false,true,false,false,commercial-roll-up-door-repair,MANUAL_REVIEW
https://securelifts.com/commercial-roll-up-door-repair/royal-palm-beach,/commercial-roll-up-door-repair/[city],commercial-roll-up-door-repair,royal-palm-beach,200,https://securelifts.com/commercial-roll-up-door-repair/royal-palm-beach,true,Commercial Roll-Up Door Repair in Royal Palm Beach | SecureLifts,"SecureLifts provides commercial roll-up door repair in Royal Palm Beach for warehouses, storefronts, service bays, and business properties that need fast response and dependable repair work.",Commercial Roll-Up Door Repair in Royal Palm Beach,937,32,,false,true,false,false,commercial-roll-up-door-repair,MANUAL_REVIEW
https://securelifts.com/commercial-roll-up-door-repair/stuart,/commercial-roll-up-door-repair/[city],commercial-roll-up-door-repair,stuart,200,https://securelifts.com/commercial-roll-up-door-repair/stuart,true,Commercial Roll-Up Door Repair in Stuart | SecureLifts,"SecureLifts provides commercial roll-up door repair in Stuart for warehouses, storefronts, service bays, and business properties that need fast response and dependable repair work.",Commercial Roll-Up Door Repair in Stuart,878,32,,false,true,false,false,commercial-roll-up-door-repair,MANUAL_REVIEW
https://securelifts.com/commercial-roll-up-door-repair/sunny-isles-beach,/commercial-roll-up-door-repair/[city],commercial-roll-up-door-repair,sunny-isles-beach,200,https://securelifts.com/commercial-roll-up-door-repair/sunny-isles-beach,true,Commercial Roll-Up Door Repair in Sunny Isles Beach | SecureLifts,"SecureLifts provides commercial roll-up door repair in Sunny Isles Beach for warehouses, storefronts, service bays, and business properties that need fast response and dependable repair work.",Commercial Roll-Up Door Repair in Sunny Isles Beach,936,32,,false,true,false,false,commercial-roll-up-door-repair,MANUAL_REVIEW
https://securelifts.com/commercial-roll-up-door-repair/sunrise,/commercial-roll-up-door-repair/[city],commercial-roll-up-door-repair,sunrise,200,https://securelifts.com/commercial-roll-up-door-repair/sunrise,true,Commercial Roll-Up Door Repair in Sunrise | SecureLifts,"SecureLifts provides commercial roll-up door repair in Sunrise for warehouses, storefronts, service bays, and business properties that need fast response and dependable repair work.",Commercial Roll-Up Door Repair in Sunrise,878,32,,false,true,false,false,commercial-roll-up-door-repair,MANUAL_REVIEW
https://securelifts.com/commercial-roll-up-door-repair/tamarac,/commercial-roll-up-door-repair/[city],commercial-roll-up-door-repair,tamarac,200,https://securelifts.com/commercial-roll-up-door-repair/tamarac,true,Commercial Roll-Up Door Repair in Tamarac | SecureLifts,"SecureLifts provides commercial roll-up door repair in Tamarac for warehouses, storefronts, service bays, and business properties that need fast response and dependable repair work.",Commercial Roll-Up Door Repair in Tamarac,878,32,,false,true,false,false,commercial-roll-up-door-repair,MANUAL_REVIEW
https://securelifts.com/commercial-roll-up-door-repair/tequesta,/commercial-roll-up-door-repair/[city],commercial-roll-up-door-repair,tequesta,200,https://securelifts.com/commercial-roll-up-door-repair/tequesta,true,Commercial Roll-Up Door Repair in Tequesta | SecureLifts,"SecureLifts provides commercial roll-up door repair in Tequesta for warehouses, storefronts, service bays, and business properties that need fast response and dependable repair work.",Commercial Roll-Up Door Repair in Tequesta,878,32,,false,true,false,false,commercial-roll-up-door-repair,MANUAL_REVIEW
https://securelifts.com/commercial-roll-up-door-repair/wellington,/commercial-roll-up-door-repair/[city],commercial-roll-up-door-repair,wellington,200,https://securelifts.com/commercial-roll-up-door-repair/wellington,true,Commercial Roll-Up Door Repair in Wellington | SecureLifts,"SecureLifts provides commercial roll-up door repair in Wellington for warehouses, storefronts, service bays, and business properties that need fast response and dependable repair work.",Commercial Roll-Up Door Repair in Wellington,876,32,,false,true,false,false,commercial-roll-up-door-repair,MANUAL_REVIEW
https://securelifts.com/commercial-roll-up-door-repair/west-palm-beach,/commercial-roll-up-door-repair/[city],commercial-roll-up-door-repair,west-palm-beach,200,https://securelifts.com/commercial-roll-up-door-repair/west-palm-beach,true,Commercial Roll-Up Door Repair in West Palm Beach | SecureLifts,"SecureLifts provides commercial roll-up door repair in West Palm Beach for warehouses, storefronts, service bays, and business properties that need fast response and dependable repair work.",Commercial Roll-Up Door Repair in West Palm Beach,935,32,,false,true,false,false,commercial-roll-up-door-repair,MANUAL_REVIEW
https://securelifts.com/commercial-roll-up-door-repair/weston,/commercial-roll-up-door-repair/[city],commercial-roll-up-door-repair,weston,200,https://securelifts.com/commercial-roll-up-door-repair/weston,true,Commercial Roll-Up Door Repair in Weston | SecureLifts,"SecureLifts provides commercial roll-up door repair in Weston for warehouses, storefronts, service bays, and business properties that need fast response and dependable repair work.",Commercial Roll-Up Door Repair in Weston,878,32,,false,true,false,false,commercial-roll-up-door-repair,MANUAL_REVIEW
https://securelifts.com/commercial-roll-up-door-repair/wilton-manors,/commercial-roll-up-door-repair/[city],commercial-roll-up-door-repair,wilton-manors,200,https://securelifts.com/commercial-roll-up-door-repair/wilton-manors,true,Commercial Roll-Up Door Repair in Wilton Manors | SecureLifts,"SecureLifts provides commercial roll-up door repair in Wilton Manors for warehouses, storefronts, service bays, and business properties that need fast response and dependable repair work.",Commercial Roll-Up Door Repair in Wilton Manors,907,32,,false,true,false,false,commercial-roll-up-door-repair,MANUAL_REVIEW
https://securelifts.com/emergency-commercial-door-repair/davie,/emergency-commercial-door-repair/[city],emergency-commercial-door-repair,davie,200,https://securelifts.com/emergency-commercial-door-repair/davie,true,Emergency Commercial Door Repair in Davie | SecureLifts,"SecureLifts provides emergency commercial door repair in Davie with fast response to restore access, safety, and business operations.",Emergency Commercial Door Repair in Davie,1084,30,Service,false,false,false,false,emergency-commercial-door-repair,MANUAL_REVIEW
https://securelifts.com/emergency-commercial-door-repair/miami,/emergency-commercial-door-repair/[city],emergency-commercial-door-repair,miami,200,https://securelifts.com/emergency-commercial-door-repair/miami,true,Emergency Commercial Door Repair in Miami | SecureLifts,"SecureLifts provides emergency commercial door repair in Miami with fast response to restore access, safety, and business operations.",Emergency Commercial Door Repair in Miami,1084,30,Service,false,false,false,false,emergency-commercial-door-repair,MANUAL_REVIEW
https://securelifts.com/emergency-commercial-door-repair/miramar,/emergency-commercial-door-repair/[city],emergency-commercial-door-repair,miramar,200,https://securelifts.com/emergency-commercial-door-repair/miramar,true,Emergency Commercial Door Repair in Miramar | SecureLifts,"SecureLifts provides emergency commercial door repair in Miramar with fast response to restore access, safety, and business operations.",Emergency Commercial Door Repair in Miramar,1087,30,Service,false,false,false,false,emergency-commercial-door-repair,MANUAL_REVIEW
https://securelifts.com/emergency-commercial-door-repair/west-palm-beach,/emergency-commercial-door-repair/[city],emergency-commercial-door-repair,west-palm-beach,200,https://securelifts.com/emergency-commercial-door-repair/west-palm-beach,true,Emergency Commercial Door Repair in West Palm Beach | SecureLifts,"SecureLifts provides emergency commercial door repair in West Palm Beach with fast response to restore access, safety, and business operations.",Emergency Commercial Door Repair in West Palm Beach,1147,30,Service,false,false,false,false,emergency-commercial-door-repair,MANUAL_REVIEW
https://securelifts.com/emergency-garage-door-repair/aventura,/emergency-garage-door-repair/[city],emergency-garage-door-repair,aventura,200,https://securelifts.com/emergency-garage-door-repair/aventura,true,"Emergency Garage Door Repair in Aventura, FL | SecureLifts","SecureLifts provides emergency garage door repair in Aventura, FL for stuck doors, broken springs, snapped cables, opener failures, and unsafe doors.",Emergency Garage Door Repair in Aventura,674,36,Service|FAQPage|BreadcrumbList,false,false,false,false,emergency-garage-door-repair,MANUAL_REVIEW
https://securelifts.com/emergency-garage-door-repair/boca-raton,/emergency-garage-door-repair/[city],emergency-garage-door-repair,boca-raton,200,https://securelifts.com/emergency-garage-door-repair/boca-raton,true,"Emergency Garage Door Repair in Boca Raton, FL | SecureLifts","SecureLifts provides emergency garage door repair in Boca Raton, FL for stuck doors, broken springs, snapped cables, opener failures, and unsafe doors.",Emergency Garage Door Repair in Boca Raton,690,36,Service|FAQPage|BreadcrumbList,false,false,false,false,emergency-garage-door-repair,MANUAL_REVIEW
https://securelifts.com/emergency-garage-door-repair/boynton-beach,/emergency-garage-door-repair/[city],emergency-garage-door-repair,boynton-beach,200,https://securelifts.com/emergency-garage-door-repair/boynton-beach,true,"Emergency Garage Door Repair in Boynton Beach, FL | SecureLifts","SecureLifts provides emergency garage door repair in Boynton Beach, FL for stuck doors, broken springs, snapped cables, opener failures, and unsafe doors.",Emergency Garage Door Repair in Boynton Beach,689,36,Service|FAQPage|BreadcrumbList,false,false,false,false,emergency-garage-door-repair,MANUAL_REVIEW
https://securelifts.com/emergency-garage-door-repair/coral-gables,/emergency-garage-door-repair/[city],emergency-garage-door-repair,coral-gables,200,https://securelifts.com/emergency-garage-door-repair/coral-gables,true,"Emergency Garage Door Repair in Coral Gables, FL | SecureLifts","SecureLifts provides emergency garage door repair in Coral Gables, FL for stuck doors, broken springs, snapped cables, opener failures, and unsafe doors.",Emergency Garage Door Repair in Coral Gables,703,36,Service|FAQPage|BreadcrumbList,false,false,false,false,emergency-garage-door-repair,MANUAL_REVIEW
https://securelifts.com/emergency-garage-door-repair/coral-springs,/emergency-garage-door-repair/[city],emergency-garage-door-repair,coral-springs,200,https://securelifts.com/emergency-garage-door-repair/coral-springs,true,"Emergency Garage Door Repair in Coral Springs, FL | SecureLifts","SecureLifts provides emergency garage door repair in Coral Springs, FL for stuck doors, broken springs, snapped cables, opener failures, and unsafe doors.",Emergency Garage Door Repair in Coral Springs,703,36,Service|FAQPage|BreadcrumbList,false,false,false,false,emergency-garage-door-repair,MANUAL_REVIEW
https://securelifts.com/emergency-garage-door-repair/cutler-bay,/emergency-garage-door-repair/[city],emergency-garage-door-repair,cutler-bay,200,https://securelifts.com/emergency-garage-door-repair/cutler-bay,true,"Emergency Garage Door Repair in Cutler Bay, FL | SecureLifts","SecureLifts provides emergency garage door repair in Cutler Bay, FL for stuck doors, broken springs, snapped cables, opener failures, and unsafe doors.",Emergency Garage Door Repair in Cutler Bay,703,36,Service|FAQPage|BreadcrumbList,false,false,false,false,emergency-garage-door-repair,MANUAL_REVIEW
https://securelifts.com/emergency-garage-door-repair/davie,/emergency-garage-door-repair/[city],emergency-garage-door-repair,davie,200,https://securelifts.com/emergency-garage-door-repair/davie,true,"Emergency Garage Door Repair in Davie, FL | SecureLifts","SecureLifts provides emergency garage door repair in Davie, FL for stuck doors, broken springs, snapped cables, opener failures, and unsafe doors.",Emergency Garage Door Repair in Davie,651,34,Service|FAQPage|BreadcrumbList,false,false,false,false,emergency-garage-door-repair,MANUAL_REVIEW
https://securelifts.com/emergency-garage-door-repair/deerfield-beach,/emergency-garage-door-repair/[city],emergency-garage-door-repair,deerfield-beach,200,https://securelifts.com/emergency-garage-door-repair/deerfield-beach,true,"Emergency Garage Door Repair in Deerfield Beach, FL | SecureLifts","SecureLifts provides emergency garage door repair in Deerfield Beach, FL for stuck doors, broken springs, snapped cables, opener failures, and unsafe doors.",Emergency Garage Door Repair in Deerfield Beach,703,36,Service|FAQPage|BreadcrumbList,false,false,false,false,emergency-garage-door-repair,MANUAL_REVIEW
https://securelifts.com/emergency-garage-door-repair/delray-beach,/emergency-garage-door-repair/[city],emergency-garage-door-repair,delray-beach,200,https://securelifts.com/emergency-garage-door-repair/delray-beach,true,"Emergency Garage Door Repair in Delray Beach, FL | SecureLifts","SecureLifts provides emergency garage door repair in Delray Beach, FL for stuck doors, broken springs, snapped cables, opener failures, and unsafe doors.",Emergency Garage Door Repair in Delray Beach,689,36,Service|FAQPage|BreadcrumbList,false,false,false,false,emergency-garage-door-repair,MANUAL_REVIEW
https://securelifts.com/emergency-garage-door-repair/doral,/emergency-garage-door-repair/[city],emergency-garage-door-repair,doral,200,https://securelifts.com/emergency-garage-door-repair/doral,true,"Emergency Garage Door Repair in Doral, FL | SecureLifts","SecureLifts provides emergency garage door repair in Doral, FL for stuck doors, broken springs, snapped cables, opener failures, and unsafe doors.",Emergency Garage Door Repair in Doral,665,36,Service|FAQPage|BreadcrumbList,false,false,false,false,emergency-garage-door-repair,MANUAL_REVIEW
https://securelifts.com/emergency-garage-door-repair/fort-lauderdale,/emergency-garage-door-repair/[city],emergency-garage-door-repair,fort-lauderdale,200,https://securelifts.com/emergency-garage-door-repair/fort-lauderdale,true,"Emergency Garage Door Repair in Fort Lauderdale, FL | SecureLifts","SecureLifts provides emergency garage door repair in Fort Lauderdale, FL for stuck doors, broken springs, snapped cables, opener failures, and unsafe doors.",Emergency Garage Door Repair in Fort Lauderdale,690,36,Service|FAQPage|BreadcrumbList,false,false,false,false,emergency-garage-door-repair,MANUAL_REVIEW
https://securelifts.com/emergency-garage-door-repair/greenacres,/emergency-garage-door-repair/[city],emergency-garage-door-repair,greenacres,200,https://securelifts.com/emergency-garage-door-repair/greenacres,true,"Emergency Garage Door Repair in Greenacres, FL | SecureLifts","SecureLifts provides emergency garage door repair in Greenacres, FL for stuck doors, broken springs, snapped cables, opener failures, and unsafe doors.",Emergency Garage Door Repair in Greenacres,674,36,Service|FAQPage|BreadcrumbList,false,false,false,false,emergency-garage-door-repair,MANUAL_REVIEW
https://securelifts.com/emergency-garage-door-repair/hallandale-beach,/emergency-garage-door-repair/[city],emergency-garage-door-repair,hallandale-beach,200,https://securelifts.com/emergency-garage-door-repair/hallandale-beach,true,"Emergency Garage Door Repair in Hallandale Beach, FL | SecureLifts","SecureLifts provides emergency garage door repair in Hallandale Beach, FL for stuck doors, broken springs, snapped cables, opener failures, and unsafe doors.",Emergency Garage Door Repair in Hallandale Beach,687,35,Service|FAQPage|BreadcrumbList,false,false,false,false,emergency-garage-door-repair,MANUAL_REVIEW
https://securelifts.com/emergency-garage-door-repair/hialeah,/emergency-garage-door-repair/[city],emergency-garage-door-repair,hialeah,200,https://securelifts.com/emergency-garage-door-repair/hialeah,true,"Emergency Garage Door Repair in Hialeah, FL | SecureLifts","SecureLifts provides emergency garage door repair in Hialeah, FL for stuck doors, broken springs, snapped cables, opener failures, and unsafe doors.",Emergency Garage Door Repair in Hialeah,674,36,Service|FAQPage|BreadcrumbList,false,false,false,false,emergency-garage-door-repair,MANUAL_REVIEW
https://securelifts.com/emergency-garage-door-repair/hialeah-gardens,/emergency-garage-door-repair/[city],emergency-garage-door-repair,hialeah-gardens,200,https://securelifts.com/emergency-garage-door-repair/hialeah-gardens,true,"Emergency Garage Door Repair in Hialeah Gardens, FL | SecureLifts","SecureLifts provides emergency garage door repair in Hialeah Gardens, FL for stuck doors, broken springs, snapped cables, opener failures, and unsafe doors.",Emergency Garage Door Repair in Hialeah Gardens,703,36,Service|FAQPage|BreadcrumbList,false,false,false,false,emergency-garage-door-repair,MANUAL_REVIEW
https://securelifts.com/emergency-garage-door-repair/highland-beach,/emergency-garage-door-repair/[city],emergency-garage-door-repair,highland-beach,200,https://securelifts.com/emergency-garage-door-repair/highland-beach,true,"Emergency Garage Door Repair in Highland Beach, FL | SecureLifts","SecureLifts provides emergency garage door repair in Highland Beach, FL for stuck doors, broken springs, snapped cables, opener failures, and unsafe doors.",Emergency Garage Door Repair in Highland Beach,703,36,Service|FAQPage|BreadcrumbList,false,false,false,false,emergency-garage-door-repair,MANUAL_REVIEW
https://securelifts.com/emergency-garage-door-repair/hollywood,/emergency-garage-door-repair/[city],emergency-garage-door-repair,hollywood,200,https://securelifts.com/emergency-garage-door-repair/hollywood,true,"Emergency Garage Door Repair in Hollywood, FL | SecureLifts","SecureLifts provides emergency garage door repair in Hollywood, FL for stuck doors, broken springs, snapped cables, opener failures, and unsafe doors.",Emergency Garage Door Repair in Hollywood,674,36,Service|FAQPage|BreadcrumbList,false,false,false,false,emergency-garage-door-repair,MANUAL_REVIEW
https://securelifts.com/emergency-garage-door-repair/homestead,/emergency-garage-door-repair/[city],emergency-garage-door-repair,homestead,200,https://securelifts.com/emergency-garage-door-repair/homestead,true,"Emergency Garage Door Repair in Homestead, FL | SecureLifts","SecureLifts provides emergency garage door repair in Homestead, FL for stuck doors, broken springs, snapped cables, opener failures, and unsafe doors.",Emergency Garage Door Repair in Homestead,665,36,Service|FAQPage|BreadcrumbList,false,false,false,false,emergency-garage-door-repair,MANUAL_REVIEW
https://securelifts.com/emergency-garage-door-repair/juno-beach,/emergency-garage-door-repair/[city],emergency-garage-door-repair,juno-beach,200,https://securelifts.com/emergency-garage-door-repair/juno-beach,true,"Emergency Garage Door Repair in Juno Beach, FL | SecureLifts","SecureLifts provides emergency garage door repair in Juno Beach, FL for stuck doors, broken springs, snapped cables, opener failures, and unsafe doors.",Emergency Garage Door Repair in Juno Beach,703,36,Service|FAQPage|BreadcrumbList,false,false,false,false,emergency-garage-door-repair,MANUAL_REVIEW
https://securelifts.com/emergency-garage-door-repair/jupiter,/emergency-garage-door-repair/[city],emergency-garage-door-repair,jupiter,200,https://securelifts.com/emergency-garage-door-repair/jupiter,true,"Emergency Garage Door Repair in Jupiter, FL | SecureLifts","SecureLifts provides emergency garage door repair in Jupiter, FL for stuck doors, broken springs, snapped cables, opener failures, and unsafe doors.",Emergency Garage Door Repair in Jupiter,666,36,Service|FAQPage|BreadcrumbList,false,false,false,false,emergency-garage-door-repair,MANUAL_REVIEW
https://securelifts.com/emergency-garage-door-repair/kendall,/emergency-garage-door-repair/[city],emergency-garage-door-repair,kendall,200,https://securelifts.com/emergency-garage-door-repair/kendall,true,"Emergency Garage Door Repair in Kendall, FL | SecureLifts","SecureLifts provides emergency garage door repair in Kendall, FL for stuck doors, broken springs, snapped cables, opener failures, and unsafe doors.",Emergency Garage Door Repair in Kendall,674,36,Service|FAQPage|BreadcrumbList,false,false,false,false,emergency-garage-door-repair,MANUAL_REVIEW
https://securelifts.com/emergency-garage-door-repair/lake-worth,/emergency-garage-door-repair/[city],emergency-garage-door-repair,lake-worth,200,https://securelifts.com/emergency-garage-door-repair/lake-worth,true,"Emergency Garage Door Repair in Lake Worth, FL | SecureLifts","SecureLifts provides emergency garage door repair in Lake Worth, FL for stuck doors, broken springs, snapped cables, opener failures, and unsafe doors.",Emergency Garage Door Repair in Lake Worth,703,36,Service|FAQPage|BreadcrumbList,false,false,false,false,emergency-garage-door-repair,MANUAL_REVIEW
https://securelifts.com/emergency-garage-door-repair/lauderhill,/emergency-garage-door-repair/[city],emergency-garage-door-repair,lauderhill,200,https://securelifts.com/emergency-garage-door-repair/lauderhill,true,"Emergency Garage Door Repair in Lauderhill, FL | SecureLifts","SecureLifts provides emergency garage door repair in Lauderhill, FL for stuck doors, broken springs, snapped cables, opener failures, and unsafe doors.",Emergency Garage Door Repair in Lauderhill,674,36,Service|FAQPage|BreadcrumbList,false,false,false,false,emergency-garage-door-repair,MANUAL_REVIEW
https://securelifts.com/emergency-garage-door-repair/lighthouse-point,/emergency-garage-door-repair/[city],emergency-garage-door-repair,lighthouse-point,200,https://securelifts.com/emergency-garage-door-repair/lighthouse-point,true,"Emergency Garage Door Repair in Lighthouse Point, FL | SecureLifts","SecureLifts provides emergency garage door repair in Lighthouse Point, FL for stuck doors, broken springs, snapped cables, opener failures, and unsafe doors.",Emergency Garage Door Repair in Lighthouse Point,703,36,Service|FAQPage|BreadcrumbList,false,false,false,false,emergency-garage-door-repair,MANUAL_REVIEW
https://securelifts.com/emergency-garage-door-repair/loxahatchee,/emergency-garage-door-repair/[city],emergency-garage-door-repair,loxahatchee,200,https://securelifts.com/emergency-garage-door-repair/loxahatchee,true,"Emergency Garage Door Repair in Loxahatchee, FL | SecureLifts","SecureLifts provides emergency garage door repair in Loxahatchee, FL for stuck doors, broken springs, snapped cables, opener failures, and unsafe doors.",Emergency Garage Door Repair in Loxahatchee,674,36,Service|FAQPage|BreadcrumbList,false,false,false,false,emergency-garage-door-repair,MANUAL_REVIEW
https://securelifts.com/emergency-garage-door-repair/medley,/emergency-garage-door-repair/[city],emergency-garage-door-repair,medley,200,https://securelifts.com/emergency-garage-door-repair/medley,true,"Emergency Garage Door Repair in Medley, FL | SecureLifts","SecureLifts provides emergency garage door repair in Medley, FL for stuck doors, broken springs, snapped cables, opener failures, and unsafe doors.",Emergency Garage Door Repair in Medley,663,36,Service|FAQPage|BreadcrumbList,false,false,false,false,emergency-garage-door-repair,MANUAL_REVIEW
https://securelifts.com/emergency-garage-door-repair/miami,/emergency-garage-door-repair/[city],emergency-garage-door-repair,miami,200,https://securelifts.com/emergency-garage-door-repair/miami,true,"Emergency Garage Door Repair in Miami, FL | SecureLifts","SecureLifts provides emergency garage door repair in Miami, FL for stuck doors, broken springs, snapped cables, opener failures, and unsafe doors.",Emergency Garage Door Repair in Miami,697,39,Service|FAQPage|BreadcrumbList,false,false,true,true,emergency-garage-door-repair,IMPROVE
https://securelifts.com/emergency-garage-door-repair/miami-beach,/emergency-garage-door-repair/[city],emergency-garage-door-repair,miami-beach,200,https://securelifts.com/emergency-garage-door-repair/miami-beach,true,"Emergency Garage Door Repair in Miami Beach, FL | SecureLifts","SecureLifts provides emergency garage door repair in Miami Beach, FL for stuck doors, broken springs, snapped cables, opener failures, and unsafe doors.",Emergency Garage Door Repair in Miami Beach,717,37,Service|FAQPage|BreadcrumbList,false,false,true,true,emergency-garage-door-repair,IMPROVE
https://securelifts.com/emergency-garage-door-repair/miami-gardens,/emergency-garage-door-repair/[city],emergency-garage-door-repair,miami-gardens,200,https://securelifts.com/emergency-garage-door-repair/miami-gardens,true,"Emergency Garage Door Repair in Miami Gardens, FL | SecureLifts","SecureLifts provides emergency garage door repair in Miami Gardens, FL for stuck doors, broken springs, snapped cables, opener failures, and unsafe doors.",Emergency Garage Door Repair in Miami Gardens,703,36,Service|FAQPage|BreadcrumbList,false,false,false,false,emergency-garage-door-repair,MANUAL_REVIEW
https://securelifts.com/emergency-garage-door-repair/miami-lakes,/emergency-garage-door-repair/[city],emergency-garage-door-repair,miami-lakes,200,https://securelifts.com/emergency-garage-door-repair/miami-lakes,true,"Emergency Garage Door Repair in Miami Lakes, FL | SecureLifts","SecureLifts provides emergency garage door repair in Miami Lakes, FL for stuck doors, broken springs, snapped cables, opener failures, and unsafe doors.",Emergency Garage Door Repair in Miami Lakes,703,36,Service|FAQPage|BreadcrumbList,false,false,false,false,emergency-garage-door-repair,MANUAL_REVIEW
https://securelifts.com/emergency-garage-door-repair/miramar,/emergency-garage-door-repair/[city],emergency-garage-door-repair,miramar,200,https://securelifts.com/emergency-garage-door-repair/miramar,true,"Emergency Garage Door Repair in Miramar, FL | SecureLifts","SecureLifts provides emergency garage door repair in Miramar, FL for stuck doors, broken springs, snapped cables, opener failures, and unsafe doors.",Emergency Garage Door Repair in Miramar,660,35,Service|FAQPage|BreadcrumbList,false,false,false,false,emergency-garage-door-repair,MANUAL_REVIEW
https://securelifts.com/emergency-garage-door-repair/north-palm-beach,/emergency-garage-door-repair/[city],emergency-garage-door-repair,north-palm-beach,200,https://securelifts.com/emergency-garage-door-repair/north-palm-beach,true,"Emergency Garage Door Repair in North Palm Beach, FL | SecureLifts","SecureLifts provides emergency garage door repair in North Palm Beach, FL for stuck doors, broken springs, snapped cables, opener failures, and unsafe doors.",Emergency Garage Door Repair in North Palm Beach,732,36,Service|FAQPage|BreadcrumbList,false,false,false,false,emergency-garage-door-repair,MANUAL_REVIEW
https://securelifts.com/emergency-garage-door-repair/oakland-park,/emergency-garage-door-repair/[city],emergency-garage-door-repair,oakland-park,200,https://securelifts.com/emergency-garage-door-repair/oakland-park,true,"Emergency Garage Door Repair in Oakland Park, FL | SecureLifts","SecureLifts provides emergency garage door repair in Oakland Park, FL for stuck doors, broken springs, snapped cables, opener failures, and unsafe doors.",Emergency Garage Door Repair in Oakland Park,703,36,Service|FAQPage|BreadcrumbList,false,false,false,false,emergency-garage-door-repair,MANUAL_REVIEW
https://securelifts.com/emergency-garage-door-repair/palm-beach,/emergency-garage-door-repair/[city],emergency-garage-door-repair,palm-beach,200,https://securelifts.com/emergency-garage-door-repair/palm-beach,true,"Emergency Garage Door Repair in Palm Beach, FL | SecureLifts","SecureLifts provides emergency garage door repair in Palm Beach, FL for stuck doors, broken springs, snapped cables, opener failures, and unsafe doors.",Emergency Garage Door Repair in Palm Beach,703,36,Service|FAQPage|BreadcrumbList,false,false,false,false,emergency-garage-door-repair,MANUAL_REVIEW
https://securelifts.com/emergency-garage-door-repair/palm-beach-gardens,/emergency-garage-door-repair/[city],emergency-garage-door-repair,palm-beach-gardens,200,https://securelifts.com/emergency-garage-door-repair/palm-beach-gardens,true,"Emergency Garage Door Repair in Palm Beach Gardens, FL | SecureLifts","SecureLifts provides emergency garage door repair in Palm Beach Gardens, FL for stuck doors, broken springs, snapped cables, opener failures, and unsafe doors.",Emergency Garage Door Repair in Palm Beach Gardens,719,36,Service|FAQPage|BreadcrumbList,false,false,false,false,emergency-garage-door-repair,MANUAL_REVIEW
https://securelifts.com/emergency-garage-door-repair/palmetto-bay,/emergency-garage-door-repair/[city],emergency-garage-door-repair,palmetto-bay,200,https://securelifts.com/emergency-garage-door-repair/palmetto-bay,true,"Emergency Garage Door Repair in Palmetto Bay, FL | SecureLifts","SecureLifts provides emergency garage door repair in Palmetto Bay, FL for stuck doors, broken springs, snapped cables, opener failures, and unsafe doors.",Emergency Garage Door Repair in Palmetto Bay,703,36,Service|FAQPage|BreadcrumbList,false,false,false,false,emergency-garage-door-repair,MANUAL_REVIEW
https://securelifts.com/emergency-garage-door-repair/parkland,/emergency-garage-door-repair/[city],emergency-garage-door-repair,parkland,200,https://securelifts.com/emergency-garage-door-repair/parkland,true,"Emergency Garage Door Repair in Parkland, FL | SecureLifts","SecureLifts provides emergency garage door repair in Parkland, FL for stuck doors, broken springs, snapped cables, opener failures, and unsafe doors.",Emergency Garage Door Repair in Parkland,674,36,Service|FAQPage|BreadcrumbList,false,false,false,false,emergency-garage-door-repair,MANUAL_REVIEW
https://securelifts.com/emergency-garage-door-repair/pembroke-pines,/emergency-garage-door-repair/[city],emergency-garage-door-repair,pembroke-pines,200,https://securelifts.com/emergency-garage-door-repair/pembroke-pines,true,"Emergency Garage Door Repair in Pembroke Pines, FL | SecureLifts","SecureLifts provides emergency garage door repair in Pembroke Pines, FL for stuck doors, broken springs, snapped cables, opener failures, and unsafe doors.",Emergency Garage Door Repair in Pembroke Pines,703,36,Service|FAQPage|BreadcrumbList,false,false,false,false,emergency-garage-door-repair,MANUAL_REVIEW
https://securelifts.com/emergency-garage-door-repair/pinecrest,/emergency-garage-door-repair/[city],emergency-garage-door-repair,pinecrest,200,https://securelifts.com/emergency-garage-door-repair/pinecrest,true,"Emergency Garage Door Repair in Pinecrest, FL | SecureLifts","SecureLifts provides emergency garage door repair in Pinecrest, FL for stuck doors, broken springs, snapped cables, opener failures, and unsafe doors.",Emergency Garage Door Repair in Pinecrest,665,36,Service|FAQPage|BreadcrumbList,false,false,false,false,emergency-garage-door-repair,MANUAL_REVIEW
https://securelifts.com/emergency-garage-door-repair/plantation,/emergency-garage-door-repair/[city],emergency-garage-door-repair,plantation,200,https://securelifts.com/emergency-garage-door-repair/plantation,true,"Emergency Garage Door Repair in Plantation, FL | SecureLifts","SecureLifts provides emergency garage door repair in Plantation, FL for stuck doors, broken springs, snapped cables, opener failures, and unsafe doors.",Emergency Garage Door Repair in Plantation,674,36,Service|FAQPage|BreadcrumbList,false,false,false,false,emergency-garage-door-repair,MANUAL_REVIEW
https://securelifts.com/emergency-garage-door-repair/pompano-beach,/emergency-garage-door-repair/[city],emergency-garage-door-repair,pompano-beach,200,https://securelifts.com/emergency-garage-door-repair/pompano-beach,true,"Emergency Garage Door Repair in Pompano Beach, FL | SecureLifts","SecureLifts provides emergency garage door repair in Pompano Beach, FL for stuck doors, broken springs, snapped cables, opener failures, and unsafe doors.",Emergency Garage Door Repair in Pompano Beach,703,36,Service|FAQPage|BreadcrumbList,false,false,false,false,emergency-garage-door-repair,MANUAL_REVIEW
https://securelifts.com/emergency-garage-door-repair/port-st-lucie,/emergency-garage-door-repair/[city],emergency-garage-door-repair,port-st-lucie,200,https://securelifts.com/emergency-garage-door-repair/port-st-lucie,true,"Emergency Garage Door Repair in Port St Lucie, FL | SecureLifts","SecureLifts provides emergency garage door repair in Port St Lucie, FL for stuck doors, broken springs, snapped cables, opener failures, and unsafe doors.",Emergency Garage Door Repair in Port St Lucie,732,36,Service|FAQPage|BreadcrumbList,false,false,false,false,emergency-garage-door-repair,MANUAL_REVIEW
https://securelifts.com/emergency-garage-door-repair/riviera-beach,/emergency-garage-door-repair/[city],emergency-garage-door-repair,riviera-beach,200,https://securelifts.com/emergency-garage-door-repair/riviera-beach,true,"Emergency Garage Door Repair in Riviera Beach, FL | SecureLifts","SecureLifts provides emergency garage door repair in Riviera Beach, FL for stuck doors, broken springs, snapped cables, opener failures, and unsafe doors.",Emergency Garage Door Repair in Riviera Beach,703,36,Service|FAQPage|BreadcrumbList,false,false,false,false,emergency-garage-door-repair,MANUAL_REVIEW
https://securelifts.com/emergency-garage-door-repair/royal-palm-beach,/emergency-garage-door-repair/[city],emergency-garage-door-repair,royal-palm-beach,200,https://securelifts.com/emergency-garage-door-repair/royal-palm-beach,true,"Emergency Garage Door Repair in Royal Palm Beach, FL | SecureLifts","SecureLifts provides emergency garage door repair in Royal Palm Beach, FL for stuck doors, broken springs, snapped cables, opener failures, and unsafe doors.",Emergency Garage Door Repair in Royal Palm Beach,717,36,Service|FAQPage|BreadcrumbList,false,false,false,false,emergency-garage-door-repair,MANUAL_REVIEW
https://securelifts.com/emergency-garage-door-repair/stuart,/emergency-garage-door-repair/[city],emergency-garage-door-repair,stuart,200,https://securelifts.com/emergency-garage-door-repair/stuart,true,"Emergency Garage Door Repair in Stuart, FL | SecureLifts","SecureLifts provides emergency garage door repair in Stuart, FL for stuck doors, broken springs, snapped cables, opener failures, and unsafe doors.",Emergency Garage Door Repair in Stuart,674,36,Service|FAQPage|BreadcrumbList,false,false,false,false,emergency-garage-door-repair,MANUAL_REVIEW
https://securelifts.com/emergency-garage-door-repair/sunny-isles-beach,/emergency-garage-door-repair/[city],emergency-garage-door-repair,sunny-isles-beach,200,https://securelifts.com/emergency-garage-door-repair/sunny-isles-beach,true,"Emergency Garage Door Repair in Sunny Isles Beach, FL | SecureLifts","SecureLifts provides emergency garage door repair in Sunny Isles Beach, FL for stuck doors, broken springs, snapped cables, opener failures, and unsafe doors.",Emergency Garage Door Repair in Sunny Isles Beach,732,36,Service|FAQPage|BreadcrumbList,false,false,false,false,emergency-garage-door-repair,MANUAL_REVIEW
https://securelifts.com/emergency-garage-door-repair/sunrise,/emergency-garage-door-repair/[city],emergency-garage-door-repair,sunrise,200,https://securelifts.com/emergency-garage-door-repair/sunrise,true,"Emergency Garage Door Repair in Sunrise, FL | SecureLifts","SecureLifts provides emergency garage door repair in Sunrise, FL for stuck doors, broken springs, snapped cables, opener failures, and unsafe doors.",Emergency Garage Door Repair in Sunrise,674,36,Service|FAQPage|BreadcrumbList,false,false,false,false,emergency-garage-door-repair,MANUAL_REVIEW
https://securelifts.com/emergency-garage-door-repair/tamarac,/emergency-garage-door-repair/[city],emergency-garage-door-repair,tamarac,200,https://securelifts.com/emergency-garage-door-repair/tamarac,true,"Emergency Garage Door Repair in Tamarac, FL | SecureLifts","SecureLifts provides emergency garage door repair in Tamarac, FL for stuck doors, broken springs, snapped cables, opener failures, and unsafe doors.",Emergency Garage Door Repair in Tamarac,674,36,Service|FAQPage|BreadcrumbList,false,false,false,false,emergency-garage-door-repair,MANUAL_REVIEW
https://securelifts.com/emergency-garage-door-repair/tequesta,/emergency-garage-door-repair/[city],emergency-garage-door-repair,tequesta,200,https://securelifts.com/emergency-garage-door-repair/tequesta,true,"Emergency Garage Door Repair in Tequesta, FL | SecureLifts","SecureLifts provides emergency garage door repair in Tequesta, FL for stuck doors, broken springs, snapped cables, opener failures, and unsafe doors.",Emergency Garage Door Repair in Tequesta,674,36,Service|FAQPage|BreadcrumbList,false,false,false,false,emergency-garage-door-repair,MANUAL_REVIEW
https://securelifts.com/emergency-garage-door-repair/wellington,/emergency-garage-door-repair/[city],emergency-garage-door-repair,wellington,200,https://securelifts.com/emergency-garage-door-repair/wellington,true,"Emergency Garage Door Repair in Wellington, FL | SecureLifts","SecureLifts provides emergency garage door repair in Wellington, FL for stuck doors, broken springs, snapped cables, opener failures, and unsafe doors.",Emergency Garage Door Repair in Wellington,665,36,Service|FAQPage|BreadcrumbList,false,false,false,false,emergency-garage-door-repair,MANUAL_REVIEW
https://securelifts.com/emergency-garage-door-repair/west-palm-beach,/emergency-garage-door-repair/[city],emergency-garage-door-repair,west-palm-beach,200,https://securelifts.com/emergency-garage-door-repair/west-palm-beach,true,"Emergency Garage Door Repair in West Palm Beach, FL | SecureLifts","SecureLifts provides emergency garage door repair in West Palm Beach, FL for stuck doors, broken springs, snapped cables, opener failures, and unsafe doors.",Emergency Garage Door Repair in West Palm Beach,724,36,Service|FAQPage|BreadcrumbList,false,false,false,false,emergency-garage-door-repair,MANUAL_REVIEW
https://securelifts.com/emergency-garage-door-repair/weston,/emergency-garage-door-repair/[city],emergency-garage-door-repair,weston,200,https://securelifts.com/emergency-garage-door-repair/weston,true,"Emergency Garage Door Repair in Weston, FL | SecureLifts","SecureLifts provides emergency garage door repair in Weston, FL for stuck doors, broken springs, snapped cables, opener failures, and unsafe doors.",Emergency Garage Door Repair in Weston,674,36,Service|FAQPage|BreadcrumbList,false,false,false,false,emergency-garage-door-repair,MANUAL_REVIEW
https://securelifts.com/emergency-garage-door-repair/wilton-manors,/emergency-garage-door-repair/[city],emergency-garage-door-repair,wilton-manors,200,https://securelifts.com/emergency-garage-door-repair/wilton-manors,true,"Emergency Garage Door Repair in Wilton Manors, FL | SecureLifts","SecureLifts provides emergency garage door repair in Wilton Manors, FL for stuck doors, broken springs, snapped cables, opener failures, and unsafe doors.",Emergency Garage Door Repair in Wilton Manors,703,36,Service|FAQPage|BreadcrumbList,false,false,false,false,emergency-garage-door-repair,MANUAL_REVIEW
https://securelifts.com/garage-door-cable-repair/aventura,/garage-door-cable-repair/[city],garage-door-cable-repair,aventura,200,https://securelifts.com/garage-door-cable-repair/aventura,true,"Garage Door Cable Repair in Aventura, FL | SecureLifts","Fast garage door cable repair in Aventura, FL. SecureLifts fixes broken, loose, frayed, or off-drum garage door cables safely.",Garage Door Cable Repair in Aventura,972,36,Service|FAQPage|BreadcrumbList,true,true,false,false,garage-door-cable-repair,MANUAL_REVIEW
https://securelifts.com/garage-door-cable-repair/boca-raton,/garage-door-cable-repair/[city],garage-door-cable-repair,boca-raton,200,https://securelifts.com/garage-door-cable-repair/boca-raton,true,"Garage Door Cable Repair in Boca Raton, FL | SecureLifts","Fast garage door cable repair in Boca Raton, FL. SecureLifts fixes broken, loose, frayed, or off-drum garage door cables safely.",Garage Door Cable Repair in Boca Raton,993,36,Service|FAQPage|BreadcrumbList,true,true,false,false,garage-door-cable-repair,MANUAL_REVIEW
https://securelifts.com/garage-door-cable-repair/boynton-beach,/garage-door-cable-repair/[city],garage-door-cable-repair,boynton-beach,200,https://securelifts.com/garage-door-cable-repair/boynton-beach,true,"Garage Door Cable Repair in Boynton Beach, FL | SecureLifts","Fast garage door cable repair in Boynton Beach, FL. SecureLifts fixes broken, loose, frayed, or off-drum garage door cables safely.",Garage Door Cable Repair in Boynton Beach,992,36,Service|FAQPage|BreadcrumbList,true,true,false,false,garage-door-cable-repair,MANUAL_REVIEW
https://securelifts.com/garage-door-cable-repair/coral-gables,/garage-door-cable-repair/[city],garage-door-cable-repair,coral-gables,200,https://securelifts.com/garage-door-cable-repair/coral-gables,true,"Garage Door Cable Repair in Coral Gables, FL | SecureLifts","Fast garage door cable repair in Coral Gables, FL. SecureLifts fixes broken, loose, frayed, or off-drum garage door cables safely.",Garage Door Cable Repair in Coral Gables,1006,36,Service|FAQPage|BreadcrumbList,true,true,false,false,garage-door-cable-repair,MANUAL_REVIEW
https://securelifts.com/garage-door-cable-repair/coral-springs,/garage-door-cable-repair/[city],garage-door-cable-repair,coral-springs,200,https://securelifts.com/garage-door-cable-repair/coral-springs,true,"Garage Door Cable Repair in Coral Springs, FL | SecureLifts","Fast garage door cable repair in Coral Springs, FL. SecureLifts fixes broken, loose, frayed, or off-drum garage door cables safely.",Garage Door Cable Repair in Coral Springs,1006,36,Service|FAQPage|BreadcrumbList,true,true,false,false,garage-door-cable-repair,MANUAL_REVIEW
https://securelifts.com/garage-door-cable-repair/cutler-bay,/garage-door-cable-repair/[city],garage-door-cable-repair,cutler-bay,200,https://securelifts.com/garage-door-cable-repair/cutler-bay,true,"Garage Door Cable Repair in Cutler Bay, FL | SecureLifts","Fast garage door cable repair in Cutler Bay, FL. SecureLifts fixes broken, loose, frayed, or off-drum garage door cables safely.",Garage Door Cable Repair in Cutler Bay,1006,36,Service|FAQPage|BreadcrumbList,true,true,false,false,garage-door-cable-repair,MANUAL_REVIEW
https://securelifts.com/garage-door-cable-repair/davie,/garage-door-cable-repair/[city],garage-door-cable-repair,davie,200,https://securelifts.com/garage-door-cable-repair/davie,true,"Garage Door Cable Repair in Davie, FL | SecureLifts","Fast garage door cable repair in Davie, FL. SecureLifts fixes broken, loose, frayed, or off-drum garage door cables safely.",Garage Door Cable Repair in Davie,949,34,Service|FAQPage|BreadcrumbList,true,true,false,false,garage-door-cable-repair,MANUAL_REVIEW
https://securelifts.com/garage-door-cable-repair/deerfield-beach,/garage-door-cable-repair/[city],garage-door-cable-repair,deerfield-beach,200,https://securelifts.com/garage-door-cable-repair/deerfield-beach,true,"Garage Door Cable Repair in Deerfield Beach, FL | SecureLifts","Fast garage door cable repair in Deerfield Beach, FL. SecureLifts fixes broken, loose, frayed, or off-drum garage door cables safely.",Garage Door Cable Repair in Deerfield Beach,1006,36,Service|FAQPage|BreadcrumbList,true,true,false,false,garage-door-cable-repair,MANUAL_REVIEW
https://securelifts.com/garage-door-cable-repair/delray-beach,/garage-door-cable-repair/[city],garage-door-cable-repair,delray-beach,200,https://securelifts.com/garage-door-cable-repair/delray-beach,true,"Garage Door Cable Repair in Delray Beach, FL | SecureLifts","Fast garage door cable repair in Delray Beach, FL. SecureLifts fixes broken, loose, frayed, or off-drum garage door cables safely.",Garage Door Cable Repair in Delray Beach,992,36,Service|FAQPage|BreadcrumbList,true,true,false,false,garage-door-cable-repair,MANUAL_REVIEW
https://securelifts.com/garage-door-cable-repair/doral,/garage-door-cable-repair/[city],garage-door-cable-repair,doral,200,https://securelifts.com/garage-door-cable-repair/doral,true,"Garage Door Cable Repair in Doral, FL | SecureLifts","Fast garage door cable repair in Doral, FL. SecureLifts fixes broken, loose, frayed, or off-drum garage door cables safely.",Garage Door Cable Repair in Doral,963,36,Service|FAQPage|BreadcrumbList,true,true,false,false,garage-door-cable-repair,MANUAL_REVIEW
https://securelifts.com/garage-door-cable-repair/fort-lauderdale,/garage-door-cable-repair/[city],garage-door-cable-repair,fort-lauderdale,200,https://securelifts.com/garage-door-cable-repair/fort-lauderdale,true,"Garage Door Cable Repair in Fort Lauderdale, FL | SecureLifts","Fast garage door cable repair in Fort Lauderdale, FL. SecureLifts fixes broken, loose, frayed, or off-drum garage door cables safely.",Garage Door Cable Repair in Fort Lauderdale,993,36,Service|FAQPage|BreadcrumbList,true,true,false,false,garage-door-cable-repair,MANUAL_REVIEW
https://securelifts.com/garage-door-cable-repair/greenacres,/garage-door-cable-repair/[city],garage-door-cable-repair,greenacres,200,https://securelifts.com/garage-door-cable-repair/greenacres,true,"Garage Door Cable Repair in Greenacres, FL | SecureLifts","Fast garage door cable repair in Greenacres, FL. SecureLifts fixes broken, loose, frayed, or off-drum garage door cables safely.",Garage Door Cable Repair in Greenacres,972,36,Service|FAQPage|BreadcrumbList,true,true,false,false,garage-door-cable-repair,MANUAL_REVIEW
https://securelifts.com/garage-door-cable-repair/hallandale-beach,/garage-door-cable-repair/[city],garage-door-cable-repair,hallandale-beach,200,https://securelifts.com/garage-door-cable-repair/hallandale-beach,true,"Garage Door Cable Repair in Hallandale Beach, FL | SecureLifts","Fast garage door cable repair in Hallandale Beach, FL. SecureLifts fixes broken, loose, frayed, or off-drum garage door cables safely.",Garage Door Cable Repair in Hallandale Beach,990,35,Service|FAQPage|BreadcrumbList,true,true,false,false,garage-door-cable-repair,MANUAL_REVIEW
https://securelifts.com/garage-door-cable-repair/hialeah,/garage-door-cable-repair/[city],garage-door-cable-repair,hialeah,200,https://securelifts.com/garage-door-cable-repair/hialeah,true,"Garage Door Cable Repair in Hialeah, FL | SecureLifts","Fast garage door cable repair in Hialeah, FL. SecureLifts fixes broken, loose, frayed, or off-drum garage door cables safely.",Garage Door Cable Repair in Hialeah,972,36,Service|FAQPage|BreadcrumbList,true,true,false,false,garage-door-cable-repair,MANUAL_REVIEW
https://securelifts.com/garage-door-cable-repair/hialeah-gardens,/garage-door-cable-repair/[city],garage-door-cable-repair,hialeah-gardens,200,https://securelifts.com/garage-door-cable-repair/hialeah-gardens,true,"Garage Door Cable Repair in Hialeah Gardens, FL | SecureLifts","Fast garage door cable repair in Hialeah Gardens, FL. SecureLifts fixes broken, loose, frayed, or off-drum garage door cables safely.",Garage Door Cable Repair in Hialeah Gardens,1006,36,Service|FAQPage|BreadcrumbList,true,true,false,false,garage-door-cable-repair,MANUAL_REVIEW
https://securelifts.com/garage-door-cable-repair/highland-beach,/garage-door-cable-repair/[city],garage-door-cable-repair,highland-beach,200,https://securelifts.com/garage-door-cable-repair/highland-beach,true,"Garage Door Cable Repair in Highland Beach, FL | SecureLifts","Fast garage door cable repair in Highland Beach, FL. SecureLifts fixes broken, loose, frayed, or off-drum garage door cables safely.",Garage Door Cable Repair in Highland Beach,1006,36,Service|FAQPage|BreadcrumbList,true,true,false,false,garage-door-cable-repair,MANUAL_REVIEW
https://securelifts.com/garage-door-cable-repair/hollywood,/garage-door-cable-repair/[city],garage-door-cable-repair,hollywood,200,https://securelifts.com/garage-door-cable-repair/hollywood,true,"Garage Door Cable Repair in Hollywood, FL | SecureLifts","Fast garage door cable repair in Hollywood, FL. SecureLifts fixes broken, loose, frayed, or off-drum garage door cables safely.",Garage Door Cable Repair in Hollywood,972,36,Service|FAQPage|BreadcrumbList,true,true,false,false,garage-door-cable-repair,MANUAL_REVIEW
https://securelifts.com/garage-door-cable-repair/homestead,/garage-door-cable-repair/[city],garage-door-cable-repair,homestead,200,https://securelifts.com/garage-door-cable-repair/homestead,true,"Garage Door Cable Repair in Homestead, FL | SecureLifts","Fast garage door cable repair in Homestead, FL. SecureLifts fixes broken, loose, frayed, or off-drum garage door cables safely.",Garage Door Cable Repair in Homestead,963,36,Service|FAQPage|BreadcrumbList,true,true,false,false,garage-door-cable-repair,MANUAL_REVIEW
https://securelifts.com/garage-door-cable-repair/juno-beach,/garage-door-cable-repair/[city],garage-door-cable-repair,juno-beach,200,https://securelifts.com/garage-door-cable-repair/juno-beach,true,"Garage Door Cable Repair in Juno Beach, FL | SecureLifts","Fast garage door cable repair in Juno Beach, FL. SecureLifts fixes broken, loose, frayed, or off-drum garage door cables safely.",Garage Door Cable Repair in Juno Beach,1006,36,Service|FAQPage|BreadcrumbList,true,true,false,false,garage-door-cable-repair,MANUAL_REVIEW
https://securelifts.com/garage-door-cable-repair/jupiter,/garage-door-cable-repair/[city],garage-door-cable-repair,jupiter,200,https://securelifts.com/garage-door-cable-repair/jupiter,true,"Garage Door Cable Repair in Jupiter, FL | SecureLifts","Fast garage door cable repair in Jupiter, FL. SecureLifts fixes broken, loose, frayed, or off-drum garage door cables safely.",Garage Door Cable Repair in Jupiter,964,36,Service|FAQPage|BreadcrumbList,true,true,false,false,garage-door-cable-repair,MANUAL_REVIEW
https://securelifts.com/garage-door-cable-repair/kendall,/garage-door-cable-repair/[city],garage-door-cable-repair,kendall,200,https://securelifts.com/garage-door-cable-repair/kendall,true,"Garage Door Cable Repair in Kendall, FL | SecureLifts","Fast garage door cable repair in Kendall, FL. SecureLifts fixes broken, loose, frayed, or off-drum garage door cables safely.",Garage Door Cable Repair in Kendall,972,36,Service|FAQPage|BreadcrumbList,true,true,false,false,garage-door-cable-repair,MANUAL_REVIEW
https://securelifts.com/garage-door-cable-repair/lake-worth,/garage-door-cable-repair/[city],garage-door-cable-repair,lake-worth,200,https://securelifts.com/garage-door-cable-repair/lake-worth,true,"Garage Door Cable Repair in Lake Worth, FL | SecureLifts","Fast garage door cable repair in Lake Worth, FL. SecureLifts fixes broken, loose, frayed, or off-drum garage door cables safely.",Garage Door Cable Repair in Lake Worth,1006,36,Service|FAQPage|BreadcrumbList,true,true,false,false,garage-door-cable-repair,MANUAL_REVIEW
https://securelifts.com/garage-door-cable-repair/lauderhill,/garage-door-cable-repair/[city],garage-door-cable-repair,lauderhill,200,https://securelifts.com/garage-door-cable-repair/lauderhill,true,"Garage Door Cable Repair in Lauderhill, FL | SecureLifts","Fast garage door cable repair in Lauderhill, FL. SecureLifts fixes broken, loose, frayed, or off-drum garage door cables safely.",Garage Door Cable Repair in Lauderhill,972,36,Service|FAQPage|BreadcrumbList,true,true,false,false,garage-door-cable-repair,MANUAL_REVIEW
https://securelifts.com/garage-door-cable-repair/lighthouse-point,/garage-door-cable-repair/[city],garage-door-cable-repair,lighthouse-point,200,https://securelifts.com/garage-door-cable-repair/lighthouse-point,true,"Garage Door Cable Repair in Lighthouse Point, FL | SecureLifts","Fast garage door cable repair in Lighthouse Point, FL. SecureLifts fixes broken, loose, frayed, or off-drum garage door cables safely.",Garage Door Cable Repair in Lighthouse Point,1006,36,Service|FAQPage|BreadcrumbList,true,true,false,false,garage-door-cable-repair,MANUAL_REVIEW
https://securelifts.com/garage-door-cable-repair/loxahatchee,/garage-door-cable-repair/[city],garage-door-cable-repair,loxahatchee,200,https://securelifts.com/garage-door-cable-repair/loxahatchee,true,"Garage Door Cable Repair in Loxahatchee, FL | SecureLifts","Fast garage door cable repair in Loxahatchee, FL. SecureLifts fixes broken, loose, frayed, or off-drum garage door cables safely.",Garage Door Cable Repair in Loxahatchee,972,36,Service|FAQPage|BreadcrumbList,true,true,false,false,garage-door-cable-repair,MANUAL_REVIEW
https://securelifts.com/garage-door-cable-repair/medley,/garage-door-cable-repair/[city],garage-door-cable-repair,medley,200,https://securelifts.com/garage-door-cable-repair/medley,true,"Garage Door Cable Repair in Medley, FL | SecureLifts","Fast garage door cable repair in Medley, FL. SecureLifts fixes broken, loose, frayed, or off-drum garage door cables safely.",Garage Door Cable Repair in Medley,961,36,Service|FAQPage|BreadcrumbList,true,true,false,false,garage-door-cable-repair,MANUAL_REVIEW
https://securelifts.com/garage-door-cable-repair/miami,/garage-door-cable-repair/[city],garage-door-cable-repair,miami,200,https://securelifts.com/garage-door-cable-repair/miami,true,"Garage Door Cable Repair in Miami, FL | SecureLifts","Fast garage door cable repair in Miami, FL. SecureLifts fixes broken, loose, frayed, or off-drum garage door cables safely.",Garage Door Cable Repair in Miami,995,39,Service|FAQPage|BreadcrumbList,true,true,true,true,garage-door-cable-repair,IMPROVE
https://securelifts.com/garage-door-cable-repair/miami-beach,/garage-door-cable-repair/[city],garage-door-cable-repair,miami-beach,200,https://securelifts.com/garage-door-cable-repair/miami-beach,true,"Garage Door Cable Repair in Miami Beach, FL | SecureLifts","Fast garage door cable repair in Miami Beach, FL. SecureLifts fixes broken, loose, frayed, or off-drum garage door cables safely.",Garage Door Cable Repair in Miami Beach,1020,37,Service|FAQPage|BreadcrumbList,true,true,true,true,garage-door-cable-repair,IMPROVE
https://securelifts.com/garage-door-cable-repair/miami-gardens,/garage-door-cable-repair/[city],garage-door-cable-repair,miami-gardens,200,https://securelifts.com/garage-door-cable-repair/miami-gardens,true,"Garage Door Cable Repair in Miami Gardens, FL | SecureLifts","Fast garage door cable repair in Miami Gardens, FL. SecureLifts fixes broken, loose, frayed, or off-drum garage door cables safely.",Garage Door Cable Repair in Miami Gardens,1006,36,Service|FAQPage|BreadcrumbList,true,true,false,false,garage-door-cable-repair,MANUAL_REVIEW
https://securelifts.com/garage-door-cable-repair/miami-lakes,/garage-door-cable-repair/[city],garage-door-cable-repair,miami-lakes,200,https://securelifts.com/garage-door-cable-repair/miami-lakes,true,"Garage Door Cable Repair in Miami Lakes, FL | SecureLifts","Fast garage door cable repair in Miami Lakes, FL. SecureLifts fixes broken, loose, frayed, or off-drum garage door cables safely.",Garage Door Cable Repair in Miami Lakes,1006,36,Service|FAQPage|BreadcrumbList,true,true,false,false,garage-door-cable-repair,MANUAL_REVIEW
https://securelifts.com/garage-door-cable-repair/miramar,/garage-door-cable-repair/[city],garage-door-cable-repair,miramar,200,https://securelifts.com/garage-door-cable-repair/miramar,true,"Garage Door Cable Repair in Miramar, FL | SecureLifts","Fast garage door cable repair in Miramar, FL. SecureLifts fixes broken, loose, frayed, or off-drum garage door cables safely.",Garage Door Cable Repair in Miramar,958,35,Service|FAQPage|BreadcrumbList,true,true,false,false,garage-door-cable-repair,MANUAL_REVIEW
https://securelifts.com/garage-door-cable-repair/north-palm-beach,/garage-door-cable-repair/[city],garage-door-cable-repair,north-palm-beach,200,https://securelifts.com/garage-door-cable-repair/north-palm-beach,true,"Garage Door Cable Repair in North Palm Beach, FL | SecureLifts","Fast garage door cable repair in North Palm Beach, FL. SecureLifts fixes broken, loose, frayed, or off-drum garage door cables safely.",Garage Door Cable Repair in North Palm Beach,1040,36,Service|FAQPage|BreadcrumbList,true,true,false,false,garage-door-cable-repair,MANUAL_REVIEW
https://securelifts.com/garage-door-cable-repair/oakland-park,/garage-door-cable-repair/[city],garage-door-cable-repair,oakland-park,200,https://securelifts.com/garage-door-cable-repair/oakland-park,true,"Garage Door Cable Repair in Oakland Park, FL | SecureLifts","Fast garage door cable repair in Oakland Park, FL. SecureLifts fixes broken, loose, frayed, or off-drum garage door cables safely.",Garage Door Cable Repair in Oakland Park,1006,36,Service|FAQPage|BreadcrumbList,true,true,false,false,garage-door-cable-repair,MANUAL_REVIEW
https://securelifts.com/garage-door-cable-repair/palm-beach,/garage-door-cable-repair/[city],garage-door-cable-repair,palm-beach,200,https://securelifts.com/garage-door-cable-repair/palm-beach,true,"Garage Door Cable Repair in Palm Beach, FL | SecureLifts","Fast garage door cable repair in Palm Beach, FL. SecureLifts fixes broken, loose, frayed, or off-drum garage door cables safely.",Garage Door Cable Repair in Palm Beach,1006,36,Service|FAQPage|BreadcrumbList,true,true,false,false,garage-door-cable-repair,MANUAL_REVIEW
https://securelifts.com/garage-door-cable-repair/palm-beach-gardens,/garage-door-cable-repair/[city],garage-door-cable-repair,palm-beach-gardens,200,https://securelifts.com/garage-door-cable-repair/palm-beach-gardens,true,"Garage Door Cable Repair in Palm Beach Gardens, FL | SecureLifts","Fast garage door cable repair in Palm Beach Gardens, FL. SecureLifts fixes broken, loose, frayed, or off-drum garage door cables safely.",Garage Door Cable Repair in Palm Beach Gardens,1027,36,Service|FAQPage|BreadcrumbList,true,true,false,false,garage-door-cable-repair,MANUAL_REVIEW
https://securelifts.com/garage-door-cable-repair/palmetto-bay,/garage-door-cable-repair/[city],garage-door-cable-repair,palmetto-bay,200,https://securelifts.com/garage-door-cable-repair/palmetto-bay,true,"Garage Door Cable Repair in Palmetto Bay, FL | SecureLifts","Fast garage door cable repair in Palmetto Bay, FL. SecureLifts fixes broken, loose, frayed, or off-drum garage door cables safely.",Garage Door Cable Repair in Palmetto Bay,1006,36,Service|FAQPage|BreadcrumbList,true,true,false,false,garage-door-cable-repair,MANUAL_REVIEW
https://securelifts.com/garage-door-cable-repair/parkland,/garage-door-cable-repair/[city],garage-door-cable-repair,parkland,200,https://securelifts.com/garage-door-cable-repair/parkland,true,"Garage Door Cable Repair in Parkland, FL | SecureLifts","Fast garage door cable repair in Parkland, FL. SecureLifts fixes broken, loose, frayed, or off-drum garage door cables safely.",Garage Door Cable Repair in Parkland,972,36,Service|FAQPage|BreadcrumbList,true,true,false,false,garage-door-cable-repair,MANUAL_REVIEW
https://securelifts.com/garage-door-cable-repair/pembroke-pines,/garage-door-cable-repair/[city],garage-door-cable-repair,pembroke-pines,200,https://securelifts.com/garage-door-cable-repair/pembroke-pines,true,"Garage Door Cable Repair in Pembroke Pines, FL | SecureLifts","Fast garage door cable repair in Pembroke Pines, FL. SecureLifts fixes broken, loose, frayed, or off-drum garage door cables safely.",Garage Door Cable Repair in Pembroke Pines,1006,36,Service|FAQPage|BreadcrumbList,true,true,false,false,garage-door-cable-repair,MANUAL_REVIEW
https://securelifts.com/garage-door-cable-repair/pinecrest,/garage-door-cable-repair/[city],garage-door-cable-repair,pinecrest,200,https://securelifts.com/garage-door-cable-repair/pinecrest,true,"Garage Door Cable Repair in Pinecrest, FL | SecureLifts","Fast garage door cable repair in Pinecrest, FL. SecureLifts fixes broken, loose, frayed, or off-drum garage door cables safely.",Garage Door Cable Repair in Pinecrest,963,36,Service|FAQPage|BreadcrumbList,true,true,false,false,garage-door-cable-repair,MANUAL_REVIEW
https://securelifts.com/garage-door-cable-repair/plantation,/garage-door-cable-repair/[city],garage-door-cable-repair,plantation,200,https://securelifts.com/garage-door-cable-repair/plantation,true,"Garage Door Cable Repair in Plantation, FL | SecureLifts","Fast garage door cable repair in Plantation, FL. SecureLifts fixes broken, loose, frayed, or off-drum garage door cables safely.",Garage Door Cable Repair in Plantation,972,36,Service|FAQPage|BreadcrumbList,true,true,false,false,garage-door-cable-repair,MANUAL_REVIEW
https://securelifts.com/garage-door-cable-repair/pompano-beach,/garage-door-cable-repair/[city],garage-door-cable-repair,pompano-beach,200,https://securelifts.com/garage-door-cable-repair/pompano-beach,true,"Garage Door Cable Repair in Pompano Beach, FL | SecureLifts","Fast garage door cable repair in Pompano Beach, FL. SecureLifts fixes broken, loose, frayed, or off-drum garage door cables safely.",Garage Door Cable Repair in Pompano Beach,1006,36,Service|FAQPage|BreadcrumbList,true,true,false,false,garage-door-cable-repair,MANUAL_REVIEW
https://securelifts.com/garage-door-cable-repair/port-st-lucie,/garage-door-cable-repair/[city],garage-door-cable-repair,port-st-lucie,200,https://securelifts.com/garage-door-cable-repair/port-st-lucie,true,"Garage Door Cable Repair in Port St Lucie, FL | SecureLifts","Fast garage door cable repair in Port St Lucie, FL. SecureLifts fixes broken, loose, frayed, or off-drum garage door cables safely.",Garage Door Cable Repair in Port St Lucie,1040,36,Service|FAQPage|BreadcrumbList,true,true,false,false,garage-door-cable-repair,MANUAL_REVIEW
https://securelifts.com/garage-door-cable-repair/riviera-beach,/garage-door-cable-repair/[city],garage-door-cable-repair,riviera-beach,200,https://securelifts.com/garage-door-cable-repair/riviera-beach,true,"Garage Door Cable Repair in Riviera Beach, FL | SecureLifts","Fast garage door cable repair in Riviera Beach, FL. SecureLifts fixes broken, loose, frayed, or off-drum garage door cables safely.",Garage Door Cable Repair in Riviera Beach,1006,36,Service|FAQPage|BreadcrumbList,true,true,false,false,garage-door-cable-repair,MANUAL_REVIEW
https://securelifts.com/garage-door-cable-repair/royal-palm-beach,/garage-door-cable-repair/[city],garage-door-cable-repair,royal-palm-beach,200,https://securelifts.com/garage-door-cable-repair/royal-palm-beach,true,"Garage Door Cable Repair in Royal Palm Beach, FL | SecureLifts","Fast garage door cable repair in Royal Palm Beach, FL. SecureLifts fixes broken, loose, frayed, or off-drum garage door cables safely.",Garage Door Cable Repair in Royal Palm Beach,1025,36,Service|FAQPage|BreadcrumbList,true,true,false,false,garage-door-cable-repair,MANUAL_REVIEW
https://securelifts.com/garage-door-cable-repair/stuart,/garage-door-cable-repair/[city],garage-door-cable-repair,stuart,200,https://securelifts.com/garage-door-cable-repair/stuart,true,"Garage Door Cable Repair in Stuart, FL | SecureLifts","Fast garage door cable repair in Stuart, FL. SecureLifts fixes broken, loose, frayed, or off-drum garage door cables safely.",Garage Door Cable Repair in Stuart,972,36,Service|FAQPage|BreadcrumbList,true,true,false,false,garage-door-cable-repair,MANUAL_REVIEW
https://securelifts.com/garage-door-cable-repair/sunny-isles-beach,/garage-door-cable-repair/[city],garage-door-cable-repair,sunny-isles-beach,200,https://securelifts.com/garage-door-cable-repair/sunny-isles-beach,true,"Garage Door Cable Repair in Sunny Isles Beach, FL | SecureLifts","Fast garage door cable repair in Sunny Isles Beach, FL. SecureLifts fixes broken, loose, frayed, or off-drum garage door cables safely.",Garage Door Cable Repair in Sunny Isles Beach,1040,36,Service|FAQPage|BreadcrumbList,true,true,false,false,garage-door-cable-repair,MANUAL_REVIEW
https://securelifts.com/garage-door-cable-repair/sunrise,/garage-door-cable-repair/[city],garage-door-cable-repair,sunrise,200,https://securelifts.com/garage-door-cable-repair/sunrise,true,"Garage Door Cable Repair in Sunrise, FL | SecureLifts","Fast garage door cable repair in Sunrise, FL. SecureLifts fixes broken, loose, frayed, or off-drum garage door cables safely.",Garage Door Cable Repair in Sunrise,972,36,Service|FAQPage|BreadcrumbList,true,true,false,false,garage-door-cable-repair,MANUAL_REVIEW
https://securelifts.com/garage-door-cable-repair/tamarac,/garage-door-cable-repair/[city],garage-door-cable-repair,tamarac,200,https://securelifts.com/garage-door-cable-repair/tamarac,true,"Garage Door Cable Repair in Tamarac, FL | SecureLifts","Fast garage door cable repair in Tamarac, FL. SecureLifts fixes broken, loose, frayed, or off-drum garage door cables safely.",Garage Door Cable Repair in Tamarac,972,36,Service|FAQPage|BreadcrumbList,true,true,false,false,garage-door-cable-repair,MANUAL_REVIEW
https://securelifts.com/garage-door-cable-repair/tequesta,/garage-door-cable-repair/[city],garage-door-cable-repair,tequesta,200,https://securelifts.com/garage-door-cable-repair/tequesta,true,"Garage Door Cable Repair in Tequesta, FL | SecureLifts","Fast garage door cable repair in Tequesta, FL. SecureLifts fixes broken, loose, frayed, or off-drum garage door cables safely.",Garage Door Cable Repair in Tequesta,972,36,Service|FAQPage|BreadcrumbList,true,true,false,false,garage-door-cable-repair,MANUAL_REVIEW
https://securelifts.com/garage-door-cable-repair/wellington,/garage-door-cable-repair/[city],garage-door-cable-repair,wellington,200,https://securelifts.com/garage-door-cable-repair/wellington,true,"Garage Door Cable Repair in Wellington, FL | SecureLifts","Fast garage door cable repair in Wellington, FL. SecureLifts fixes broken, loose, frayed, or off-drum garage door cables safely.",Garage Door Cable Repair in Wellington,963,36,Service|FAQPage|BreadcrumbList,true,true,false,false,garage-door-cable-repair,MANUAL_REVIEW
https://securelifts.com/garage-door-cable-repair/west-palm-beach,/garage-door-cable-repair/[city],garage-door-cable-repair,west-palm-beach,200,https://securelifts.com/garage-door-cable-repair/west-palm-beach,true,"Garage Door Cable Repair in West Palm Beach, FL | SecureLifts","Fast garage door cable repair in West Palm Beach, FL. SecureLifts fixes broken, loose, frayed, or off-drum garage door cables safely.",Garage Door Cable Repair in West Palm Beach,1032,36,Service|FAQPage|BreadcrumbList,true,true,false,false,garage-door-cable-repair,MANUAL_REVIEW
https://securelifts.com/garage-door-cable-repair/weston,/garage-door-cable-repair/[city],garage-door-cable-repair,weston,200,https://securelifts.com/garage-door-cable-repair/weston,true,"Garage Door Cable Repair in Weston, FL | SecureLifts","Fast garage door cable repair in Weston, FL. SecureLifts fixes broken, loose, frayed, or off-drum garage door cables safely.",Garage Door Cable Repair in Weston,972,36,Service|FAQPage|BreadcrumbList,true,true,false,false,garage-door-cable-repair,MANUAL_REVIEW
https://securelifts.com/garage-door-cable-repair/wilton-manors,/garage-door-cable-repair/[city],garage-door-cable-repair,wilton-manors,200,https://securelifts.com/garage-door-cable-repair/wilton-manors,true,"Garage Door Cable Repair in Wilton Manors, FL | SecureLifts","Fast garage door cable repair in Wilton Manors, FL. SecureLifts fixes broken, loose, frayed, or off-drum garage door cables safely.",Garage Door Cable Repair in Wilton Manors,1006,36,Service|FAQPage|BreadcrumbList,true,true,false,false,garage-door-cable-repair,MANUAL_REVIEW
https://securelifts.com/garage-door-installation/davie,/garage-door-installation/[city],garage-door-installation,davie,200,https://securelifts.com/garage-door-installation/davie,true,"Garage Door Installation in Davie, FL | SecureLifts","SecureLifts provides professional garage door installation in Davie, FL with modern, traditional, hurricane-rated, and premium garage door options.",Professional Garage Door Installation in Davie,470,33,Service|FAQPage|BreadcrumbList,false,false,false,false,garage-door-installation,MANUAL_REVIEW
https://securelifts.com/garage-door-installation/miami,/garage-door-installation/[city],garage-door-installation,miami,200,https://securelifts.com/garage-door-installation/miami,true,"Garage Door Installation in Miami, FL | SecureLifts","SecureLifts provides professional garage door installation in Miami, FL with modern, traditional, hurricane-rated, and premium garage door options.",Professional Garage Door Installation in Miami,503,36,Service|FAQPage|BreadcrumbList,false,false,true,true,garage-door-installation,IMPROVE
https://securelifts.com/garage-door-installation/miramar,/garage-door-installation/[city],garage-door-installation,miramar,200,https://securelifts.com/garage-door-installation/miramar,true,"Garage Door Installation in Miramar, FL | SecureLifts","SecureLifts provides professional garage door installation in Miramar, FL with modern, traditional, hurricane-rated, and premium garage door options.",Professional Garage Door Installation in Miramar,477,34,Service|FAQPage|BreadcrumbList,false,false,false,false,garage-door-installation,MANUAL_REVIEW
https://securelifts.com/garage-door-installation/west-palm-beach,/garage-door-installation/[city],garage-door-installation,west-palm-beach,200,https://securelifts.com/garage-door-installation/west-palm-beach,true,"Garage Door Installation in West Palm Beach, FL | SecureLifts","SecureLifts provides professional garage door installation in West Palm Beach, FL with modern, traditional, hurricane-rated, and premium garage door options.",Professional Garage Door Installation in West Palm Beach,523,35,Service|FAQPage|BreadcrumbList,false,false,false,false,garage-door-installation,MANUAL_REVIEW
https://securelifts.com/garage-door-maintenance/aventura,/garage-door-maintenance/[city],garage-door-maintenance,aventura,200,https://securelifts.com/garage-door-maintenance/aventura,true,"Garage Door Maintenance in Aventura, FL | SecureLifts","Professional garage door maintenance in Aventura, FL. Tune-ups, inspections, lubrication, balancing, and preventive service from SecureLifts.",Garage Door Maintenance in Aventura,1216,37,Service|FAQPage|BreadcrumbList,true,true,false,false,garage-door-maintenance,MANUAL_REVIEW
https://securelifts.com/garage-door-maintenance/boca-raton,/garage-door-maintenance/[city],garage-door-maintenance,boca-raton,200,https://securelifts.com/garage-door-maintenance/boca-raton,true,"Garage Door Maintenance in Boca Raton, FL | SecureLifts","Professional garage door maintenance in Boca Raton, FL. Tune-ups, inspections, lubrication, balancing, and preventive service from SecureLifts.",Garage Door Maintenance in Boca Raton,1239,37,Service|FAQPage|BreadcrumbList,true,true,false,false,garage-door-maintenance,MANUAL_REVIEW
https://securelifts.com/garage-door-maintenance/boynton-beach,/garage-door-maintenance/[city],garage-door-maintenance,boynton-beach,200,https://securelifts.com/garage-door-maintenance/boynton-beach,true,"Garage Door Maintenance in Boynton Beach, FL | SecureLifts","Professional garage door maintenance in Boynton Beach, FL. Tune-ups, inspections, lubrication, balancing, and preventive service from SecureLifts.",Garage Door Maintenance in Boynton Beach,1238,37,Service|FAQPage|BreadcrumbList,true,true,false,false,garage-door-maintenance,MANUAL_REVIEW
https://securelifts.com/garage-door-maintenance/coral-gables,/garage-door-maintenance/[city],garage-door-maintenance,coral-gables,200,https://securelifts.com/garage-door-maintenance/coral-gables,true,"Garage Door Maintenance in Coral Gables, FL | SecureLifts","Professional garage door maintenance in Coral Gables, FL. Tune-ups, inspections, lubrication, balancing, and preventive service from SecureLifts.",Garage Door Maintenance in Coral Gables,1252,37,Service|FAQPage|BreadcrumbList,true,true,false,false,garage-door-maintenance,MANUAL_REVIEW
https://securelifts.com/garage-door-maintenance/coral-springs,/garage-door-maintenance/[city],garage-door-maintenance,coral-springs,200,https://securelifts.com/garage-door-maintenance/coral-springs,true,"Garage Door Maintenance in Coral Springs, FL | SecureLifts","Professional garage door maintenance in Coral Springs, FL. Tune-ups, inspections, lubrication, balancing, and preventive service from SecureLifts.",Garage Door Maintenance in Coral Springs,1252,37,Service|FAQPage|BreadcrumbList,true,true,false,false,garage-door-maintenance,MANUAL_REVIEW
https://securelifts.com/garage-door-maintenance/cutler-bay,/garage-door-maintenance/[city],garage-door-maintenance,cutler-bay,200,https://securelifts.com/garage-door-maintenance/cutler-bay,true,"Garage Door Maintenance in Cutler Bay, FL | SecureLifts","Professional garage door maintenance in Cutler Bay, FL. Tune-ups, inspections, lubrication, balancing, and preventive service from SecureLifts.",Garage Door Maintenance in Cutler Bay,1252,37,Service|FAQPage|BreadcrumbList,true,true,false,false,garage-door-maintenance,MANUAL_REVIEW
https://securelifts.com/garage-door-maintenance/davie,/garage-door-maintenance/[city],garage-door-maintenance,davie,200,https://securelifts.com/garage-door-maintenance/davie,true,"Garage Door Maintenance in Davie, FL | SecureLifts","Professional garage door maintenance in Davie, FL. Tune-ups, inspections, lubrication, balancing, and preventive service from SecureLifts.",Garage Door Maintenance in Davie,1195,35,Service|FAQPage|BreadcrumbList,true,true,false,false,garage-door-maintenance,MANUAL_REVIEW
https://securelifts.com/garage-door-maintenance/deerfield-beach,/garage-door-maintenance/[city],garage-door-maintenance,deerfield-beach,200,https://securelifts.com/garage-door-maintenance/deerfield-beach,true,"Garage Door Maintenance in Deerfield Beach, FL | SecureLifts","Professional garage door maintenance in Deerfield Beach, FL. Tune-ups, inspections, lubrication, balancing, and preventive service from SecureLifts.",Garage Door Maintenance in Deerfield Beach,1252,37,Service|FAQPage|BreadcrumbList,true,true,false,false,garage-door-maintenance,MANUAL_REVIEW
https://securelifts.com/garage-door-maintenance/delray-beach,/garage-door-maintenance/[city],garage-door-maintenance,delray-beach,200,https://securelifts.com/garage-door-maintenance/delray-beach,true,"Garage Door Maintenance in Delray Beach, FL | SecureLifts","Professional garage door maintenance in Delray Beach, FL. Tune-ups, inspections, lubrication, balancing, and preventive service from SecureLifts.",Garage Door Maintenance in Delray Beach,1238,37,Service|FAQPage|BreadcrumbList,true,true,false,false,garage-door-maintenance,MANUAL_REVIEW
https://securelifts.com/garage-door-maintenance/doral,/garage-door-maintenance/[city],garage-door-maintenance,doral,200,https://securelifts.com/garage-door-maintenance/doral,true,"Garage Door Maintenance in Doral, FL | SecureLifts","Professional garage door maintenance in Doral, FL. Tune-ups, inspections, lubrication, balancing, and preventive service from SecureLifts.",Garage Door Maintenance in Doral,1207,37,Service|FAQPage|BreadcrumbList,true,true,false,false,garage-door-maintenance,MANUAL_REVIEW
https://securelifts.com/garage-door-maintenance/fort-lauderdale,/garage-door-maintenance/[city],garage-door-maintenance,fort-lauderdale,200,https://securelifts.com/garage-door-maintenance/fort-lauderdale,true,"Garage Door Maintenance in Fort Lauderdale, FL | SecureLifts","Professional garage door maintenance in Fort Lauderdale, FL. Tune-ups, inspections, lubrication, balancing, and preventive service from SecureLifts.",Garage Door Maintenance in Fort Lauderdale,1239,37,Service|FAQPage|BreadcrumbList,true,true,false,false,garage-door-maintenance,MANUAL_REVIEW
https://securelifts.com/garage-door-maintenance/greenacres,/garage-door-maintenance/[city],garage-door-maintenance,greenacres,200,https://securelifts.com/garage-door-maintenance/greenacres,true,"Garage Door Maintenance in Greenacres, FL | SecureLifts","Professional garage door maintenance in Greenacres, FL. Tune-ups, inspections, lubrication, balancing, and preventive service from SecureLifts.",Garage Door Maintenance in Greenacres,1216,37,Service|FAQPage|BreadcrumbList,true,true,false,false,garage-door-maintenance,MANUAL_REVIEW
https://securelifts.com/garage-door-maintenance/hallandale-beach,/garage-door-maintenance/[city],garage-door-maintenance,hallandale-beach,200,https://securelifts.com/garage-door-maintenance/hallandale-beach,true,"Garage Door Maintenance in Hallandale Beach, FL | SecureLifts","Professional garage door maintenance in Hallandale Beach, FL. Tune-ups, inspections, lubrication, balancing, and preventive service from SecureLifts.",Garage Door Maintenance in Hallandale Beach,1237,36,Service|FAQPage|BreadcrumbList,true,true,false,false,garage-door-maintenance,MANUAL_REVIEW
https://securelifts.com/garage-door-maintenance/hialeah,/garage-door-maintenance/[city],garage-door-maintenance,hialeah,200,https://securelifts.com/garage-door-maintenance/hialeah,true,"Garage Door Maintenance in Hialeah, FL | SecureLifts","Professional garage door maintenance in Hialeah, FL. Tune-ups, inspections, lubrication, balancing, and preventive service from SecureLifts.",Garage Door Maintenance in Hialeah,1216,37,Service|FAQPage|BreadcrumbList,true,true,false,false,garage-door-maintenance,MANUAL_REVIEW
https://securelifts.com/garage-door-maintenance/hialeah-gardens,/garage-door-maintenance/[city],garage-door-maintenance,hialeah-gardens,200,https://securelifts.com/garage-door-maintenance/hialeah-gardens,true,"Garage Door Maintenance in Hialeah Gardens, FL | SecureLifts","Professional garage door maintenance in Hialeah Gardens, FL. Tune-ups, inspections, lubrication, balancing, and preventive service from SecureLifts.",Garage Door Maintenance in Hialeah Gardens,1252,37,Service|FAQPage|BreadcrumbList,true,true,false,false,garage-door-maintenance,MANUAL_REVIEW
https://securelifts.com/garage-door-maintenance/highland-beach,/garage-door-maintenance/[city],garage-door-maintenance,highland-beach,200,https://securelifts.com/garage-door-maintenance/highland-beach,true,"Garage Door Maintenance in Highland Beach, FL | SecureLifts","Professional garage door maintenance in Highland Beach, FL. Tune-ups, inspections, lubrication, balancing, and preventive service from SecureLifts.",Garage Door Maintenance in Highland Beach,1252,37,Service|FAQPage|BreadcrumbList,true,true,false,false,garage-door-maintenance,MANUAL_REVIEW
https://securelifts.com/garage-door-maintenance/hollywood,/garage-door-maintenance/[city],garage-door-maintenance,hollywood,200,https://securelifts.com/garage-door-maintenance/hollywood,true,"Garage Door Maintenance in Hollywood, FL | SecureLifts","Professional garage door maintenance in Hollywood, FL. Tune-ups, inspections, lubrication, balancing, and preventive service from SecureLifts.",Garage Door Maintenance in Hollywood,1216,37,Service|FAQPage|BreadcrumbList,true,true,false,false,garage-door-maintenance,MANUAL_REVIEW
https://securelifts.com/garage-door-maintenance/homestead,/garage-door-maintenance/[city],garage-door-maintenance,homestead,200,https://securelifts.com/garage-door-maintenance/homestead,true,"Garage Door Maintenance in Homestead, FL | SecureLifts","Professional garage door maintenance in Homestead, FL. Tune-ups, inspections, lubrication, balancing, and preventive service from SecureLifts.",Garage Door Maintenance in Homestead,1207,37,Service|FAQPage|BreadcrumbList,true,true,false,false,garage-door-maintenance,MANUAL_REVIEW
https://securelifts.com/garage-door-maintenance/juno-beach,/garage-door-maintenance/[city],garage-door-maintenance,juno-beach,200,https://securelifts.com/garage-door-maintenance/juno-beach,true,"Garage Door Maintenance in Juno Beach, FL | SecureLifts","Professional garage door maintenance in Juno Beach, FL. Tune-ups, inspections, lubrication, balancing, and preventive service from SecureLifts.",Garage Door Maintenance in Juno Beach,1252,37,Service|FAQPage|BreadcrumbList,true,true,false,false,garage-door-maintenance,MANUAL_REVIEW
https://securelifts.com/garage-door-maintenance/jupiter,/garage-door-maintenance/[city],garage-door-maintenance,jupiter,200,https://securelifts.com/garage-door-maintenance/jupiter,true,"Garage Door Maintenance in Jupiter, FL | SecureLifts","Professional garage door maintenance in Jupiter, FL. Tune-ups, inspections, lubrication, balancing, and preventive service from SecureLifts.",Garage Door Maintenance in Jupiter,1208,37,Service|FAQPage|BreadcrumbList,true,true,false,false,garage-door-maintenance,MANUAL_REVIEW
https://securelifts.com/garage-door-maintenance/kendall,/garage-door-maintenance/[city],garage-door-maintenance,kendall,200,https://securelifts.com/garage-door-maintenance/kendall,true,"Garage Door Maintenance in Kendall, FL | SecureLifts","Professional garage door maintenance in Kendall, FL. Tune-ups, inspections, lubrication, balancing, and preventive service from SecureLifts.",Garage Door Maintenance in Kendall,1216,37,Service|FAQPage|BreadcrumbList,true,true,false,false,garage-door-maintenance,MANUAL_REVIEW
https://securelifts.com/garage-door-maintenance/lake-worth,/garage-door-maintenance/[city],garage-door-maintenance,lake-worth,200,https://securelifts.com/garage-door-maintenance/lake-worth,true,"Garage Door Maintenance in Lake Worth, FL | SecureLifts","Professional garage door maintenance in Lake Worth, FL. Tune-ups, inspections, lubrication, balancing, and preventive service from SecureLifts.",Garage Door Maintenance in Lake Worth,1252,37,Service|FAQPage|BreadcrumbList,true,true,false,false,garage-door-maintenance,MANUAL_REVIEW
https://securelifts.com/garage-door-maintenance/lauderhill,/garage-door-maintenance/[city],garage-door-maintenance,lauderhill,200,https://securelifts.com/garage-door-maintenance/lauderhill,true,"Garage Door Maintenance in Lauderhill, FL | SecureLifts","Professional garage door maintenance in Lauderhill, FL. Tune-ups, inspections, lubrication, balancing, and preventive service from SecureLifts.",Garage Door Maintenance in Lauderhill,1216,37,Service|FAQPage|BreadcrumbList,true,true,false,false,garage-door-maintenance,MANUAL_REVIEW
https://securelifts.com/garage-door-maintenance/lighthouse-point,/garage-door-maintenance/[city],garage-door-maintenance,lighthouse-point,200,https://securelifts.com/garage-door-maintenance/lighthouse-point,true,"Garage Door Maintenance in Lighthouse Point, FL | SecureLifts","Professional garage door maintenance in Lighthouse Point, FL. Tune-ups, inspections, lubrication, balancing, and preventive service from SecureLifts.",Garage Door Maintenance in Lighthouse Point,1252,37,Service|FAQPage|BreadcrumbList,true,true,false,false,garage-door-maintenance,MANUAL_REVIEW
https://securelifts.com/garage-door-maintenance/loxahatchee,/garage-door-maintenance/[city],garage-door-maintenance,loxahatchee,200,https://securelifts.com/garage-door-maintenance/loxahatchee,true,"Garage Door Maintenance in Loxahatchee, FL | SecureLifts","Professional garage door maintenance in Loxahatchee, FL. Tune-ups, inspections, lubrication, balancing, and preventive service from SecureLifts.",Garage Door Maintenance in Loxahatchee,1216,37,Service|FAQPage|BreadcrumbList,true,true,false,false,garage-door-maintenance,MANUAL_REVIEW
https://securelifts.com/garage-door-maintenance/medley,/garage-door-maintenance/[city],garage-door-maintenance,medley,200,https://securelifts.com/garage-door-maintenance/medley,true,"Garage Door Maintenance in Medley, FL | SecureLifts","Professional garage door maintenance in Medley, FL. Tune-ups, inspections, lubrication, balancing, and preventive service from SecureLifts.",Garage Door Maintenance in Medley,1205,37,Service|FAQPage|BreadcrumbList,true,true,false,false,garage-door-maintenance,MANUAL_REVIEW
https://securelifts.com/garage-door-maintenance/miami,/garage-door-maintenance/[city],garage-door-maintenance,miami,200,https://securelifts.com/garage-door-maintenance/miami,true,"Garage Door Maintenance in Miami, FL | SecureLifts","Professional garage door maintenance in Miami, FL. Tune-ups, inspections, lubrication, balancing, and preventive service from SecureLifts.",Garage Door Maintenance in Miami,1239,40,Service|FAQPage|BreadcrumbList,true,true,true,true,garage-door-maintenance,IMPROVE
https://securelifts.com/garage-door-maintenance/miami-beach,/garage-door-maintenance/[city],garage-door-maintenance,miami-beach,200,https://securelifts.com/garage-door-maintenance/miami-beach,true,"Garage Door Maintenance in Miami Beach, FL | SecureLifts","Professional garage door maintenance in Miami Beach, FL. Tune-ups, inspections, lubrication, balancing, and preventive service from SecureLifts.",Garage Door Maintenance in Miami Beach,1266,38,Service|FAQPage|BreadcrumbList,true,true,true,true,garage-door-maintenance,IMPROVE
https://securelifts.com/garage-door-maintenance/miami-gardens,/garage-door-maintenance/[city],garage-door-maintenance,miami-gardens,200,https://securelifts.com/garage-door-maintenance/miami-gardens,true,"Garage Door Maintenance in Miami Gardens, FL | SecureLifts","Professional garage door maintenance in Miami Gardens, FL. Tune-ups, inspections, lubrication, balancing, and preventive service from SecureLifts.",Garage Door Maintenance in Miami Gardens,1252,37,Service|FAQPage|BreadcrumbList,true,true,false,false,garage-door-maintenance,MANUAL_REVIEW
https://securelifts.com/garage-door-maintenance/miami-lakes,/garage-door-maintenance/[city],garage-door-maintenance,miami-lakes,200,https://securelifts.com/garage-door-maintenance/miami-lakes,true,"Garage Door Maintenance in Miami Lakes, FL | SecureLifts","Professional garage door maintenance in Miami Lakes, FL. Tune-ups, inspections, lubrication, balancing, and preventive service from SecureLifts.",Garage Door Maintenance in Miami Lakes,1252,37,Service|FAQPage|BreadcrumbList,true,true,false,false,garage-door-maintenance,MANUAL_REVIEW
https://securelifts.com/garage-door-maintenance/miramar,/garage-door-maintenance/[city],garage-door-maintenance,miramar,200,https://securelifts.com/garage-door-maintenance/miramar,true,"Garage Door Maintenance in Miramar, FL | SecureLifts","Professional garage door maintenance in Miramar, FL. Tune-ups, inspections, lubrication, balancing, and preventive service from SecureLifts.",Garage Door Maintenance in Miramar,1203,36,Service|FAQPage|BreadcrumbList,true,true,false,false,garage-door-maintenance,MANUAL_REVIEW
https://securelifts.com/garage-door-maintenance/north-palm-beach,/garage-door-maintenance/[city],garage-door-maintenance,north-palm-beach,200,https://securelifts.com/garage-door-maintenance/north-palm-beach,true,"Garage Door Maintenance in North Palm Beach, FL | SecureLifts","Professional garage door maintenance in North Palm Beach, FL. Tune-ups, inspections, lubrication, balancing, and preventive service from SecureLifts.",Garage Door Maintenance in North Palm Beach,1288,37,Service|FAQPage|BreadcrumbList,true,true,false,false,garage-door-maintenance,MANUAL_REVIEW
https://securelifts.com/garage-door-maintenance/oakland-park,/garage-door-maintenance/[city],garage-door-maintenance,oakland-park,200,https://securelifts.com/garage-door-maintenance/oakland-park,true,"Garage Door Maintenance in Oakland Park, FL | SecureLifts","Professional garage door maintenance in Oakland Park, FL. Tune-ups, inspections, lubrication, balancing, and preventive service from SecureLifts.",Garage Door Maintenance in Oakland Park,1252,37,Service|FAQPage|BreadcrumbList,true,true,false,false,garage-door-maintenance,MANUAL_REVIEW
https://securelifts.com/garage-door-maintenance/palm-beach,/garage-door-maintenance/[city],garage-door-maintenance,palm-beach,200,https://securelifts.com/garage-door-maintenance/palm-beach,true,"Garage Door Maintenance in Palm Beach, FL | SecureLifts","Professional garage door maintenance in Palm Beach, FL. Tune-ups, inspections, lubrication, balancing, and preventive service from SecureLifts.",Garage Door Maintenance in Palm Beach,1252,37,Service|FAQPage|BreadcrumbList,true,true,false,false,garage-door-maintenance,MANUAL_REVIEW
https://securelifts.com/garage-door-maintenance/palm-beach-gardens,/garage-door-maintenance/[city],garage-door-maintenance,palm-beach-gardens,200,https://securelifts.com/garage-door-maintenance/palm-beach-gardens,true,"Garage Door Maintenance in Palm Beach Gardens, FL | SecureLifts","Professional garage door maintenance in Palm Beach Gardens, FL. Tune-ups, inspections, lubrication, balancing, and preventive service from SecureLifts.",Garage Door Maintenance in Palm Beach Gardens,1275,37,Service|FAQPage|BreadcrumbList,true,true,false,false,garage-door-maintenance,MANUAL_REVIEW
https://securelifts.com/garage-door-maintenance/palmetto-bay,/garage-door-maintenance/[city],garage-door-maintenance,palmetto-bay,200,https://securelifts.com/garage-door-maintenance/palmetto-bay,true,"Garage Door Maintenance in Palmetto Bay, FL | SecureLifts","Professional garage door maintenance in Palmetto Bay, FL. Tune-ups, inspections, lubrication, balancing, and preventive service from SecureLifts.",Garage Door Maintenance in Palmetto Bay,1252,37,Service|FAQPage|BreadcrumbList,true,true,false,false,garage-door-maintenance,MANUAL_REVIEW
https://securelifts.com/garage-door-maintenance/parkland,/garage-door-maintenance/[city],garage-door-maintenance,parkland,200,https://securelifts.com/garage-door-maintenance/parkland,true,"Garage Door Maintenance in Parkland, FL | SecureLifts","Professional garage door maintenance in Parkland, FL. Tune-ups, inspections, lubrication, balancing, and preventive service from SecureLifts.",Garage Door Maintenance in Parkland,1216,37,Service|FAQPage|BreadcrumbList,true,true,false,false,garage-door-maintenance,MANUAL_REVIEW
https://securelifts.com/garage-door-maintenance/pembroke-pines,/garage-door-maintenance/[city],garage-door-maintenance,pembroke-pines,200,https://securelifts.com/garage-door-maintenance/pembroke-pines,true,"Garage Door Maintenance in Pembroke Pines, FL | SecureLifts","Professional garage door maintenance in Pembroke Pines, FL. Tune-ups, inspections, lubrication, balancing, and preventive service from SecureLifts.",Garage Door Maintenance in Pembroke Pines,1252,37,Service|FAQPage|BreadcrumbList,true,true,false,false,garage-door-maintenance,MANUAL_REVIEW
https://securelifts.com/garage-door-maintenance/pinecrest,/garage-door-maintenance/[city],garage-door-maintenance,pinecrest,200,https://securelifts.com/garage-door-maintenance/pinecrest,true,"Garage Door Maintenance in Pinecrest, FL | SecureLifts","Professional garage door maintenance in Pinecrest, FL. Tune-ups, inspections, lubrication, balancing, and preventive service from SecureLifts.",Garage Door Maintenance in Pinecrest,1207,37,Service|FAQPage|BreadcrumbList,true,true,false,false,garage-door-maintenance,MANUAL_REVIEW
https://securelifts.com/garage-door-maintenance/plantation,/garage-door-maintenance/[city],garage-door-maintenance,plantation,200,https://securelifts.com/garage-door-maintenance/plantation,true,"Garage Door Maintenance in Plantation, FL | SecureLifts","Professional garage door maintenance in Plantation, FL. Tune-ups, inspections, lubrication, balancing, and preventive service from SecureLifts.",Garage Door Maintenance in Plantation,1216,37,Service|FAQPage|BreadcrumbList,true,true,false,false,garage-door-maintenance,MANUAL_REVIEW
https://securelifts.com/garage-door-maintenance/pompano-beach,/garage-door-maintenance/[city],garage-door-maintenance,pompano-beach,200,https://securelifts.com/garage-door-maintenance/pompano-beach,true,"Garage Door Maintenance in Pompano Beach, FL | SecureLifts","Professional garage door maintenance in Pompano Beach, FL. Tune-ups, inspections, lubrication, balancing, and preventive service from SecureLifts.",Garage Door Maintenance in Pompano Beach,1252,37,Service|FAQPage|BreadcrumbList,true,true,false,false,garage-door-maintenance,MANUAL_REVIEW
https://securelifts.com/garage-door-maintenance/port-st-lucie,/garage-door-maintenance/[city],garage-door-maintenance,port-st-lucie,200,https://securelifts.com/garage-door-maintenance/port-st-lucie,true,"Garage Door Maintenance in Port St Lucie, FL | SecureLifts","Professional garage door maintenance in Port St Lucie, FL. Tune-ups, inspections, lubrication, balancing, and preventive service from SecureLifts.",Garage Door Maintenance in Port St Lucie,1288,37,Service|FAQPage|BreadcrumbList,true,true,false,false,garage-door-maintenance,MANUAL_REVIEW
https://securelifts.com/garage-door-maintenance/riviera-beach,/garage-door-maintenance/[city],garage-door-maintenance,riviera-beach,200,https://securelifts.com/garage-door-maintenance/riviera-beach,true,"Garage Door Maintenance in Riviera Beach, FL | SecureLifts","Professional garage door maintenance in Riviera Beach, FL. Tune-ups, inspections, lubrication, balancing, and preventive service from SecureLifts.",Garage Door Maintenance in Riviera Beach,1252,37,Service|FAQPage|BreadcrumbList,true,true,false,false,garage-door-maintenance,MANUAL_REVIEW
https://securelifts.com/garage-door-maintenance/royal-palm-beach,/garage-door-maintenance/[city],garage-door-maintenance,royal-palm-beach,200,https://securelifts.com/garage-door-maintenance/royal-palm-beach,true,"Garage Door Maintenance in Royal Palm Beach, FL | SecureLifts","Professional garage door maintenance in Royal Palm Beach, FL. Tune-ups, inspections, lubrication, balancing, and preventive service from SecureLifts.",Garage Door Maintenance in Royal Palm Beach,1273,37,Service|FAQPage|BreadcrumbList,true,true,false,false,garage-door-maintenance,MANUAL_REVIEW
https://securelifts.com/garage-door-maintenance/stuart,/garage-door-maintenance/[city],garage-door-maintenance,stuart,200,https://securelifts.com/garage-door-maintenance/stuart,true,"Garage Door Maintenance in Stuart, FL | SecureLifts","Professional garage door maintenance in Stuart, FL. Tune-ups, inspections, lubrication, balancing, and preventive service from SecureLifts.",Garage Door Maintenance in Stuart,1216,37,Service|FAQPage|BreadcrumbList,true,true,false,false,garage-door-maintenance,MANUAL_REVIEW
https://securelifts.com/garage-door-maintenance/sunny-isles-beach,/garage-door-maintenance/[city],garage-door-maintenance,sunny-isles-beach,200,https://securelifts.com/garage-door-maintenance/sunny-isles-beach,true,"Garage Door Maintenance in Sunny Isles Beach, FL | SecureLifts","Professional garage door maintenance in Sunny Isles Beach, FL. Tune-ups, inspections, lubrication, balancing, and preventive service from SecureLifts.",Garage Door Maintenance in Sunny Isles Beach,1288,37,Service|FAQPage|BreadcrumbList,true,true,false,false,garage-door-maintenance,MANUAL_REVIEW
https://securelifts.com/garage-door-maintenance/sunrise,/garage-door-maintenance/[city],garage-door-maintenance,sunrise,200,https://securelifts.com/garage-door-maintenance/sunrise,true,"Garage Door Maintenance in Sunrise, FL | SecureLifts","Professional garage door maintenance in Sunrise, FL. Tune-ups, inspections, lubrication, balancing, and preventive service from SecureLifts.",Garage Door Maintenance in Sunrise,1216,37,Service|FAQPage|BreadcrumbList,true,true,false,false,garage-door-maintenance,MANUAL_REVIEW
https://securelifts.com/garage-door-maintenance/tamarac,/garage-door-maintenance/[city],garage-door-maintenance,tamarac,200,https://securelifts.com/garage-door-maintenance/tamarac,true,"Garage Door Maintenance in Tamarac, FL | SecureLifts","Professional garage door maintenance in Tamarac, FL. Tune-ups, inspections, lubrication, balancing, and preventive service from SecureLifts.",Garage Door Maintenance in Tamarac,1216,37,Service|FAQPage|BreadcrumbList,true,true,false,false,garage-door-maintenance,MANUAL_REVIEW
https://securelifts.com/garage-door-maintenance/tequesta,/garage-door-maintenance/[city],garage-door-maintenance,tequesta,200,https://securelifts.com/garage-door-maintenance/tequesta,true,"Garage Door Maintenance in Tequesta, FL | SecureLifts","Professional garage door maintenance in Tequesta, FL. Tune-ups, inspections, lubrication, balancing, and preventive service from SecureLifts.",Garage Door Maintenance in Tequesta,1216,37,Service|FAQPage|BreadcrumbList,true,true,false,false,garage-door-maintenance,MANUAL_REVIEW
https://securelifts.com/garage-door-maintenance/wellington,/garage-door-maintenance/[city],garage-door-maintenance,wellington,200,https://securelifts.com/garage-door-maintenance/wellington,true,"Garage Door Maintenance in Wellington, FL | SecureLifts","Professional garage door maintenance in Wellington, FL. Tune-ups, inspections, lubrication, balancing, and preventive service from SecureLifts.",Garage Door Maintenance in Wellington,1207,37,Service|FAQPage|BreadcrumbList,true,true,false,false,garage-door-maintenance,MANUAL_REVIEW
https://securelifts.com/garage-door-maintenance/west-palm-beach,/garage-door-maintenance/[city],garage-door-maintenance,west-palm-beach,200,https://securelifts.com/garage-door-maintenance/west-palm-beach,true,"Garage Door Maintenance in West Palm Beach, FL | SecureLifts","Professional garage door maintenance in West Palm Beach, FL. Tune-ups, inspections, lubrication, balancing, and preventive service from SecureLifts.",Garage Door Maintenance in West Palm Beach,1280,37,Service|FAQPage|BreadcrumbList,true,true,false,false,garage-door-maintenance,MANUAL_REVIEW
https://securelifts.com/garage-door-maintenance/weston,/garage-door-maintenance/[city],garage-door-maintenance,weston,200,https://securelifts.com/garage-door-maintenance/weston,true,"Garage Door Maintenance in Weston, FL | SecureLifts","Professional garage door maintenance in Weston, FL. Tune-ups, inspections, lubrication, balancing, and preventive service from SecureLifts.",Garage Door Maintenance in Weston,1216,37,Service|FAQPage|BreadcrumbList,true,true,false,false,garage-door-maintenance,MANUAL_REVIEW
https://securelifts.com/garage-door-maintenance/wilton-manors,/garage-door-maintenance/[city],garage-door-maintenance,wilton-manors,200,https://securelifts.com/garage-door-maintenance/wilton-manors,true,"Garage Door Maintenance in Wilton Manors, FL | SecureLifts","Professional garage door maintenance in Wilton Manors, FL. Tune-ups, inspections, lubrication, balancing, and preventive service from SecureLifts.",Garage Door Maintenance in Wilton Manors,1252,37,Service|FAQPage|BreadcrumbList,true,true,false,false,garage-door-maintenance,MANUAL_REVIEW
https://securelifts.com/garage-door-off-track-repair/aventura,/garage-door-off-track-repair/[city],garage-door-off-track-repair,aventura,200,https://securelifts.com/garage-door-off-track-repair/aventura,true,Off-Track Garage Door Repair in Aventura | SecureLifts,"Fast, professional off-track garage door repair in Aventura. SecureLifts fixes garage doors that slipped off track, jammed, tilted, or became unsafe to operate.",Off-Track Garage Door Repair in Aventura,637,32,,false,true,false,false,garage-door-off-track-repair,MANUAL_REVIEW
https://securelifts.com/garage-door-off-track-repair/boca-raton,/garage-door-off-track-repair/[city],garage-door-off-track-repair,boca-raton,200,https://securelifts.com/garage-door-off-track-repair/boca-raton,true,Off-Track Garage Door Repair in Boca Raton | SecureLifts,"Fast, professional off-track garage door repair in Boca Raton. SecureLifts fixes garage doors that slipped off track, jammed, tilted, or became unsafe to operate.",Off-Track Garage Door Repair in Boca Raton,652,32,,false,true,false,false,garage-door-off-track-repair,MANUAL_REVIEW
https://securelifts.com/garage-door-off-track-repair/boynton-beach,/garage-door-off-track-repair/[city],garage-door-off-track-repair,boynton-beach,200,https://securelifts.com/garage-door-off-track-repair/boynton-beach,true,Off-Track Garage Door Repair in Boynton Beach | SecureLifts,"Fast, professional off-track garage door repair in Boynton Beach. SecureLifts fixes garage doors that slipped off track, jammed, tilted, or became unsafe to operate.",Off-Track Garage Door Repair in Boynton Beach,652,32,,false,true,false,false,garage-door-off-track-repair,MANUAL_REVIEW
https://securelifts.com/garage-door-off-track-repair/coral-gables,/garage-door-off-track-repair/[city],garage-door-off-track-repair,coral-gables,200,https://securelifts.com/garage-door-off-track-repair/coral-gables,true,Off-Track Garage Door Repair in Coral Gables | SecureLifts,"Fast, professional off-track garage door repair in Coral Gables. SecureLifts fixes garage doors that slipped off track, jammed, tilted, or became unsafe to operate.",Off-Track Garage Door Repair in Coral Gables,660,32,,false,true,false,false,garage-door-off-track-repair,MANUAL_REVIEW
https://securelifts.com/garage-door-off-track-repair/coral-springs,/garage-door-off-track-repair/[city],garage-door-off-track-repair,coral-springs,200,https://securelifts.com/garage-door-off-track-repair/coral-springs,true,Off-Track Garage Door Repair in Coral Springs | SecureLifts,"Fast, professional off-track garage door repair in Coral Springs. SecureLifts fixes garage doors that slipped off track, jammed, tilted, or became unsafe to operate.",Off-Track Garage Door Repair in Coral Springs,660,32,,false,true,false,false,garage-door-off-track-repair,MANUAL_REVIEW
https://securelifts.com/garage-door-off-track-repair/cutler-bay,/garage-door-off-track-repair/[city],garage-door-off-track-repair,cutler-bay,200,https://securelifts.com/garage-door-off-track-repair/cutler-bay,true,Off-Track Garage Door Repair in Cutler Bay | SecureLifts,"Fast, professional off-track garage door repair in Cutler Bay. SecureLifts fixes garage doors that slipped off track, jammed, tilted, or became unsafe to operate.",Off-Track Garage Door Repair in Cutler Bay,660,32,,false,true,false,false,garage-door-off-track-repair,MANUAL_REVIEW
https://securelifts.com/garage-door-off-track-repair/davie,/garage-door-off-track-repair/[city],garage-door-off-track-repair,davie,200,https://securelifts.com/garage-door-off-track-repair/davie,true,Off-Track Garage Door Repair in Davie | SecureLifts,"Fast, professional off-track garage door repair in Davie. SecureLifts fixes garage doors that slipped off track, jammed, tilted, or became unsafe to operate.",Off-Track Garage Door Repair in Davie,630,32,,false,true,false,false,garage-door-off-track-repair,MANUAL_REVIEW
https://securelifts.com/garage-door-off-track-repair/deerfield-beach,/garage-door-off-track-repair/[city],garage-door-off-track-repair,deerfield-beach,200,https://securelifts.com/garage-door-off-track-repair/deerfield-beach,true,Off-Track Garage Door Repair in Deerfield Beach | SecureLifts,"Fast, professional off-track garage door repair in Deerfield Beach. SecureLifts fixes garage doors that slipped off track, jammed, tilted, or became unsafe to operate.",Off-Track Garage Door Repair in Deerfield Beach,660,32,,false,true,false,false,garage-door-off-track-repair,MANUAL_REVIEW
https://securelifts.com/garage-door-off-track-repair/delray-beach,/garage-door-off-track-repair/[city],garage-door-off-track-repair,delray-beach,200,https://securelifts.com/garage-door-off-track-repair/delray-beach,true,Off-Track Garage Door Repair in Delray Beach | SecureLifts,"Fast, professional off-track garage door repair in Delray Beach. SecureLifts fixes garage doors that slipped off track, jammed, tilted, or became unsafe to operate.",Off-Track Garage Door Repair in Delray Beach,653,32,,false,true,false,false,garage-door-off-track-repair,MANUAL_REVIEW
https://securelifts.com/garage-door-off-track-repair/doral,/garage-door-off-track-repair/[city],garage-door-off-track-repair,doral,200,https://securelifts.com/garage-door-off-track-repair/doral,true,Off-Track Garage Door Repair in Doral | SecureLifts,"Fast, professional off-track garage door repair in Doral. SecureLifts fixes garage doors that slipped off track, jammed, tilted, or became unsafe to operate.",Off-Track Garage Door Repair in Doral,630,32,,false,true,false,false,garage-door-off-track-repair,MANUAL_REVIEW
https://securelifts.com/garage-door-off-track-repair/fort-lauderdale,/garage-door-off-track-repair/[city],garage-door-off-track-repair,fort-lauderdale,200,https://securelifts.com/garage-door-off-track-repair/fort-lauderdale,true,Off-Track Garage Door Repair in Fort Lauderdale | SecureLifts,"Fast, professional off-track garage door repair in Fort Lauderdale. SecureLifts fixes garage doors that slipped off track, jammed, tilted, or became unsafe to operate.",Off-Track Garage Door Repair in Fort Lauderdale,650,32,,false,true,false,false,garage-door-off-track-repair,MANUAL_REVIEW
https://securelifts.com/garage-door-off-track-repair/greenacres,/garage-door-off-track-repair/[city],garage-door-off-track-repair,greenacres,200,https://securelifts.com/garage-door-off-track-repair/greenacres,true,Off-Track Garage Door Repair in Greenacres | SecureLifts,"Fast, professional off-track garage door repair in Greenacres. SecureLifts fixes garage doors that slipped off track, jammed, tilted, or became unsafe to operate.",Off-Track Garage Door Repair in Greenacres,637,32,,false,true,false,false,garage-door-off-track-repair,MANUAL_REVIEW
https://securelifts.com/garage-door-off-track-repair/hallandale-beach,/garage-door-off-track-repair/[city],garage-door-off-track-repair,hallandale-beach,200,https://securelifts.com/garage-door-off-track-repair/hallandale-beach,true,Off-Track Garage Door Repair in Hallandale Beach | SecureLifts,"Fast, professional off-track garage door repair in Hallandale Beach. SecureLifts fixes garage doors that slipped off track, jammed, tilted, or became unsafe to operate.",Off-Track Garage Door Repair in Hallandale Beach,652,32,,false,true,false,false,garage-door-off-track-repair,MANUAL_REVIEW
https://securelifts.com/garage-door-off-track-repair/hialeah,/garage-door-off-track-repair/[city],garage-door-off-track-repair,hialeah,200,https://securelifts.com/garage-door-off-track-repair/hialeah,true,Off-Track Garage Door Repair in Hialeah | SecureLifts,"Fast, professional off-track garage door repair in Hialeah. SecureLifts fixes garage doors that slipped off track, jammed, tilted, or became unsafe to operate.",Off-Track Garage Door Repair in Hialeah,637,32,,false,true,false,false,garage-door-off-track-repair,MANUAL_REVIEW
https://securelifts.com/garage-door-off-track-repair/hialeah-gardens,/garage-door-off-track-repair/[city],garage-door-off-track-repair,hialeah-gardens,200,https://securelifts.com/garage-door-off-track-repair/hialeah-gardens,true,Off-Track Garage Door Repair in Hialeah Gardens | SecureLifts,"Fast, professional off-track garage door repair in Hialeah Gardens. SecureLifts fixes garage doors that slipped off track, jammed, tilted, or became unsafe to operate.",Off-Track Garage Door Repair in Hialeah Gardens,660,32,,false,true,false,false,garage-door-off-track-repair,MANUAL_REVIEW
https://securelifts.com/garage-door-off-track-repair/highland-beach,/garage-door-off-track-repair/[city],garage-door-off-track-repair,highland-beach,200,https://securelifts.com/garage-door-off-track-repair/highland-beach,true,Off-Track Garage Door Repair in Highland Beach | SecureLifts,"Fast, professional off-track garage door repair in Highland Beach. SecureLifts fixes garage doors that slipped off track, jammed, tilted, or became unsafe to operate.",Off-Track Garage Door Repair in Highland Beach,660,32,,false,true,false,false,garage-door-off-track-repair,MANUAL_REVIEW
https://securelifts.com/garage-door-off-track-repair/hollywood,/garage-door-off-track-repair/[city],garage-door-off-track-repair,hollywood,200,https://securelifts.com/garage-door-off-track-repair/hollywood,true,Off-Track Garage Door Repair in Hollywood | SecureLifts,"Fast, professional off-track garage door repair in Hollywood. SecureLifts fixes garage doors that slipped off track, jammed, tilted, or became unsafe to operate.",Off-Track Garage Door Repair in Hollywood,637,32,,false,true,false,false,garage-door-off-track-repair,MANUAL_REVIEW
https://securelifts.com/garage-door-off-track-repair/homestead,/garage-door-off-track-repair/[city],garage-door-off-track-repair,homestead,200,https://securelifts.com/garage-door-off-track-repair/homestead,true,Off-Track Garage Door Repair in Homestead | SecureLifts,"Fast, professional off-track garage door repair in Homestead. SecureLifts fixes garage doors that slipped off track, jammed, tilted, or became unsafe to operate.",Off-Track Garage Door Repair in Homestead,630,32,,false,true,false,false,garage-door-off-track-repair,MANUAL_REVIEW
https://securelifts.com/garage-door-off-track-repair/juno-beach,/garage-door-off-track-repair/[city],garage-door-off-track-repair,juno-beach,200,https://securelifts.com/garage-door-off-track-repair/juno-beach,true,Off-Track Garage Door Repair in Juno Beach | SecureLifts,"Fast, professional off-track garage door repair in Juno Beach. SecureLifts fixes garage doors that slipped off track, jammed, tilted, or became unsafe to operate.",Off-Track Garage Door Repair in Juno Beach,660,32,,false,true,false,false,garage-door-off-track-repair,MANUAL_REVIEW
https://securelifts.com/garage-door-off-track-repair/jupiter,/garage-door-off-track-repair/[city],garage-door-off-track-repair,jupiter,200,https://securelifts.com/garage-door-off-track-repair/jupiter,true,Off-Track Garage Door Repair in Jupiter | SecureLifts,"Fast, professional off-track garage door repair in Jupiter. SecureLifts fixes garage doors that slipped off track, jammed, tilted, or became unsafe to operate.",Off-Track Garage Door Repair in Jupiter,633,32,,false,true,false,false,garage-door-off-track-repair,MANUAL_REVIEW
https://securelifts.com/garage-door-off-track-repair/kendall,/garage-door-off-track-repair/[city],garage-door-off-track-repair,kendall,200,https://securelifts.com/garage-door-off-track-repair/kendall,true,Off-Track Garage Door Repair in Kendall | SecureLifts,"Fast, professional off-track garage door repair in Kendall. SecureLifts fixes garage doors that slipped off track, jammed, tilted, or became unsafe to operate.",Off-Track Garage Door Repair in Kendall,637,32,,false,true,false,false,garage-door-off-track-repair,MANUAL_REVIEW
https://securelifts.com/garage-door-off-track-repair/lake-worth,/garage-door-off-track-repair/[city],garage-door-off-track-repair,lake-worth,200,https://securelifts.com/garage-door-off-track-repair/lake-worth,true,Off-Track Garage Door Repair in Lake Worth | SecureLifts,"Fast, professional off-track garage door repair in Lake Worth. SecureLifts fixes garage doors that slipped off track, jammed, tilted, or became unsafe to operate.",Off-Track Garage Door Repair in Lake Worth,660,32,,false,true,false,false,garage-door-off-track-repair,MANUAL_REVIEW
https://securelifts.com/garage-door-off-track-repair/lauderhill,/garage-door-off-track-repair/[city],garage-door-off-track-repair,lauderhill,200,https://securelifts.com/garage-door-off-track-repair/lauderhill,true,Off-Track Garage Door Repair in Lauderhill | SecureLifts,"Fast, professional off-track garage door repair in Lauderhill. SecureLifts fixes garage doors that slipped off track, jammed, tilted, or became unsafe to operate.",Off-Track Garage Door Repair in Lauderhill,637,32,,false,true,false,false,garage-door-off-track-repair,MANUAL_REVIEW
https://securelifts.com/garage-door-off-track-repair/lighthouse-point,/garage-door-off-track-repair/[city],garage-door-off-track-repair,lighthouse-point,200,https://securelifts.com/garage-door-off-track-repair/lighthouse-point,true,Off-Track Garage Door Repair in Lighthouse Point | SecureLifts,"Fast, professional off-track garage door repair in Lighthouse Point. SecureLifts fixes garage doors that slipped off track, jammed, tilted, or became unsafe to operate.",Off-Track Garage Door Repair in Lighthouse Point,660,32,,false,true,false,false,garage-door-off-track-repair,MANUAL_REVIEW
https://securelifts.com/garage-door-off-track-repair/loxahatchee,/garage-door-off-track-repair/[city],garage-door-off-track-repair,loxahatchee,200,https://securelifts.com/garage-door-off-track-repair/loxahatchee,true,Off-Track Garage Door Repair in Loxahatchee | SecureLifts,"Fast, professional off-track garage door repair in Loxahatchee. SecureLifts fixes garage doors that slipped off track, jammed, tilted, or became unsafe to operate.",Off-Track Garage Door Repair in Loxahatchee,637,32,,false,true,false,false,garage-door-off-track-repair,MANUAL_REVIEW
https://securelifts.com/garage-door-off-track-repair/medley,/garage-door-off-track-repair/[city],garage-door-off-track-repair,medley,200,https://securelifts.com/garage-door-off-track-repair/medley,true,Off-Track Garage Door Repair in Medley | SecureLifts,"Fast, professional off-track garage door repair in Medley. SecureLifts fixes garage doors that slipped off track, jammed, tilted, or became unsafe to operate.",Off-Track Garage Door Repair in Medley,629,32,,false,true,false,false,garage-door-off-track-repair,MANUAL_REVIEW
https://securelifts.com/garage-door-off-track-repair/miami,/garage-door-off-track-repair/[city],garage-door-off-track-repair,miami,200,https://securelifts.com/garage-door-off-track-repair/miami,true,Off-Track Garage Door Repair in Miami | SecureLifts,"Fast, professional off-track garage door repair in Miami. SecureLifts fixes garage doors that slipped off track, jammed, tilted, or became unsafe to operate.",Off-Track Garage Door Repair in Miami,630,32,,false,true,false,false,garage-door-off-track-repair,MANUAL_REVIEW
https://securelifts.com/garage-door-off-track-repair/miami-beach,/garage-door-off-track-repair/[city],garage-door-off-track-repair,miami-beach,200,https://securelifts.com/garage-door-off-track-repair/miami-beach,true,Off-Track Garage Door Repair in Miami Beach | SecureLifts,"Fast, professional off-track garage door repair in Miami Beach. SecureLifts fixes garage doors that slipped off track, jammed, tilted, or became unsafe to operate.",Off-Track Garage Door Repair in Miami Beach,660,32,,false,true,false,false,garage-door-off-track-repair,MANUAL_REVIEW
https://securelifts.com/garage-door-off-track-repair/miami-gardens,/garage-door-off-track-repair/[city],garage-door-off-track-repair,miami-gardens,200,https://securelifts.com/garage-door-off-track-repair/miami-gardens,true,Off-Track Garage Door Repair in Miami Gardens | SecureLifts,"Fast, professional off-track garage door repair in Miami Gardens. SecureLifts fixes garage doors that slipped off track, jammed, tilted, or became unsafe to operate.",Off-Track Garage Door Repair in Miami Gardens,660,32,,false,true,false,false,garage-door-off-track-repair,MANUAL_REVIEW
https://securelifts.com/garage-door-off-track-repair/miami-lakes,/garage-door-off-track-repair/[city],garage-door-off-track-repair,miami-lakes,200,https://securelifts.com/garage-door-off-track-repair/miami-lakes,true,Off-Track Garage Door Repair in Miami Lakes | SecureLifts,"Fast, professional off-track garage door repair in Miami Lakes. SecureLifts fixes garage doors that slipped off track, jammed, tilted, or became unsafe to operate.",Off-Track Garage Door Repair in Miami Lakes,660,32,,false,true,false,false,garage-door-off-track-repair,MANUAL_REVIEW
https://securelifts.com/garage-door-off-track-repair/miramar,/garage-door-off-track-repair/[city],garage-door-off-track-repair,miramar,200,https://securelifts.com/garage-door-off-track-repair/miramar,true,Off-Track Garage Door Repair in Miramar | SecureLifts,"Fast, professional off-track garage door repair in Miramar. SecureLifts fixes garage doors that slipped off track, jammed, tilted, or became unsafe to operate.",Off-Track Garage Door Repair in Miramar,631,32,,false,true,false,false,garage-door-off-track-repair,MANUAL_REVIEW
https://securelifts.com/garage-door-off-track-repair/north-palm-beach,/garage-door-off-track-repair/[city],garage-door-off-track-repair,north-palm-beach,200,https://securelifts.com/garage-door-off-track-repair/north-palm-beach,true,Off-Track Garage Door Repair in North Palm Beach | SecureLifts,"Fast, professional off-track garage door repair in North Palm Beach. SecureLifts fixes garage doors that slipped off track, jammed, tilted, or became unsafe to operate.",Off-Track Garage Door Repair in North Palm Beach,683,32,,false,true,false,false,garage-door-off-track-repair,MANUAL_REVIEW
https://securelifts.com/garage-door-off-track-repair/oakland-park,/garage-door-off-track-repair/[city],garage-door-off-track-repair,oakland-park,200,https://securelifts.com/garage-door-off-track-repair/oakland-park,true,Off-Track Garage Door Repair in Oakland Park | SecureLifts,"Fast, professional off-track garage door repair in Oakland Park. SecureLifts fixes garage doors that slipped off track, jammed, tilted, or became unsafe to operate.",Off-Track Garage Door Repair in Oakland Park,660,32,,false,true,false,false,garage-door-off-track-repair,MANUAL_REVIEW
https://securelifts.com/garage-door-off-track-repair/palm-beach,/garage-door-off-track-repair/[city],garage-door-off-track-repair,palm-beach,200,https://securelifts.com/garage-door-off-track-repair/palm-beach,true,Off-Track Garage Door Repair in Palm Beach | SecureLifts,"Fast, professional off-track garage door repair in Palm Beach. SecureLifts fixes garage doors that slipped off track, jammed, tilted, or became unsafe to operate.",Off-Track Garage Door Repair in Palm Beach,660,32,,false,true,false,false,garage-door-off-track-repair,MANUAL_REVIEW
https://securelifts.com/garage-door-off-track-repair/palm-beach-gardens,/garage-door-off-track-repair/[city],garage-door-off-track-repair,palm-beach-gardens,200,https://securelifts.com/garage-door-off-track-repair/palm-beach-gardens,true,Off-Track Garage Door Repair in Palm Beach Gardens | SecureLifts,"Fast, professional off-track garage door repair in Palm Beach Gardens. SecureLifts fixes garage doors that slipped off track, jammed, tilted, or became unsafe to operate.",Off-Track Garage Door Repair in Palm Beach Gardens,675,32,,false,true,false,false,garage-door-off-track-repair,MANUAL_REVIEW
https://securelifts.com/garage-door-off-track-repair/palmetto-bay,/garage-door-off-track-repair/[city],garage-door-off-track-repair,palmetto-bay,200,https://securelifts.com/garage-door-off-track-repair/palmetto-bay,true,Off-Track Garage Door Repair in Palmetto Bay | SecureLifts,"Fast, professional off-track garage door repair in Palmetto Bay. SecureLifts fixes garage doors that slipped off track, jammed, tilted, or became unsafe to operate.",Off-Track Garage Door Repair in Palmetto Bay,660,32,,false,true,false,false,garage-door-off-track-repair,MANUAL_REVIEW
https://securelifts.com/garage-door-off-track-repair/parkland,/garage-door-off-track-repair/[city],garage-door-off-track-repair,parkland,200,https://securelifts.com/garage-door-off-track-repair/parkland,true,Off-Track Garage Door Repair in Parkland | SecureLifts,"Fast, professional off-track garage door repair in Parkland. SecureLifts fixes garage doors that slipped off track, jammed, tilted, or became unsafe to operate.",Off-Track Garage Door Repair in Parkland,637,32,,false,true,false,false,garage-door-off-track-repair,MANUAL_REVIEW
https://securelifts.com/garage-door-off-track-repair/pembroke-pines,/garage-door-off-track-repair/[city],garage-door-off-track-repair,pembroke-pines,200,https://securelifts.com/garage-door-off-track-repair/pembroke-pines,true,Off-Track Garage Door Repair in Pembroke Pines | SecureLifts,"Fast, professional off-track garage door repair in Pembroke Pines. SecureLifts fixes garage doors that slipped off track, jammed, tilted, or became unsafe to operate.",Off-Track Garage Door Repair in Pembroke Pines,660,32,,false,true,false,false,garage-door-off-track-repair,MANUAL_REVIEW
https://securelifts.com/garage-door-off-track-repair/pinecrest,/garage-door-off-track-repair/[city],garage-door-off-track-repair,pinecrest,200,https://securelifts.com/garage-door-off-track-repair/pinecrest,true,Off-Track Garage Door Repair in Pinecrest | SecureLifts,"Fast, professional off-track garage door repair in Pinecrest. SecureLifts fixes garage doors that slipped off track, jammed, tilted, or became unsafe to operate.",Off-Track Garage Door Repair in Pinecrest,630,32,,false,true,false,false,garage-door-off-track-repair,MANUAL_REVIEW
https://securelifts.com/garage-door-off-track-repair/plantation,/garage-door-off-track-repair/[city],garage-door-off-track-repair,plantation,200,https://securelifts.com/garage-door-off-track-repair/plantation,true,Off-Track Garage Door Repair in Plantation | SecureLifts,"Fast, professional off-track garage door repair in Plantation. SecureLifts fixes garage doors that slipped off track, jammed, tilted, or became unsafe to operate.",Off-Track Garage Door Repair in Plantation,637,32,,false,true,false,false,garage-door-off-track-repair,MANUAL_REVIEW
https://securelifts.com/garage-door-off-track-repair/pompano-beach,/garage-door-off-track-repair/[city],garage-door-off-track-repair,pompano-beach,200,https://securelifts.com/garage-door-off-track-repair/pompano-beach,true,Off-Track Garage Door Repair in Pompano Beach | SecureLifts,"Fast, professional off-track garage door repair in Pompano Beach. SecureLifts fixes garage doors that slipped off track, jammed, tilted, or became unsafe to operate.",Off-Track Garage Door Repair in Pompano Beach,660,32,,false,true,false,false,garage-door-off-track-repair,MANUAL_REVIEW
https://securelifts.com/garage-door-off-track-repair/port-st-lucie,/garage-door-off-track-repair/[city],garage-door-off-track-repair,port-st-lucie,200,https://securelifts.com/garage-door-off-track-repair/port-st-lucie,true,Off-Track Garage Door Repair in Port St Lucie | SecureLifts,"Fast, professional off-track garage door repair in Port St Lucie. SecureLifts fixes garage doors that slipped off track, jammed, tilted, or became unsafe to operate.",Off-Track Garage Door Repair in Port St Lucie,683,32,,false,true,false,false,garage-door-off-track-repair,MANUAL_REVIEW
https://securelifts.com/garage-door-off-track-repair/riviera-beach,/garage-door-off-track-repair/[city],garage-door-off-track-repair,riviera-beach,200,https://securelifts.com/garage-door-off-track-repair/riviera-beach,true,Off-Track Garage Door Repair in Riviera Beach | SecureLifts,"Fast, professional off-track garage door repair in Riviera Beach. SecureLifts fixes garage doors that slipped off track, jammed, tilted, or became unsafe to operate.",Off-Track Garage Door Repair in Riviera Beach,660,32,,false,true,false,false,garage-door-off-track-repair,MANUAL_REVIEW
https://securelifts.com/garage-door-off-track-repair/royal-palm-beach,/garage-door-off-track-repair/[city],garage-door-off-track-repair,royal-palm-beach,200,https://securelifts.com/garage-door-off-track-repair/royal-palm-beach,true,Off-Track Garage Door Repair in Royal Palm Beach | SecureLifts,"Fast, professional off-track garage door repair in Royal Palm Beach. SecureLifts fixes garage doors that slipped off track, jammed, tilted, or became unsafe to operate.",Off-Track Garage Door Repair in Royal Palm Beach,672,32,,false,true,false,false,garage-door-off-track-repair,MANUAL_REVIEW
https://securelifts.com/garage-door-off-track-repair/stuart,/garage-door-off-track-repair/[city],garage-door-off-track-repair,stuart,200,https://securelifts.com/garage-door-off-track-repair/stuart,true,Off-Track Garage Door Repair in Stuart | SecureLifts,"Fast, professional off-track garage door repair in Stuart. SecureLifts fixes garage doors that slipped off track, jammed, tilted, or became unsafe to operate.",Off-Track Garage Door Repair in Stuart,637,32,,false,true,false,false,garage-door-off-track-repair,MANUAL_REVIEW
https://securelifts.com/garage-door-off-track-repair/sunny-isles-beach,/garage-door-off-track-repair/[city],garage-door-off-track-repair,sunny-isles-beach,200,https://securelifts.com/garage-door-off-track-repair/sunny-isles-beach,true,Off-Track Garage Door Repair in Sunny Isles Beach | SecureLifts,"Fast, professional off-track garage door repair in Sunny Isles Beach. SecureLifts fixes garage doors that slipped off track, jammed, tilted, or became unsafe to operate.",Off-Track Garage Door Repair in Sunny Isles Beach,683,32,,false,true,false,false,garage-door-off-track-repair,MANUAL_REVIEW
https://securelifts.com/garage-door-off-track-repair/sunrise,/garage-door-off-track-repair/[city],garage-door-off-track-repair,sunrise,200,https://securelifts.com/garage-door-off-track-repair/sunrise,true,Off-Track Garage Door Repair in Sunrise | SecureLifts,"Fast, professional off-track garage door repair in Sunrise. SecureLifts fixes garage doors that slipped off track, jammed, tilted, or became unsafe to operate.",Off-Track Garage Door Repair in Sunrise,637,32,,false,true,false,false,garage-door-off-track-repair,MANUAL_REVIEW
https://securelifts.com/garage-door-off-track-repair/tamarac,/garage-door-off-track-repair/[city],garage-door-off-track-repair,tamarac,200,https://securelifts.com/garage-door-off-track-repair/tamarac,true,Off-Track Garage Door Repair in Tamarac | SecureLifts,"Fast, professional off-track garage door repair in Tamarac. SecureLifts fixes garage doors that slipped off track, jammed, tilted, or became unsafe to operate.",Off-Track Garage Door Repair in Tamarac,637,32,,false,true,false,false,garage-door-off-track-repair,MANUAL_REVIEW
https://securelifts.com/garage-door-off-track-repair/tequesta,/garage-door-off-track-repair/[city],garage-door-off-track-repair,tequesta,200,https://securelifts.com/garage-door-off-track-repair/tequesta,true,Off-Track Garage Door Repair in Tequesta | SecureLifts,"Fast, professional off-track garage door repair in Tequesta. SecureLifts fixes garage doors that slipped off track, jammed, tilted, or became unsafe to operate.",Off-Track Garage Door Repair in Tequesta,637,32,,false,true,false,false,garage-door-off-track-repair,MANUAL_REVIEW
https://securelifts.com/garage-door-off-track-repair/wellington,/garage-door-off-track-repair/[city],garage-door-off-track-repair,wellington,200,https://securelifts.com/garage-door-off-track-repair/wellington,true,Off-Track Garage Door Repair in Wellington | SecureLifts,"Fast, professional off-track garage door repair in Wellington. SecureLifts fixes garage doors that slipped off track, jammed, tilted, or became unsafe to operate.",Off-Track Garage Door Repair in Wellington,633,32,,false,true,false,false,garage-door-off-track-repair,MANUAL_REVIEW
https://securelifts.com/garage-door-off-track-repair/west-palm-beach,/garage-door-off-track-repair/[city],garage-door-off-track-repair,west-palm-beach,200,https://securelifts.com/garage-door-off-track-repair/west-palm-beach,true,Off-Track Garage Door Repair in West Palm Beach | SecureLifts,"Fast, professional off-track garage door repair in West Palm Beach. SecureLifts fixes garage doors that slipped off track, jammed, tilted, or became unsafe to operate.",Off-Track Garage Door Repair in West Palm Beach,675,32,,false,true,false,false,garage-door-off-track-repair,MANUAL_REVIEW
https://securelifts.com/garage-door-off-track-repair/weston,/garage-door-off-track-repair/[city],garage-door-off-track-repair,weston,200,https://securelifts.com/garage-door-off-track-repair/weston,true,Off-Track Garage Door Repair in Weston | SecureLifts,"Fast, professional off-track garage door repair in Weston. SecureLifts fixes garage doors that slipped off track, jammed, tilted, or became unsafe to operate.",Off-Track Garage Door Repair in Weston,637,32,,false,true,false,false,garage-door-off-track-repair,MANUAL_REVIEW
https://securelifts.com/garage-door-off-track-repair/wilton-manors,/garage-door-off-track-repair/[city],garage-door-off-track-repair,wilton-manors,200,https://securelifts.com/garage-door-off-track-repair/wilton-manors,true,Off-Track Garage Door Repair in Wilton Manors | SecureLifts,"Fast, professional off-track garage door repair in Wilton Manors. SecureLifts fixes garage doors that slipped off track, jammed, tilted, or became unsafe to operate.",Off-Track Garage Door Repair in Wilton Manors,660,32,,false,true,false,false,garage-door-off-track-repair,MANUAL_REVIEW
https://securelifts.com/garage-door-opener-repair/davie,/garage-door-opener-repair/[city],garage-door-opener-repair,davie,200,https://securelifts.com/garage-door-opener-repair/davie,true,"Garage Door Opener Repair in Davie, FL | SecureLifts","SecureLifts provides garage door opener repair in Davie, FL for motors, remotes, wall controls, safety sensors, and opener systems that stop or reverse.",Garage Door Opener Repair in Davie,949,35,Service|FAQPage|BreadcrumbList,true,true,false,false,garage-door-opener-repair,MANUAL_REVIEW
https://securelifts.com/garage-door-opener-repair/miami,/garage-door-opener-repair/[city],garage-door-opener-repair,miami,200,https://securelifts.com/garage-door-opener-repair/miami,true,"Garage Door Opener Repair in Miami, FL | SecureLifts","SecureLifts provides garage door opener repair in Miami, FL for motors, remotes, wall controls, safety sensors, and opener systems that stop or reverse.",Garage Door Opener Repair in Miami,982,38,Service|FAQPage|BreadcrumbList,true,true,true,false,garage-door-opener-repair,IMPROVE
https://securelifts.com/garage-door-opener-repair/miramar,/garage-door-opener-repair/[city],garage-door-opener-repair,miramar,200,https://securelifts.com/garage-door-opener-repair/miramar,true,"Garage Door Opener Repair in Miramar, FL | SecureLifts","SecureLifts provides garage door opener repair in Miramar, FL for motors, remotes, wall controls, safety sensors, and opener systems that stop or reverse.",Garage Door Opener Repair in Miramar,958,36,Service|FAQPage|BreadcrumbList,true,true,false,false,garage-door-opener-repair,MANUAL_REVIEW
https://securelifts.com/garage-door-opener-repair/west-palm-beach,/garage-door-opener-repair/[city],garage-door-opener-repair,west-palm-beach,200,https://securelifts.com/garage-door-opener-repair/west-palm-beach,true,"Garage Door Opener Repair in West Palm Beach, FL | SecureLifts","SecureLifts provides garage door opener repair in West Palm Beach, FL for motors, remotes, wall controls, safety sensors, and opener systems that stop or reverse.",Garage Door Opener Repair in West Palm Beach,1038,37,Service|FAQPage|BreadcrumbList,true,true,false,false,garage-door-opener-repair,MANUAL_REVIEW
https://securelifts.com/garage-door-panel-replacement/aventura,/garage-door-panel-replacement/[city],garage-door-panel-replacement,aventura,200,https://securelifts.com/garage-door-panel-replacement/aventura,true,"Garage Door Panel Replacement in Aventura, FL | SecureLifts","SecureLifts provides garage door panel replacement in Aventura, FL for dented, damaged, cracked, or impact-damaged garage door panels.",Garage Door Panel Replacement in Aventura,505,29,Service|FAQPage|BreadcrumbList,false,false,false,false,garage-door-panel-replacement,MANUAL_REVIEW
https://securelifts.com/garage-door-panel-replacement/boca-raton,/garage-door-panel-replacement/[city],garage-door-panel-replacement,boca-raton,200,https://securelifts.com/garage-door-panel-replacement/boca-raton,true,"Garage Door Panel Replacement in Boca Raton, FL | SecureLifts","SecureLifts provides garage door panel replacement in Boca Raton, FL for dented, damaged, cracked, or impact-damaged garage door panels.",Garage Door Panel Replacement in Boca Raton,506,29,Service|FAQPage|BreadcrumbList,false,false,false,false,garage-door-panel-replacement,MANUAL_REVIEW
https://securelifts.com/garage-door-panel-replacement/boynton-beach,/garage-door-panel-replacement/[city],garage-door-panel-replacement,boynton-beach,200,https://securelifts.com/garage-door-panel-replacement/boynton-beach,true,"Garage Door Panel Replacement in Boynton Beach, FL | SecureLifts","SecureLifts provides garage door panel replacement in Boynton Beach, FL for dented, damaged, cracked, or impact-damaged garage door panels.",Garage Door Panel Replacement in Boynton Beach,505,29,Service|FAQPage|BreadcrumbList,false,false,false,false,garage-door-panel-replacement,MANUAL_REVIEW
https://securelifts.com/garage-door-panel-replacement/coral-gables,/garage-door-panel-replacement/[city],garage-door-panel-replacement,coral-gables,200,https://securelifts.com/garage-door-panel-replacement/coral-gables,true,"Garage Door Panel Replacement in Coral Gables, FL | SecureLifts","SecureLifts provides garage door panel replacement in Coral Gables, FL for dented, damaged, cracked, or impact-damaged garage door panels.",Garage Door Panel Replacement in Coral Gables,519,29,Service|FAQPage|BreadcrumbList,false,false,false,false,garage-door-panel-replacement,MANUAL_REVIEW
https://securelifts.com/garage-door-panel-replacement/coral-springs,/garage-door-panel-replacement/[city],garage-door-panel-replacement,coral-springs,200,https://securelifts.com/garage-door-panel-replacement/coral-springs,true,"Garage Door Panel Replacement in Coral Springs, FL | SecureLifts","SecureLifts provides garage door panel replacement in Coral Springs, FL for dented, damaged, cracked, or impact-damaged garage door panels.",Garage Door Panel Replacement in Coral Springs,519,29,Service|FAQPage|BreadcrumbList,false,false,false,false,garage-door-panel-replacement,MANUAL_REVIEW
https://securelifts.com/garage-door-panel-replacement/cutler-bay,/garage-door-panel-replacement/[city],garage-door-panel-replacement,cutler-bay,200,https://securelifts.com/garage-door-panel-replacement/cutler-bay,true,"Garage Door Panel Replacement in Cutler Bay, FL | SecureLifts","SecureLifts provides garage door panel replacement in Cutler Bay, FL for dented, damaged, cracked, or impact-damaged garage door panels.",Garage Door Panel Replacement in Cutler Bay,519,29,Service|FAQPage|BreadcrumbList,false,false,false,false,garage-door-panel-replacement,MANUAL_REVIEW
https://securelifts.com/garage-door-panel-replacement/davie,/garage-door-panel-replacement/[city],garage-door-panel-replacement,davie,200,https://securelifts.com/garage-door-panel-replacement/davie,true,"Garage Door Panel Replacement in Davie, FL | SecureLifts","SecureLifts provides garage door panel replacement in Davie, FL for dented, damaged, cracked, or impact-damaged garage door panels.",Garage Door Panel Replacement in Davie,482,27,Service|FAQPage|BreadcrumbList,false,false,false,false,garage-door-panel-replacement,MANUAL_REVIEW
https://securelifts.com/garage-door-panel-replacement/deerfield-beach,/garage-door-panel-replacement/[city],garage-door-panel-replacement,deerfield-beach,200,https://securelifts.com/garage-door-panel-replacement/deerfield-beach,true,"Garage Door Panel Replacement in Deerfield Beach, FL | SecureLifts","SecureLifts provides garage door panel replacement in Deerfield Beach, FL for dented, damaged, cracked, or impact-damaged garage door panels.",Garage Door Panel Replacement in Deerfield Beach,519,29,Service|FAQPage|BreadcrumbList,false,false,false,false,garage-door-panel-replacement,MANUAL_REVIEW
https://securelifts.com/garage-door-panel-replacement/delray-beach,/garage-door-panel-replacement/[city],garage-door-panel-replacement,delray-beach,200,https://securelifts.com/garage-door-panel-replacement/delray-beach,true,"Garage Door Panel Replacement in Delray Beach, FL | SecureLifts","SecureLifts provides garage door panel replacement in Delray Beach, FL for dented, damaged, cracked, or impact-damaged garage door panels.",Garage Door Panel Replacement in Delray Beach,505,29,Service|FAQPage|BreadcrumbList,false,false,false,false,garage-door-panel-replacement,MANUAL_REVIEW
https://securelifts.com/garage-door-panel-replacement/doral,/garage-door-panel-replacement/[city],garage-door-panel-replacement,doral,200,https://securelifts.com/garage-door-panel-replacement/doral,true,"Garage Door Panel Replacement in Doral, FL | SecureLifts","SecureLifts provides garage door panel replacement in Doral, FL for dented, damaged, cracked, or impact-damaged garage door panels.",Garage Door Panel Replacement in Doral,496,29,Service|FAQPage|BreadcrumbList,false,false,false,false,garage-door-panel-replacement,MANUAL_REVIEW
https://securelifts.com/garage-door-panel-replacement/fort-lauderdale,/garage-door-panel-replacement/[city],garage-door-panel-replacement,fort-lauderdale,200,https://securelifts.com/garage-door-panel-replacement/fort-lauderdale,true,"Garage Door Panel Replacement in Fort Lauderdale, FL | SecureLifts","SecureLifts provides garage door panel replacement in Fort Lauderdale, FL for dented, damaged, cracked, or impact-damaged garage door panels.",Garage Door Panel Replacement in Fort Lauderdale,506,29,Service|FAQPage|BreadcrumbList,false,false,false,false,garage-door-panel-replacement,MANUAL_REVIEW
https://securelifts.com/garage-door-panel-replacement/greenacres,/garage-door-panel-replacement/[city],garage-door-panel-replacement,greenacres,200,https://securelifts.com/garage-door-panel-replacement/greenacres,true,"Garage Door Panel Replacement in Greenacres, FL | SecureLifts","SecureLifts provides garage door panel replacement in Greenacres, FL for dented, damaged, cracked, or impact-damaged garage door panels.",Garage Door Panel Replacement in Greenacres,505,29,Service|FAQPage|BreadcrumbList,false,false,false,false,garage-door-panel-replacement,MANUAL_REVIEW
https://securelifts.com/garage-door-panel-replacement/hallandale-beach,/garage-door-panel-replacement/[city],garage-door-panel-replacement,hallandale-beach,200,https://securelifts.com/garage-door-panel-replacement/hallandale-beach,true,"Garage Door Panel Replacement in Hallandale Beach, FL | SecureLifts","SecureLifts provides garage door panel replacement in Hallandale Beach, FL for dented, damaged, cracked, or impact-damaged garage door panels.",Garage Door Panel Replacement in Hallandale Beach,503,28,Service|FAQPage|BreadcrumbList,false,false,false,false,garage-door-panel-replacement,MANUAL_REVIEW
https://securelifts.com/garage-door-panel-replacement/hialeah,/garage-door-panel-replacement/[city],garage-door-panel-replacement,hialeah,200,https://securelifts.com/garage-door-panel-replacement/hialeah,true,"Garage Door Panel Replacement in Hialeah, FL | SecureLifts","SecureLifts provides garage door panel replacement in Hialeah, FL for dented, damaged, cracked, or impact-damaged garage door panels.",Garage Door Panel Replacement in Hialeah,505,29,Service|FAQPage|BreadcrumbList,false,false,false,false,garage-door-panel-replacement,MANUAL_REVIEW
https://securelifts.com/garage-door-panel-replacement/hialeah-gardens,/garage-door-panel-replacement/[city],garage-door-panel-replacement,hialeah-gardens,200,https://securelifts.com/garage-door-panel-replacement/hialeah-gardens,true,"Garage Door Panel Replacement in Hialeah Gardens, FL | SecureLifts","SecureLifts provides garage door panel replacement in Hialeah Gardens, FL for dented, damaged, cracked, or impact-damaged garage door panels.",Garage Door Panel Replacement in Hialeah Gardens,519,29,Service|FAQPage|BreadcrumbList,false,false,false,false,garage-door-panel-replacement,MANUAL_REVIEW
https://securelifts.com/garage-door-panel-replacement/highland-beach,/garage-door-panel-replacement/[city],garage-door-panel-replacement,highland-beach,200,https://securelifts.com/garage-door-panel-replacement/highland-beach,true,"Garage Door Panel Replacement in Highland Beach, FL | SecureLifts","SecureLifts provides garage door panel replacement in Highland Beach, FL for dented, damaged, cracked, or impact-damaged garage door panels.",Garage Door Panel Replacement in Highland Beach,519,29,Service|FAQPage|BreadcrumbList,false,false,false,false,garage-door-panel-replacement,MANUAL_REVIEW
https://securelifts.com/garage-door-panel-replacement/hollywood,/garage-door-panel-replacement/[city],garage-door-panel-replacement,hollywood,200,https://securelifts.com/garage-door-panel-replacement/hollywood,true,"Garage Door Panel Replacement in Hollywood, FL | SecureLifts","SecureLifts provides garage door panel replacement in Hollywood, FL for dented, damaged, cracked, or impact-damaged garage door panels.",Garage Door Panel Replacement in Hollywood,505,29,Service|FAQPage|BreadcrumbList,false,false,false,false,garage-door-panel-replacement,MANUAL_REVIEW
https://securelifts.com/garage-door-panel-replacement/homestead,/garage-door-panel-replacement/[city],garage-door-panel-replacement,homestead,200,https://securelifts.com/garage-door-panel-replacement/homestead,true,"Garage Door Panel Replacement in Homestead, FL | SecureLifts","SecureLifts provides garage door panel replacement in Homestead, FL for dented, damaged, cracked, or impact-damaged garage door panels.",Garage Door Panel Replacement in Homestead,496,29,Service|FAQPage|BreadcrumbList,false,false,false,false,garage-door-panel-replacement,MANUAL_REVIEW
https://securelifts.com/garage-door-panel-replacement/juno-beach,/garage-door-panel-replacement/[city],garage-door-panel-replacement,juno-beach,200,https://securelifts.com/garage-door-panel-replacement/juno-beach,true,"Garage Door Panel Replacement in Juno Beach, FL | SecureLifts","SecureLifts provides garage door panel replacement in Juno Beach, FL for dented, damaged, cracked, or impact-damaged garage door panels.",Garage Door Panel Replacement in Juno Beach,519,29,Service|FAQPage|BreadcrumbList,false,false,false,false,garage-door-panel-replacement,MANUAL_REVIEW
https://securelifts.com/garage-door-panel-replacement/jupiter,/garage-door-panel-replacement/[city],garage-door-panel-replacement,jupiter,200,https://securelifts.com/garage-door-panel-replacement/jupiter,true,"Garage Door Panel Replacement in Jupiter, FL | SecureLifts","SecureLifts provides garage door panel replacement in Jupiter, FL for dented, damaged, cracked, or impact-damaged garage door panels.",Garage Door Panel Replacement in Jupiter,497,29,Service|FAQPage|BreadcrumbList,false,false,false,false,garage-door-panel-replacement,MANUAL_REVIEW
https://securelifts.com/garage-door-panel-replacement/kendall,/garage-door-panel-replacement/[city],garage-door-panel-replacement,kendall,200,https://securelifts.com/garage-door-panel-replacement/kendall,true,"Garage Door Panel Replacement in Kendall, FL | SecureLifts","SecureLifts provides garage door panel replacement in Kendall, FL for dented, damaged, cracked, or impact-damaged garage door panels.",Garage Door Panel Replacement in Kendall,505,29,Service|FAQPage|BreadcrumbList,false,false,false,false,garage-door-panel-replacement,MANUAL_REVIEW
https://securelifts.com/garage-door-panel-replacement/lake-worth,/garage-door-panel-replacement/[city],garage-door-panel-replacement,lake-worth,200,https://securelifts.com/garage-door-panel-replacement/lake-worth,true,"Garage Door Panel Replacement in Lake Worth, FL | SecureLifts","SecureLifts provides garage door panel replacement in Lake Worth, FL for dented, damaged, cracked, or impact-damaged garage door panels.",Garage Door Panel Replacement in Lake Worth,519,29,Service|FAQPage|BreadcrumbList,false,false,false,false,garage-door-panel-replacement,MANUAL_REVIEW
https://securelifts.com/garage-door-panel-replacement/lauderhill,/garage-door-panel-replacement/[city],garage-door-panel-replacement,lauderhill,200,https://securelifts.com/garage-door-panel-replacement/lauderhill,true,"Garage Door Panel Replacement in Lauderhill, FL | SecureLifts","SecureLifts provides garage door panel replacement in Lauderhill, FL for dented, damaged, cracked, or impact-damaged garage door panels.",Garage Door Panel Replacement in Lauderhill,505,29,Service|FAQPage|BreadcrumbList,false,false,false,false,garage-door-panel-replacement,MANUAL_REVIEW
https://securelifts.com/garage-door-panel-replacement/lighthouse-point,/garage-door-panel-replacement/[city],garage-door-panel-replacement,lighthouse-point,200,https://securelifts.com/garage-door-panel-replacement/lighthouse-point,true,"Garage Door Panel Replacement in Lighthouse Point, FL | SecureLifts","SecureLifts provides garage door panel replacement in Lighthouse Point, FL for dented, damaged, cracked, or impact-damaged garage door panels.",Garage Door Panel Replacement in Lighthouse Point,519,29,Service|FAQPage|BreadcrumbList,false,false,false,false,garage-door-panel-replacement,MANUAL_REVIEW
https://securelifts.com/garage-door-panel-replacement/loxahatchee,/garage-door-panel-replacement/[city],garage-door-panel-replacement,loxahatchee,200,https://securelifts.com/garage-door-panel-replacement/loxahatchee,true,"Garage Door Panel Replacement in Loxahatchee, FL | SecureLifts","SecureLifts provides garage door panel replacement in Loxahatchee, FL for dented, damaged, cracked, or impact-damaged garage door panels.",Garage Door Panel Replacement in Loxahatchee,505,29,Service|FAQPage|BreadcrumbList,false,false,false,false,garage-door-panel-replacement,MANUAL_REVIEW
https://securelifts.com/garage-door-panel-replacement/medley,/garage-door-panel-replacement/[city],garage-door-panel-replacement,medley,200,https://securelifts.com/garage-door-panel-replacement/medley,true,"Garage Door Panel Replacement in Medley, FL | SecureLifts","SecureLifts provides garage door panel replacement in Medley, FL for dented, damaged, cracked, or impact-damaged garage door panels.",Garage Door Panel Replacement in Medley,494,29,Service|FAQPage|BreadcrumbList,false,false,false,false,garage-door-panel-replacement,MANUAL_REVIEW
https://securelifts.com/garage-door-panel-replacement/miami,/garage-door-panel-replacement/[city],garage-door-panel-replacement,miami,200,https://securelifts.com/garage-door-panel-replacement/miami,true,"Garage Door Panel Replacement in Miami, FL | SecureLifts","SecureLifts provides garage door panel replacement in Miami, FL for dented, damaged, cracked, or impact-damaged garage door panels.",Garage Door Panel Replacement in Miami,528,32,Service|FAQPage|BreadcrumbList,false,false,true,true,garage-door-panel-replacement,IMPROVE
https://securelifts.com/garage-door-panel-replacement/miami-beach,/garage-door-panel-replacement/[city],garage-door-panel-replacement,miami-beach,200,https://securelifts.com/garage-door-panel-replacement/miami-beach,true,"Garage Door Panel Replacement in Miami Beach, FL | SecureLifts","SecureLifts provides garage door panel replacement in Miami Beach, FL for dented, damaged, cracked, or impact-damaged garage door panels.",Garage Door Panel Replacement in Miami Beach,533,30,Service|FAQPage|BreadcrumbList,false,false,true,true,garage-door-panel-replacement,IMPROVE
https://securelifts.com/garage-door-panel-replacement/miami-gardens,/garage-door-panel-replacement/[city],garage-door-panel-replacement,miami-gardens,200,https://securelifts.com/garage-door-panel-replacement/miami-gardens,true,"Garage Door Panel Replacement in Miami Gardens, FL | SecureLifts","SecureLifts provides garage door panel replacement in Miami Gardens, FL for dented, damaged, cracked, or impact-damaged garage door panels.",Garage Door Panel Replacement in Miami Gardens,519,29,Service|FAQPage|BreadcrumbList,false,false,false,false,garage-door-panel-replacement,MANUAL_REVIEW
https://securelifts.com/garage-door-panel-replacement/miami-lakes,/garage-door-panel-replacement/[city],garage-door-panel-replacement,miami-lakes,200,https://securelifts.com/garage-door-panel-replacement/miami-lakes,true,"Garage Door Panel Replacement in Miami Lakes, FL | SecureLifts","SecureLifts provides garage door panel replacement in Miami Lakes, FL for dented, damaged, cracked, or impact-damaged garage door panels.",Garage Door Panel Replacement in Miami Lakes,519,29,Service|FAQPage|BreadcrumbList,false,false,false,false,garage-door-panel-replacement,MANUAL_REVIEW
https://securelifts.com/garage-door-panel-replacement/miramar,/garage-door-panel-replacement/[city],garage-door-panel-replacement,miramar,200,https://securelifts.com/garage-door-panel-replacement/miramar,true,"Garage Door Panel Replacement in Miramar, FL | SecureLifts","SecureLifts provides garage door panel replacement in Miramar, FL for dented, damaged, cracked, or impact-damaged garage door panels.",Garage Door Panel Replacement in Miramar,491,28,Service|FAQPage|BreadcrumbList,false,false,false,false,garage-door-panel-replacement,MANUAL_REVIEW
https://securelifts.com/garage-door-panel-replacement/north-palm-beach,/garage-door-panel-replacement/[city],garage-door-panel-replacement,north-palm-beach,200,https://securelifts.com/garage-door-panel-replacement/north-palm-beach,true,"Garage Door Panel Replacement in North Palm Beach, FL | SecureLifts","SecureLifts provides garage door panel replacement in North Palm Beach, FL for dented, damaged, cracked, or impact-damaged garage door panels.",Garage Door Panel Replacement in North Palm Beach,533,29,Service|FAQPage|BreadcrumbList,false,false,false,false,garage-door-panel-replacement,MANUAL_REVIEW
https://securelifts.com/garage-door-panel-replacement/oakland-park,/garage-door-panel-replacement/[city],garage-door-panel-replacement,oakland-park,200,https://securelifts.com/garage-door-panel-replacement/oakland-park,true,"Garage Door Panel Replacement in Oakland Park, FL | SecureLifts","SecureLifts provides garage door panel replacement in Oakland Park, FL for dented, damaged, cracked, or impact-damaged garage door panels.",Garage Door Panel Replacement in Oakland Park,519,29,Service|FAQPage|BreadcrumbList,false,false,false,false,garage-door-panel-replacement,MANUAL_REVIEW
https://securelifts.com/garage-door-panel-replacement/palm-beach,/garage-door-panel-replacement/[city],garage-door-panel-replacement,palm-beach,200,https://securelifts.com/garage-door-panel-replacement/palm-beach,true,"Garage Door Panel Replacement in Palm Beach, FL | SecureLifts","SecureLifts provides garage door panel replacement in Palm Beach, FL for dented, damaged, cracked, or impact-damaged garage door panels.",Garage Door Panel Replacement in Palm Beach,519,29,Service|FAQPage|BreadcrumbList,false,false,false,false,garage-door-panel-replacement,MANUAL_REVIEW
https://securelifts.com/garage-door-panel-replacement/palm-beach-gardens,/garage-door-panel-replacement/[city],garage-door-panel-replacement,palm-beach-gardens,200,https://securelifts.com/garage-door-panel-replacement/palm-beach-gardens,true,"Garage Door Panel Replacement in Palm Beach Gardens, FL | SecureLifts","SecureLifts provides garage door panel replacement in Palm Beach Gardens, FL for dented, damaged, cracked, or impact-damaged garage door panels.",Garage Door Panel Replacement in Palm Beach Gardens,520,29,Service|FAQPage|BreadcrumbList,false,false,false,false,garage-door-panel-replacement,MANUAL_REVIEW
https://securelifts.com/garage-door-panel-replacement/palmetto-bay,/garage-door-panel-replacement/[city],garage-door-panel-replacement,palmetto-bay,200,https://securelifts.com/garage-door-panel-replacement/palmetto-bay,true,"Garage Door Panel Replacement in Palmetto Bay, FL | SecureLifts","SecureLifts provides garage door panel replacement in Palmetto Bay, FL for dented, damaged, cracked, or impact-damaged garage door panels.",Garage Door Panel Replacement in Palmetto Bay,519,29,Service|FAQPage|BreadcrumbList,false,false,false,false,garage-door-panel-replacement,MANUAL_REVIEW
https://securelifts.com/garage-door-panel-replacement/parkland,/garage-door-panel-replacement/[city],garage-door-panel-replacement,parkland,200,https://securelifts.com/garage-door-panel-replacement/parkland,true,"Garage Door Panel Replacement in Parkland, FL | SecureLifts","SecureLifts provides garage door panel replacement in Parkland, FL for dented, damaged, cracked, or impact-damaged garage door panels.",Garage Door Panel Replacement in Parkland,505,29,Service|FAQPage|BreadcrumbList,false,false,false,false,garage-door-panel-replacement,MANUAL_REVIEW
https://securelifts.com/garage-door-panel-replacement/pembroke-pines,/garage-door-panel-replacement/[city],garage-door-panel-replacement,pembroke-pines,200,https://securelifts.com/garage-door-panel-replacement/pembroke-pines,true,"Garage Door Panel Replacement in Pembroke Pines, FL | SecureLifts","SecureLifts provides garage door panel replacement in Pembroke Pines, FL for dented, damaged, cracked, or impact-damaged garage door panels.",Garage Door Panel Replacement in Pembroke Pines,519,29,Service|FAQPage|BreadcrumbList,false,false,false,false,garage-door-panel-replacement,MANUAL_REVIEW
https://securelifts.com/garage-door-panel-replacement/pinecrest,/garage-door-panel-replacement/[city],garage-door-panel-replacement,pinecrest,200,https://securelifts.com/garage-door-panel-replacement/pinecrest,true,"Garage Door Panel Replacement in Pinecrest, FL | SecureLifts","SecureLifts provides garage door panel replacement in Pinecrest, FL for dented, damaged, cracked, or impact-damaged garage door panels.",Garage Door Panel Replacement in Pinecrest,496,29,Service|FAQPage|BreadcrumbList,false,false,false,false,garage-door-panel-replacement,MANUAL_REVIEW
https://securelifts.com/garage-door-panel-replacement/plantation,/garage-door-panel-replacement/[city],garage-door-panel-replacement,plantation,200,https://securelifts.com/garage-door-panel-replacement/plantation,true,"Garage Door Panel Replacement in Plantation, FL | SecureLifts","SecureLifts provides garage door panel replacement in Plantation, FL for dented, damaged, cracked, or impact-damaged garage door panels.",Garage Door Panel Replacement in Plantation,505,29,Service|FAQPage|BreadcrumbList,false,false,false,false,garage-door-panel-replacement,MANUAL_REVIEW
https://securelifts.com/garage-door-panel-replacement/pompano-beach,/garage-door-panel-replacement/[city],garage-door-panel-replacement,pompano-beach,200,https://securelifts.com/garage-door-panel-replacement/pompano-beach,true,"Garage Door Panel Replacement in Pompano Beach, FL | SecureLifts","SecureLifts provides garage door panel replacement in Pompano Beach, FL for dented, damaged, cracked, or impact-damaged garage door panels.",Garage Door Panel Replacement in Pompano Beach,519,29,Service|FAQPage|BreadcrumbList,false,false,false,false,garage-door-panel-replacement,MANUAL_REVIEW
https://securelifts.com/garage-door-panel-replacement/port-st-lucie,/garage-door-panel-replacement/[city],garage-door-panel-replacement,port-st-lucie,200,https://securelifts.com/garage-door-panel-replacement/port-st-lucie,true,"Garage Door Panel Replacement in Port St Lucie, FL | SecureLifts","SecureLifts provides garage door panel replacement in Port St Lucie, FL for dented, damaged, cracked, or impact-damaged garage door panels.",Garage Door Panel Replacement in Port St Lucie,533,29,Service|FAQPage|BreadcrumbList,false,false,false,false,garage-door-panel-replacement,MANUAL_REVIEW
https://securelifts.com/garage-door-panel-replacement/riviera-beach,/garage-door-panel-replacement/[city],garage-door-panel-replacement,riviera-beach,200,https://securelifts.com/garage-door-panel-replacement/riviera-beach,true,"Garage Door Panel Replacement in Riviera Beach, FL | SecureLifts","SecureLifts provides garage door panel replacement in Riviera Beach, FL for dented, damaged, cracked, or impact-damaged garage door panels.",Garage Door Panel Replacement in Riviera Beach,519,29,Service|FAQPage|BreadcrumbList,false,false,false,false,garage-door-panel-replacement,MANUAL_REVIEW
https://securelifts.com/garage-door-panel-replacement/royal-palm-beach,/garage-door-panel-replacement/[city],garage-door-panel-replacement,royal-palm-beach,200,https://securelifts.com/garage-door-panel-replacement/royal-palm-beach,true,"Garage Door Panel Replacement in Royal Palm Beach, FL | SecureLifts","SecureLifts provides garage door panel replacement in Royal Palm Beach, FL for dented, damaged, cracked, or impact-damaged garage door panels.",Garage Door Panel Replacement in Royal Palm Beach,518,29,Service|FAQPage|BreadcrumbList,false,false,false,false,garage-door-panel-replacement,MANUAL_REVIEW
https://securelifts.com/garage-door-panel-replacement/stuart,/garage-door-panel-replacement/[city],garage-door-panel-replacement,stuart,200,https://securelifts.com/garage-door-panel-replacement/stuart,true,"Garage Door Panel Replacement in Stuart, FL | SecureLifts","SecureLifts provides garage door panel replacement in Stuart, FL for dented, damaged, cracked, or impact-damaged garage door panels.",Garage Door Panel Replacement in Stuart,505,29,Service|FAQPage|BreadcrumbList,false,false,false,false,garage-door-panel-replacement,MANUAL_REVIEW
https://securelifts.com/garage-door-panel-replacement/sunny-isles-beach,/garage-door-panel-replacement/[city],garage-door-panel-replacement,sunny-isles-beach,200,https://securelifts.com/garage-door-panel-replacement/sunny-isles-beach,true,"Garage Door Panel Replacement in Sunny Isles Beach, FL | SecureLifts","SecureLifts provides garage door panel replacement in Sunny Isles Beach, FL for dented, damaged, cracked, or impact-damaged garage door panels.",Garage Door Panel Replacement in Sunny Isles Beach,533,29,Service|FAQPage|BreadcrumbList,false,false,false,false,garage-door-panel-replacement,MANUAL_REVIEW
https://securelifts.com/garage-door-panel-replacement/sunrise,/garage-door-panel-replacement/[city],garage-door-panel-replacement,sunrise,200,https://securelifts.com/garage-door-panel-replacement/sunrise,true,"Garage Door Panel Replacement in Sunrise, FL | SecureLifts","SecureLifts provides garage door panel replacement in Sunrise, FL for dented, damaged, cracked, or impact-damaged garage door panels.",Garage Door Panel Replacement in Sunrise,505,29,Service|FAQPage|BreadcrumbList,false,false,false,false,garage-door-panel-replacement,MANUAL_REVIEW
https://securelifts.com/garage-door-panel-replacement/tamarac,/garage-door-panel-replacement/[city],garage-door-panel-replacement,tamarac,200,https://securelifts.com/garage-door-panel-replacement/tamarac,true,"Garage Door Panel Replacement in Tamarac, FL | SecureLifts","SecureLifts provides garage door panel replacement in Tamarac, FL for dented, damaged, cracked, or impact-damaged garage door panels.",Garage Door Panel Replacement in Tamarac,505,29,Service|FAQPage|BreadcrumbList,false,false,false,false,garage-door-panel-replacement,MANUAL_REVIEW
https://securelifts.com/garage-door-panel-replacement/tequesta,/garage-door-panel-replacement/[city],garage-door-panel-replacement,tequesta,200,https://securelifts.com/garage-door-panel-replacement/tequesta,true,"Garage Door Panel Replacement in Tequesta, FL | SecureLifts","SecureLifts provides garage door panel replacement in Tequesta, FL for dented, damaged, cracked, or impact-damaged garage door panels.",Garage Door Panel Replacement in Tequesta,505,29,Service|FAQPage|BreadcrumbList,false,false,false,false,garage-door-panel-replacement,MANUAL_REVIEW
https://securelifts.com/garage-door-panel-replacement/wellington,/garage-door-panel-replacement/[city],garage-door-panel-replacement,wellington,200,https://securelifts.com/garage-door-panel-replacement/wellington,true,"Garage Door Panel Replacement in Wellington, FL | SecureLifts","SecureLifts provides garage door panel replacement in Wellington, FL for dented, damaged, cracked, or impact-damaged garage door panels.",Garage Door Panel Replacement in Wellington,496,29,Service|FAQPage|BreadcrumbList,false,false,false,false,garage-door-panel-replacement,MANUAL_REVIEW
https://securelifts.com/garage-door-panel-replacement/west-palm-beach,/garage-door-panel-replacement/[city],garage-door-panel-replacement,west-palm-beach,200,https://securelifts.com/garage-door-panel-replacement/west-palm-beach,true,"Garage Door Panel Replacement in West Palm Beach, FL | SecureLifts","SecureLifts provides garage door panel replacement in West Palm Beach, FL for dented, damaged, cracked, or impact-damaged garage door panels.",Garage Door Panel Replacement in West Palm Beach,525,29,Service|FAQPage|BreadcrumbList,false,false,false,false,garage-door-panel-replacement,MANUAL_REVIEW
https://securelifts.com/garage-door-panel-replacement/weston,/garage-door-panel-replacement/[city],garage-door-panel-replacement,weston,200,https://securelifts.com/garage-door-panel-replacement/weston,true,"Garage Door Panel Replacement in Weston, FL | SecureLifts","SecureLifts provides garage door panel replacement in Weston, FL for dented, damaged, cracked, or impact-damaged garage door panels.",Garage Door Panel Replacement in Weston,505,29,Service|FAQPage|BreadcrumbList,false,false,false,false,garage-door-panel-replacement,MANUAL_REVIEW
https://securelifts.com/garage-door-panel-replacement/wilton-manors,/garage-door-panel-replacement/[city],garage-door-panel-replacement,wilton-manors,200,https://securelifts.com/garage-door-panel-replacement/wilton-manors,true,"Garage Door Panel Replacement in Wilton Manors, FL | SecureLifts","SecureLifts provides garage door panel replacement in Wilton Manors, FL for dented, damaged, cracked, or impact-damaged garage door panels.",Garage Door Panel Replacement in Wilton Manors,519,29,Service|FAQPage|BreadcrumbList,false,false,false,false,garage-door-panel-replacement,MANUAL_REVIEW
https://securelifts.com/garage-door-repair/aventura,/garage-door-repair/[city],garage-door-repair,aventura,200,https://securelifts.com/garage-door-repair/aventura,true,"Garage Door Repair in Aventura, FL | SecureLifts","SecureLifts provides fast garage door repair in Aventura, FL for broken springs, opener issues, off-track doors, cables, rollers, and doors that will not open or close.",Garage Door Repair in Aventura,750,37,Service|FAQPage|BreadcrumbList,true,true,false,false,garage-door-repair,MANUAL_REVIEW
https://securelifts.com/garage-door-repair/boca-raton,/garage-door-repair/[city],garage-door-repair,boca-raton,200,https://securelifts.com/garage-door-repair/boca-raton,true,"Garage Door Repair in Boca Raton, FL | SecureLifts","SecureLifts provides fast garage door repair in Boca Raton, FL for broken springs, opener issues, off-track doors, cables, rollers, and doors that will not open or close.",Garage Door Repair in Boca Raton,774,37,Service|FAQPage|BreadcrumbList,true,true,false,false,garage-door-repair,MANUAL_REVIEW
https://securelifts.com/garage-door-repair/boynton-beach,/garage-door-repair/[city],garage-door-repair,boynton-beach,200,https://securelifts.com/garage-door-repair/boynton-beach,true,"Garage Door Repair in Boynton Beach, FL | SecureLifts","SecureLifts provides fast garage door repair in Boynton Beach, FL for broken springs, opener issues, off-track doors, cables, rollers, and doors that will not open or close.",Garage Door Repair in Boynton Beach,773,37,Service|FAQPage|BreadcrumbList,true,true,false,false,garage-door-repair,MANUAL_REVIEW
https://securelifts.com/garage-door-repair/coral-gables,/garage-door-repair/[city],garage-door-repair,coral-gables,200,https://securelifts.com/garage-door-repair/coral-gables,true,"Garage Door Repair in Coral Gables, FL | SecureLifts","SecureLifts provides fast garage door repair in Coral Gables, FL for broken springs, opener issues, off-track doors, cables, rollers, and doors that will not open or close.",Garage Door Repair in Coral Gables,787,37,Service|FAQPage|BreadcrumbList,true,true,false,false,garage-door-repair,MANUAL_REVIEW
https://securelifts.com/garage-door-repair/coral-springs,/garage-door-repair/[city],garage-door-repair,coral-springs,200,https://securelifts.com/garage-door-repair/coral-springs,true,"Garage Door Repair in Coral Springs, FL | SecureLifts","SecureLifts provides fast garage door repair in Coral Springs, FL for broken springs, opener issues, off-track doors, cables, rollers, and doors that will not open or close.",Garage Door Repair in Coral Springs,787,37,Service|FAQPage|BreadcrumbList,true,true,false,false,garage-door-repair,MANUAL_REVIEW
https://securelifts.com/garage-door-repair/cutler-bay,/garage-door-repair/[city],garage-door-repair,cutler-bay,200,https://securelifts.com/garage-door-repair/cutler-bay,true,"Garage Door Repair in Cutler Bay, FL | SecureLifts","SecureLifts provides fast garage door repair in Cutler Bay, FL for broken springs, opener issues, off-track doors, cables, rollers, and doors that will not open or close.",Garage Door Repair in Cutler Bay,787,37,Service|FAQPage|BreadcrumbList,true,true,false,false,garage-door-repair,MANUAL_REVIEW
https://securelifts.com/garage-door-repair/davie,/garage-door-repair/[city],garage-door-repair,davie,200,https://securelifts.com/garage-door-repair/davie,true,"Garage Door Repair in Davie, FL | SecureLifts","SecureLifts provides fast garage door repair in Davie, FL for broken springs, opener issues, off-track doors, cables, rollers, and doors that will not open or close.",Garage Door Repair in Davie,729,35,Service|FAQPage|BreadcrumbList,true,true,false,false,garage-door-repair,MANUAL_REVIEW
https://securelifts.com/garage-door-repair/deerfield-beach,/garage-door-repair/[city],garage-door-repair,deerfield-beach,200,https://securelifts.com/garage-door-repair/deerfield-beach,true,"Garage Door Repair in Deerfield Beach, FL | SecureLifts","SecureLifts provides fast garage door repair in Deerfield Beach, FL for broken springs, opener issues, off-track doors, cables, rollers, and doors that will not open or close.",Garage Door Repair in Deerfield Beach,787,37,Service|FAQPage|BreadcrumbList,true,true,false,false,garage-door-repair,MANUAL_REVIEW
https://securelifts.com/garage-door-repair/delray-beach,/garage-door-repair/[city],garage-door-repair,delray-beach,200,https://securelifts.com/garage-door-repair/delray-beach,true,"Garage Door Repair in Delray Beach, FL | SecureLifts","SecureLifts provides fast garage door repair in Delray Beach, FL for broken springs, opener issues, off-track doors, cables, rollers, and doors that will not open or close.",Garage Door Repair in Delray Beach,773,37,Service|FAQPage|BreadcrumbList,true,true,false,false,garage-door-repair,MANUAL_REVIEW
https://securelifts.com/garage-door-repair/doral,/garage-door-repair/[city],garage-door-repair,doral,200,https://securelifts.com/garage-door-repair/doral,true,"Garage Door Repair in Doral, FL | SecureLifts","SecureLifts provides fast garage door repair in Doral, FL for broken springs, opener issues, off-track doors, cables, rollers, and doors that will not open or close.",Garage Door Repair in Doral,741,37,Service|FAQPage|BreadcrumbList,true,true,false,false,garage-door-repair,MANUAL_REVIEW
https://securelifts.com/garage-door-repair/fort-lauderdale,/garage-door-repair/[city],garage-door-repair,fort-lauderdale,200,https://securelifts.com/garage-door-repair/fort-lauderdale,true,"Garage Door Repair in Fort Lauderdale, FL | SecureLifts","SecureLifts provides fast garage door repair in Fort Lauderdale, FL for broken springs, opener issues, off-track doors, cables, rollers, and doors that will not open or close.",Garage Door Repair in Fort Lauderdale,774,37,Service|FAQPage|BreadcrumbList,true,true,false,false,garage-door-repair,MANUAL_REVIEW
https://securelifts.com/garage-door-repair/greenacres,/garage-door-repair/[city],garage-door-repair,greenacres,200,https://securelifts.com/garage-door-repair/greenacres,true,"Garage Door Repair in Greenacres, FL | SecureLifts","SecureLifts provides fast garage door repair in Greenacres, FL for broken springs, opener issues, off-track doors, cables, rollers, and doors that will not open or close.",Garage Door Repair in Greenacres,750,37,Service|FAQPage|BreadcrumbList,true,true,false,false,garage-door-repair,MANUAL_REVIEW
https://securelifts.com/garage-door-repair/hallandale-beach,/garage-door-repair/[city],garage-door-repair,hallandale-beach,200,https://securelifts.com/garage-door-repair/hallandale-beach,true,"Garage Door Repair in Hallandale Beach, FL | SecureLifts","SecureLifts provides fast garage door repair in Hallandale Beach, FL for broken springs, opener issues, off-track doors, cables, rollers, and doors that will not open or close.",Garage Door Repair in Hallandale Beach,772,36,Service|FAQPage|BreadcrumbList,true,true,false,false,garage-door-repair,MANUAL_REVIEW
https://securelifts.com/garage-door-repair/hialeah,/garage-door-repair/[city],garage-door-repair,hialeah,200,https://securelifts.com/garage-door-repair/hialeah,true,"Garage Door Repair in Hialeah, FL | SecureLifts","SecureLifts provides fast garage door repair in Hialeah, FL for broken springs, opener issues, off-track doors, cables, rollers, and doors that will not open or close.",Garage Door Repair in Hialeah,750,37,Service|FAQPage|BreadcrumbList,true,true,false,false,garage-door-repair,MANUAL_REVIEW
https://securelifts.com/garage-door-repair/hialeah-gardens,/garage-door-repair/[city],garage-door-repair,hialeah-gardens,200,https://securelifts.com/garage-door-repair/hialeah-gardens,true,"Garage Door Repair in Hialeah Gardens, FL | SecureLifts","SecureLifts provides fast garage door repair in Hialeah Gardens, FL for broken springs, opener issues, off-track doors, cables, rollers, and doors that will not open or close.",Garage Door Repair in Hialeah Gardens,787,37,Service|FAQPage|BreadcrumbList,true,true,false,false,garage-door-repair,MANUAL_REVIEW
https://securelifts.com/garage-door-repair/highland-beach,/garage-door-repair/[city],garage-door-repair,highland-beach,200,https://securelifts.com/garage-door-repair/highland-beach,true,"Garage Door Repair in Highland Beach, FL | SecureLifts","SecureLifts provides fast garage door repair in Highland Beach, FL for broken springs, opener issues, off-track doors, cables, rollers, and doors that will not open or close.",Garage Door Repair in Highland Beach,787,37,Service|FAQPage|BreadcrumbList,true,true,false,false,garage-door-repair,MANUAL_REVIEW
https://securelifts.com/garage-door-repair/hollywood,/garage-door-repair/[city],garage-door-repair,hollywood,200,https://securelifts.com/garage-door-repair/hollywood,true,"Garage Door Repair in Hollywood, FL | SecureLifts","SecureLifts provides fast garage door repair in Hollywood, FL for broken springs, opener issues, off-track doors, cables, rollers, and doors that will not open or close.",Garage Door Repair in Hollywood,750,37,Service|FAQPage|BreadcrumbList,true,true,false,false,garage-door-repair,MANUAL_REVIEW
https://securelifts.com/garage-door-repair/homestead,/garage-door-repair/[city],garage-door-repair,homestead,200,https://securelifts.com/garage-door-repair/homestead,true,"Garage Door Repair in Homestead, FL | SecureLifts","SecureLifts provides fast garage door repair in Homestead, FL for broken springs, opener issues, off-track doors, cables, rollers, and doors that will not open or close.",Garage Door Repair in Homestead,741,37,Service|FAQPage|BreadcrumbList,true,true,false,false,garage-door-repair,MANUAL_REVIEW
https://securelifts.com/garage-door-repair/juno-beach,/garage-door-repair/[city],garage-door-repair,juno-beach,200,https://securelifts.com/garage-door-repair/juno-beach,true,"Garage Door Repair in Juno Beach, FL | SecureLifts","SecureLifts provides fast garage door repair in Juno Beach, FL for broken springs, opener issues, off-track doors, cables, rollers, and doors that will not open or close.",Garage Door Repair in Juno Beach,787,37,Service|FAQPage|BreadcrumbList,true,true,false,false,garage-door-repair,MANUAL_REVIEW
https://securelifts.com/garage-door-repair/jupiter,/garage-door-repair/[city],garage-door-repair,jupiter,200,https://securelifts.com/garage-door-repair/jupiter,true,"Garage Door Repair in Jupiter, FL | SecureLifts","SecureLifts provides fast garage door repair in Jupiter, FL for broken springs, opener issues, off-track doors, cables, rollers, and doors that will not open or close.",Garage Door Repair in Jupiter,742,37,Service|FAQPage|BreadcrumbList,true,true,false,false,garage-door-repair,MANUAL_REVIEW
https://securelifts.com/garage-door-repair/kendall,/garage-door-repair/[city],garage-door-repair,kendall,200,https://securelifts.com/garage-door-repair/kendall,true,"Garage Door Repair in Kendall, FL | SecureLifts","SecureLifts provides fast garage door repair in Kendall, FL for broken springs, opener issues, off-track doors, cables, rollers, and doors that will not open or close.",Garage Door Repair in Kendall,750,37,Service|FAQPage|BreadcrumbList,true,true,false,false,garage-door-repair,MANUAL_REVIEW
https://securelifts.com/garage-door-repair/lake-worth,/garage-door-repair/[city],garage-door-repair,lake-worth,200,https://securelifts.com/garage-door-repair/lake-worth,true,"Garage Door Repair in Lake Worth, FL | SecureLifts","SecureLifts provides fast garage door repair in Lake Worth, FL for broken springs, opener issues, off-track doors, cables, rollers, and doors that will not open or close.",Garage Door Repair in Lake Worth,787,37,Service|FAQPage|BreadcrumbList,true,true,false,false,garage-door-repair,MANUAL_REVIEW
https://securelifts.com/garage-door-repair/lauderhill,/garage-door-repair/[city],garage-door-repair,lauderhill,200,https://securelifts.com/garage-door-repair/lauderhill,true,"Garage Door Repair in Lauderhill, FL | SecureLifts","SecureLifts provides fast garage door repair in Lauderhill, FL for broken springs, opener issues, off-track doors, cables, rollers, and doors that will not open or close.",Garage Door Repair in Lauderhill,750,37,Service|FAQPage|BreadcrumbList,true,true,false,false,garage-door-repair,MANUAL_REVIEW
https://securelifts.com/garage-door-repair/lighthouse-point,/garage-door-repair/[city],garage-door-repair,lighthouse-point,200,https://securelifts.com/garage-door-repair/lighthouse-point,true,"Garage Door Repair in Lighthouse Point, FL | SecureLifts","SecureLifts provides fast garage door repair in Lighthouse Point, FL for broken springs, opener issues, off-track doors, cables, rollers, and doors that will not open or close.",Garage Door Repair in Lighthouse Point,787,37,Service|FAQPage|BreadcrumbList,true,true,false,false,garage-door-repair,MANUAL_REVIEW
https://securelifts.com/garage-door-repair/loxahatchee,/garage-door-repair/[city],garage-door-repair,loxahatchee,200,https://securelifts.com/garage-door-repair/loxahatchee,true,"Garage Door Repair in Loxahatchee, FL | SecureLifts","SecureLifts provides fast garage door repair in Loxahatchee, FL for broken springs, opener issues, off-track doors, cables, rollers, and doors that will not open or close.",Garage Door Repair in Loxahatchee,750,37,Service|FAQPage|BreadcrumbList,true,true,false,false,garage-door-repair,MANUAL_REVIEW
https://securelifts.com/garage-door-repair/medley,/garage-door-repair/[city],garage-door-repair,medley,200,https://securelifts.com/garage-door-repair/medley,true,"Garage Door Repair in Medley, FL | SecureLifts","SecureLifts provides fast garage door repair in Medley, FL for broken springs, opener issues, off-track doors, cables, rollers, and doors that will not open or close.",Garage Door Repair in Medley,739,37,Service|FAQPage|BreadcrumbList,true,true,false,false,garage-door-repair,MANUAL_REVIEW
https://securelifts.com/garage-door-repair/miami,/garage-door-repair/[city],garage-door-repair,miami,200,https://securelifts.com/garage-door-repair/miami,true,"Garage Door Repair in Miami, FL | SecureLifts","SecureLifts provides fast garage door repair in Miami, FL for broken springs, opener issues, off-track doors, cables, rollers, and doors that will not open or close.",Garage Door Repair in Miami,773,40,Service|FAQPage|BreadcrumbList,true,true,true,false,garage-door-repair,IMPROVE
https://securelifts.com/garage-door-repair/miami-beach,/garage-door-repair/[city],garage-door-repair,miami-beach,200,https://securelifts.com/garage-door-repair/miami-beach,true,"Garage Door Repair in Miami Beach, FL | SecureLifts","SecureLifts provides fast garage door repair in Miami Beach, FL for broken springs, opener issues, off-track doors, cables, rollers, and doors that will not open or close.",Garage Door Repair in Miami Beach,801,38,Service|FAQPage|BreadcrumbList,true,true,true,false,garage-door-repair,IMPROVE
https://securelifts.com/garage-door-repair/miami-gardens,/garage-door-repair/[city],garage-door-repair,miami-gardens,200,https://securelifts.com/garage-door-repair/miami-gardens,true,"Garage Door Repair in Miami Gardens, FL | SecureLifts","SecureLifts provides fast garage door repair in Miami Gardens, FL for broken springs, opener issues, off-track doors, cables, rollers, and doors that will not open or close.",Garage Door Repair in Miami Gardens,787,37,Service|FAQPage|BreadcrumbList,true,true,false,false,garage-door-repair,MANUAL_REVIEW
https://securelifts.com/garage-door-repair/miami-lakes,/garage-door-repair/[city],garage-door-repair,miami-lakes,200,https://securelifts.com/garage-door-repair/miami-lakes,true,"Garage Door Repair in Miami Lakes, FL | SecureLifts","SecureLifts provides fast garage door repair in Miami Lakes, FL for broken springs, opener issues, off-track doors, cables, rollers, and doors that will not open or close.",Garage Door Repair in Miami Lakes,787,37,Service|FAQPage|BreadcrumbList,true,true,false,false,garage-door-repair,MANUAL_REVIEW
https://securelifts.com/garage-door-repair/miramar,/garage-door-repair/[city],garage-door-repair,miramar,200,https://securelifts.com/garage-door-repair/miramar,true,"Garage Door Repair in Miramar, FL | SecureLifts","SecureLifts provides fast garage door repair in Miramar, FL for broken springs, opener issues, off-track doors, cables, rollers, and doors that will not open or close.",Garage Door Repair in Miramar,737,36,Service|FAQPage|BreadcrumbList,true,true,false,false,garage-door-repair,MANUAL_REVIEW
https://securelifts.com/garage-door-repair/north-palm-beach,/garage-door-repair/[city],garage-door-repair,north-palm-beach,200,https://securelifts.com/garage-door-repair/north-palm-beach,true,"Garage Door Repair in North Palm Beach, FL | SecureLifts","SecureLifts provides fast garage door repair in North Palm Beach, FL for broken springs, opener issues, off-track doors, cables, rollers, and doors that will not open or close.",Garage Door Repair in North Palm Beach,824,37,Service|FAQPage|BreadcrumbList,true,true,false,false,garage-door-repair,MANUAL_REVIEW
https://securelifts.com/garage-door-repair/oakland-park,/garage-door-repair/[city],garage-door-repair,oakland-park,200,https://securelifts.com/garage-door-repair/oakland-park,true,"Garage Door Repair in Oakland Park, FL | SecureLifts","SecureLifts provides fast garage door repair in Oakland Park, FL for broken springs, opener issues, off-track doors, cables, rollers, and doors that will not open or close.",Garage Door Repair in Oakland Park,787,37,Service|FAQPage|BreadcrumbList,true,true,false,false,garage-door-repair,MANUAL_REVIEW
https://securelifts.com/garage-door-repair/palm-beach,/garage-door-repair/[city],garage-door-repair,palm-beach,200,https://securelifts.com/garage-door-repair/palm-beach,true,"Garage Door Repair in Palm Beach, FL | SecureLifts","SecureLifts provides fast garage door repair in Palm Beach, FL for broken springs, opener issues, off-track doors, cables, rollers, and doors that will not open or close.",Garage Door Repair in Palm Beach,787,37,Service|FAQPage|BreadcrumbList,true,true,false,false,garage-door-repair,MANUAL_REVIEW
https://securelifts.com/garage-door-repair/palm-beach-gardens,/garage-door-repair/[city],garage-door-repair,palm-beach-gardens,200,https://securelifts.com/garage-door-repair/palm-beach-gardens,true,"Garage Door Repair in Palm Beach Gardens, FL | SecureLifts","SecureLifts provides fast garage door repair in Palm Beach Gardens, FL for broken springs, opener issues, off-track doors, cables, rollers, and doors that will not open or close.",Garage Door Repair in Palm Beach Gardens,811,37,Service|FAQPage|BreadcrumbList,true,true,false,false,garage-door-repair,MANUAL_REVIEW
https://securelifts.com/garage-door-repair/palmetto-bay,/garage-door-repair/[city],garage-door-repair,palmetto-bay,200,https://securelifts.com/garage-door-repair/palmetto-bay,true,"Garage Door Repair in Palmetto Bay, FL | SecureLifts","SecureLifts provides fast garage door repair in Palmetto Bay, FL for broken springs, opener issues, off-track doors, cables, rollers, and doors that will not open or close.",Garage Door Repair in Palmetto Bay,787,37,Service|FAQPage|BreadcrumbList,true,true,false,false,garage-door-repair,MANUAL_REVIEW
https://securelifts.com/garage-door-repair/parkland,/garage-door-repair/[city],garage-door-repair,parkland,200,https://securelifts.com/garage-door-repair/parkland,true,"Garage Door Repair in Parkland, FL | SecureLifts","SecureLifts provides fast garage door repair in Parkland, FL for broken springs, opener issues, off-track doors, cables, rollers, and doors that will not open or close.",Garage Door Repair in Parkland,750,37,Service|FAQPage|BreadcrumbList,true,true,false,false,garage-door-repair,MANUAL_REVIEW
https://securelifts.com/garage-door-repair/pembroke-pines,/garage-door-repair/[city],garage-door-repair,pembroke-pines,200,https://securelifts.com/garage-door-repair/pembroke-pines,true,"Garage Door Repair in Pembroke Pines, FL | SecureLifts","SecureLifts provides fast garage door repair in Pembroke Pines, FL for broken springs, opener issues, off-track doors, cables, rollers, and doors that will not open or close.",Garage Door Repair in Pembroke Pines,787,37,Service|FAQPage|BreadcrumbList,true,true,false,false,garage-door-repair,MANUAL_REVIEW
https://securelifts.com/garage-door-repair/pinecrest,/garage-door-repair/[city],garage-door-repair,pinecrest,200,https://securelifts.com/garage-door-repair/pinecrest,true,"Garage Door Repair in Pinecrest, FL | SecureLifts","SecureLifts provides fast garage door repair in Pinecrest, FL for broken springs, opener issues, off-track doors, cables, rollers, and doors that will not open or close.",Garage Door Repair in Pinecrest,741,37,Service|FAQPage|BreadcrumbList,true,true,false,false,garage-door-repair,MANUAL_REVIEW
https://securelifts.com/garage-door-repair/plantation,/garage-door-repair/[city],garage-door-repair,plantation,200,https://securelifts.com/garage-door-repair/plantation,true,"Garage Door Repair in Plantation, FL | SecureLifts","SecureLifts provides fast garage door repair in Plantation, FL for broken springs, opener issues, off-track doors, cables, rollers, and doors that will not open or close.",Garage Door Repair in Plantation,750,37,Service|FAQPage|BreadcrumbList,true,true,false,false,garage-door-repair,MANUAL_REVIEW
https://securelifts.com/garage-door-repair/pompano-beach,/garage-door-repair/[city],garage-door-repair,pompano-beach,200,https://securelifts.com/garage-door-repair/pompano-beach,true,"Garage Door Repair in Pompano Beach, FL | SecureLifts","SecureLifts provides fast garage door repair in Pompano Beach, FL for broken springs, opener issues, off-track doors, cables, rollers, and doors that will not open or close.",Garage Door Repair in Pompano Beach,787,37,Service|FAQPage|BreadcrumbList,true,true,false,false,garage-door-repair,MANUAL_REVIEW
https://securelifts.com/garage-door-repair/port-st-lucie,/garage-door-repair/[city],garage-door-repair,port-st-lucie,200,https://securelifts.com/garage-door-repair/port-st-lucie,true,"Garage Door Repair in Port St Lucie, FL | SecureLifts","SecureLifts provides fast garage door repair in Port St Lucie, FL for broken springs, opener issues, off-track doors, cables, rollers, and doors that will not open or close.",Garage Door Repair in Port St Lucie,824,37,Service|FAQPage|BreadcrumbList,true,true,false,false,garage-door-repair,MANUAL_REVIEW
https://securelifts.com/garage-door-repair/riviera-beach,/garage-door-repair/[city],garage-door-repair,riviera-beach,200,https://securelifts.com/garage-door-repair/riviera-beach,true,"Garage Door Repair in Riviera Beach, FL | SecureLifts","SecureLifts provides fast garage door repair in Riviera Beach, FL for broken springs, opener issues, off-track doors, cables, rollers, and doors that will not open or close.",Garage Door Repair in Riviera Beach,787,37,Service|FAQPage|BreadcrumbList,true,true,false,false,garage-door-repair,MANUAL_REVIEW
https://securelifts.com/garage-door-repair/royal-palm-beach,/garage-door-repair/[city],garage-door-repair,royal-palm-beach,200,https://securelifts.com/garage-door-repair/royal-palm-beach,true,"Garage Door Repair in Royal Palm Beach, FL | SecureLifts","SecureLifts provides fast garage door repair in Royal Palm Beach, FL for broken springs, opener issues, off-track doors, cables, rollers, and doors that will not open or close.",Garage Door Repair in Royal Palm Beach,809,37,Service|FAQPage|BreadcrumbList,true,true,false,false,garage-door-repair,MANUAL_REVIEW
https://securelifts.com/garage-door-repair/stuart,/garage-door-repair/[city],garage-door-repair,stuart,200,https://securelifts.com/garage-door-repair/stuart,true,"Garage Door Repair in Stuart, FL | SecureLifts","SecureLifts provides fast garage door repair in Stuart, FL for broken springs, opener issues, off-track doors, cables, rollers, and doors that will not open or close.",Garage Door Repair in Stuart,750,37,Service|FAQPage|BreadcrumbList,true,true,false,false,garage-door-repair,MANUAL_REVIEW
https://securelifts.com/garage-door-repair/sunny-isles-beach,/garage-door-repair/[city],garage-door-repair,sunny-isles-beach,200,https://securelifts.com/garage-door-repair/sunny-isles-beach,true,"Garage Door Repair in Sunny Isles Beach, FL | SecureLifts","SecureLifts provides fast garage door repair in Sunny Isles Beach, FL for broken springs, opener issues, off-track doors, cables, rollers, and doors that will not open or close.",Garage Door Repair in Sunny Isles Beach,824,37,Service|FAQPage|BreadcrumbList,true,true,false,false,garage-door-repair,MANUAL_REVIEW
https://securelifts.com/garage-door-repair/sunrise,/garage-door-repair/[city],garage-door-repair,sunrise,200,https://securelifts.com/garage-door-repair/sunrise,true,"Garage Door Repair in Sunrise, FL | SecureLifts","SecureLifts provides fast garage door repair in Sunrise, FL for broken springs, opener issues, off-track doors, cables, rollers, and doors that will not open or close.",Garage Door Repair in Sunrise,750,37,Service|FAQPage|BreadcrumbList,true,true,false,false,garage-door-repair,MANUAL_REVIEW
https://securelifts.com/garage-door-repair/tamarac,/garage-door-repair/[city],garage-door-repair,tamarac,200,https://securelifts.com/garage-door-repair/tamarac,true,"Garage Door Repair in Tamarac, FL | SecureLifts","SecureLifts provides fast garage door repair in Tamarac, FL for broken springs, opener issues, off-track doors, cables, rollers, and doors that will not open or close.",Garage Door Repair in Tamarac,750,37,Service|FAQPage|BreadcrumbList,true,true,false,false,garage-door-repair,MANUAL_REVIEW
https://securelifts.com/garage-door-repair/tequesta,/garage-door-repair/[city],garage-door-repair,tequesta,200,https://securelifts.com/garage-door-repair/tequesta,true,"Garage Door Repair in Tequesta, FL | SecureLifts","SecureLifts provides fast garage door repair in Tequesta, FL for broken springs, opener issues, off-track doors, cables, rollers, and doors that will not open or close.",Garage Door Repair in Tequesta,750,37,Service|FAQPage|BreadcrumbList,true,true,false,false,garage-door-repair,MANUAL_REVIEW
https://securelifts.com/garage-door-repair/wellington,/garage-door-repair/[city],garage-door-repair,wellington,200,https://securelifts.com/garage-door-repair/wellington,true,"Garage Door Repair in Wellington, FL | SecureLifts","SecureLifts provides fast garage door repair in Wellington, FL for broken springs, opener issues, off-track doors, cables, rollers, and doors that will not open or close.",Garage Door Repair in Wellington,741,37,Service|FAQPage|BreadcrumbList,true,true,false,false,garage-door-repair,MANUAL_REVIEW
https://securelifts.com/garage-door-repair/west-palm-beach,/garage-door-repair/[city],garage-door-repair,west-palm-beach,200,https://securelifts.com/garage-door-repair/west-palm-beach,true,"Garage Door Repair in West Palm Beach, FL | SecureLifts","SecureLifts provides fast garage door repair in West Palm Beach, FL for broken springs, opener issues, off-track doors, cables, rollers, and doors that will not open or close.",Garage Door Repair in West Palm Beach,816,37,Service|FAQPage|BreadcrumbList,true,true,false,false,garage-door-repair,MANUAL_REVIEW
https://securelifts.com/garage-door-repair/weston,/garage-door-repair/[city],garage-door-repair,weston,200,https://securelifts.com/garage-door-repair/weston,true,"Garage Door Repair in Weston, FL | SecureLifts","SecureLifts provides fast garage door repair in Weston, FL for broken springs, opener issues, off-track doors, cables, rollers, and doors that will not open or close.",Garage Door Repair in Weston,750,37,Service|FAQPage|BreadcrumbList,true,true,false,false,garage-door-repair,MANUAL_REVIEW
https://securelifts.com/garage-door-repair/wilton-manors,/garage-door-repair/[city],garage-door-repair,wilton-manors,200,https://securelifts.com/garage-door-repair/wilton-manors,true,"Garage Door Repair in Wilton Manors, FL | SecureLifts","SecureLifts provides fast garage door repair in Wilton Manors, FL for broken springs, opener issues, off-track doors, cables, rollers, and doors that will not open or close.",Garage Door Repair in Wilton Manors,787,37,Service|FAQPage|BreadcrumbList,true,true,false,false,garage-door-repair,MANUAL_REVIEW
https://securelifts.com/garage-door-roller-replacement/aventura,/garage-door-roller-replacement/[city],garage-door-roller-replacement,aventura,200,https://securelifts.com/garage-door-roller-replacement/aventura,true,"Garage Door Roller Replacement in Aventura, FL | SecureLifts","SecureLifts provides garage door roller replacement in Aventura, FL for noisy, shaking, stuck, or rough-moving garage doors.",Garage Door Roller Replacement in Aventura,395,29,Service|FAQPage|BreadcrumbList,false,false,false,false,garage-door-roller-replacement,MANUAL_REVIEW
https://securelifts.com/garage-door-roller-replacement/boca-raton,/garage-door-roller-replacement/[city],garage-door-roller-replacement,boca-raton,200,https://securelifts.com/garage-door-roller-replacement/boca-raton,true,"Garage Door Roller Replacement in Boca Raton, FL | SecureLifts","SecureLifts provides garage door roller replacement in Boca Raton, FL for noisy, shaking, stuck, or rough-moving garage doors.",Garage Door Roller Replacement in Boca Raton,395,29,Service|FAQPage|BreadcrumbList,false,false,false,false,garage-door-roller-replacement,MANUAL_REVIEW
https://securelifts.com/garage-door-roller-replacement/boynton-beach,/garage-door-roller-replacement/[city],garage-door-roller-replacement,boynton-beach,200,https://securelifts.com/garage-door-roller-replacement/boynton-beach,true,"Garage Door Roller Replacement in Boynton Beach, FL | SecureLifts","SecureLifts provides garage door roller replacement in Boynton Beach, FL for noisy, shaking, stuck, or rough-moving garage doors.",Garage Door Roller Replacement in Boynton Beach,394,29,Service|FAQPage|BreadcrumbList,false,false,false,false,garage-door-roller-replacement,MANUAL_REVIEW
https://securelifts.com/garage-door-roller-replacement/coral-gables,/garage-door-roller-replacement/[city],garage-door-roller-replacement,coral-gables,200,https://securelifts.com/garage-door-roller-replacement/coral-gables,true,"Garage Door Roller Replacement in Coral Gables, FL | SecureLifts","SecureLifts provides garage door roller replacement in Coral Gables, FL for noisy, shaking, stuck, or rough-moving garage doors.",Garage Door Roller Replacement in Coral Gables,408,29,Service|FAQPage|BreadcrumbList,false,false,false,false,garage-door-roller-replacement,MANUAL_REVIEW
https://securelifts.com/garage-door-roller-replacement/coral-springs,/garage-door-roller-replacement/[city],garage-door-roller-replacement,coral-springs,200,https://securelifts.com/garage-door-roller-replacement/coral-springs,true,"Garage Door Roller Replacement in Coral Springs, FL | SecureLifts","SecureLifts provides garage door roller replacement in Coral Springs, FL for noisy, shaking, stuck, or rough-moving garage doors.",Garage Door Roller Replacement in Coral Springs,408,29,Service|FAQPage|BreadcrumbList,false,false,false,false,garage-door-roller-replacement,MANUAL_REVIEW
https://securelifts.com/garage-door-roller-replacement/cutler-bay,/garage-door-roller-replacement/[city],garage-door-roller-replacement,cutler-bay,200,https://securelifts.com/garage-door-roller-replacement/cutler-bay,true,"Garage Door Roller Replacement in Cutler Bay, FL | SecureLifts","SecureLifts provides garage door roller replacement in Cutler Bay, FL for noisy, shaking, stuck, or rough-moving garage doors.",Garage Door Roller Replacement in Cutler Bay,408,29,Service|FAQPage|BreadcrumbList,false,false,false,false,garage-door-roller-replacement,MANUAL_REVIEW
https://securelifts.com/garage-door-roller-replacement/davie,/garage-door-roller-replacement/[city],garage-door-roller-replacement,davie,200,https://securelifts.com/garage-door-roller-replacement/davie,true,"Garage Door Roller Replacement in Davie, FL | SecureLifts","SecureLifts provides garage door roller replacement in Davie, FL for noisy, shaking, stuck, or rough-moving garage doors.",Garage Door Roller Replacement in Davie,372,27,Service|FAQPage|BreadcrumbList,false,false,false,false,garage-door-roller-replacement,MANUAL_REVIEW
https://securelifts.com/garage-door-roller-replacement/deerfield-beach,/garage-door-roller-replacement/[city],garage-door-roller-replacement,deerfield-beach,200,https://securelifts.com/garage-door-roller-replacement/deerfield-beach,true,"Garage Door Roller Replacement in Deerfield Beach, FL | SecureLifts","SecureLifts provides garage door roller replacement in Deerfield Beach, FL for noisy, shaking, stuck, or rough-moving garage doors.",Garage Door Roller Replacement in Deerfield Beach,408,29,Service|FAQPage|BreadcrumbList,false,false,false,false,garage-door-roller-replacement,MANUAL_REVIEW
https://securelifts.com/garage-door-roller-replacement/delray-beach,/garage-door-roller-replacement/[city],garage-door-roller-replacement,delray-beach,200,https://securelifts.com/garage-door-roller-replacement/delray-beach,true,"Garage Door Roller Replacement in Delray Beach, FL | SecureLifts","SecureLifts provides garage door roller replacement in Delray Beach, FL for noisy, shaking, stuck, or rough-moving garage doors.",Garage Door Roller Replacement in Delray Beach,394,29,Service|FAQPage|BreadcrumbList,false,false,false,false,garage-door-roller-replacement,MANUAL_REVIEW
https://securelifts.com/garage-door-roller-replacement/doral,/garage-door-roller-replacement/[city],garage-door-roller-replacement,doral,200,https://securelifts.com/garage-door-roller-replacement/doral,true,"Garage Door Roller Replacement in Doral, FL | SecureLifts","SecureLifts provides garage door roller replacement in Doral, FL for noisy, shaking, stuck, or rough-moving garage doors.",Garage Door Roller Replacement in Doral,386,29,Service|FAQPage|BreadcrumbList,false,false,false,false,garage-door-roller-replacement,MANUAL_REVIEW
https://securelifts.com/garage-door-roller-replacement/fort-lauderdale,/garage-door-roller-replacement/[city],garage-door-roller-replacement,fort-lauderdale,200,https://securelifts.com/garage-door-roller-replacement/fort-lauderdale,true,"Garage Door Roller Replacement in Fort Lauderdale, FL | SecureLifts","SecureLifts provides garage door roller replacement in Fort Lauderdale, FL for noisy, shaking, stuck, or rough-moving garage doors.",Garage Door Roller Replacement in Fort Lauderdale,395,29,Service|FAQPage|BreadcrumbList,false,false,false,false,garage-door-roller-replacement,MANUAL_REVIEW
https://securelifts.com/garage-door-roller-replacement/greenacres,/garage-door-roller-replacement/[city],garage-door-roller-replacement,greenacres,200,https://securelifts.com/garage-door-roller-replacement/greenacres,true,"Garage Door Roller Replacement in Greenacres, FL | SecureLifts","SecureLifts provides garage door roller replacement in Greenacres, FL for noisy, shaking, stuck, or rough-moving garage doors.",Garage Door Roller Replacement in Greenacres,395,29,Service|FAQPage|BreadcrumbList,false,false,false,false,garage-door-roller-replacement,MANUAL_REVIEW
https://securelifts.com/garage-door-roller-replacement/hallandale-beach,/garage-door-roller-replacement/[city],garage-door-roller-replacement,hallandale-beach,200,https://securelifts.com/garage-door-roller-replacement/hallandale-beach,true,"Garage Door Roller Replacement in Hallandale Beach, FL | SecureLifts","SecureLifts provides garage door roller replacement in Hallandale Beach, FL for noisy, shaking, stuck, or rough-moving garage doors.",Garage Door Roller Replacement in Hallandale Beach,392,28,Service|FAQPage|BreadcrumbList,false,false,false,false,garage-door-roller-replacement,MANUAL_REVIEW
https://securelifts.com/garage-door-roller-replacement/hialeah,/garage-door-roller-replacement/[city],garage-door-roller-replacement,hialeah,200,https://securelifts.com/garage-door-roller-replacement/hialeah,true,"Garage Door Roller Replacement in Hialeah, FL | SecureLifts","SecureLifts provides garage door roller replacement in Hialeah, FL for noisy, shaking, stuck, or rough-moving garage doors.",Garage Door Roller Replacement in Hialeah,395,29,Service|FAQPage|BreadcrumbList,false,false,false,false,garage-door-roller-replacement,MANUAL_REVIEW
https://securelifts.com/garage-door-roller-replacement/hialeah-gardens,/garage-door-roller-replacement/[city],garage-door-roller-replacement,hialeah-gardens,200,https://securelifts.com/garage-door-roller-replacement/hialeah-gardens,true,"Garage Door Roller Replacement in Hialeah Gardens, FL | SecureLifts","SecureLifts provides garage door roller replacement in Hialeah Gardens, FL for noisy, shaking, stuck, or rough-moving garage doors.",Garage Door Roller Replacement in Hialeah Gardens,408,29,Service|FAQPage|BreadcrumbList,false,false,false,false,garage-door-roller-replacement,MANUAL_REVIEW
https://securelifts.com/garage-door-roller-replacement/highland-beach,/garage-door-roller-replacement/[city],garage-door-roller-replacement,highland-beach,200,https://securelifts.com/garage-door-roller-replacement/highland-beach,true,"Garage Door Roller Replacement in Highland Beach, FL | SecureLifts","SecureLifts provides garage door roller replacement in Highland Beach, FL for noisy, shaking, stuck, or rough-moving garage doors.",Garage Door Roller Replacement in Highland Beach,408,29,Service|FAQPage|BreadcrumbList,false,false,false,false,garage-door-roller-replacement,MANUAL_REVIEW
https://securelifts.com/garage-door-roller-replacement/hollywood,/garage-door-roller-replacement/[city],garage-door-roller-replacement,hollywood,200,https://securelifts.com/garage-door-roller-replacement/hollywood,true,"Garage Door Roller Replacement in Hollywood, FL | SecureLifts","SecureLifts provides garage door roller replacement in Hollywood, FL for noisy, shaking, stuck, or rough-moving garage doors.",Garage Door Roller Replacement in Hollywood,395,29,Service|FAQPage|BreadcrumbList,false,false,false,false,garage-door-roller-replacement,MANUAL_REVIEW
https://securelifts.com/garage-door-roller-replacement/homestead,/garage-door-roller-replacement/[city],garage-door-roller-replacement,homestead,200,https://securelifts.com/garage-door-roller-replacement/homestead,true,"Garage Door Roller Replacement in Homestead, FL | SecureLifts","SecureLifts provides garage door roller replacement in Homestead, FL for noisy, shaking, stuck, or rough-moving garage doors.",Garage Door Roller Replacement in Homestead,386,29,Service|FAQPage|BreadcrumbList,false,false,false,false,garage-door-roller-replacement,MANUAL_REVIEW
https://securelifts.com/garage-door-roller-replacement/juno-beach,/garage-door-roller-replacement/[city],garage-door-roller-replacement,juno-beach,200,https://securelifts.com/garage-door-roller-replacement/juno-beach,true,"Garage Door Roller Replacement in Juno Beach, FL | SecureLifts","SecureLifts provides garage door roller replacement in Juno Beach, FL for noisy, shaking, stuck, or rough-moving garage doors.",Garage Door Roller Replacement in Juno Beach,408,29,Service|FAQPage|BreadcrumbList,false,false,false,false,garage-door-roller-replacement,MANUAL_REVIEW
https://securelifts.com/garage-door-roller-replacement/jupiter,/garage-door-roller-replacement/[city],garage-door-roller-replacement,jupiter,200,https://securelifts.com/garage-door-roller-replacement/jupiter,true,"Garage Door Roller Replacement in Jupiter, FL | SecureLifts","SecureLifts provides garage door roller replacement in Jupiter, FL for noisy, shaking, stuck, or rough-moving garage doors.",Garage Door Roller Replacement in Jupiter,387,29,Service|FAQPage|BreadcrumbList,false,false,false,false,garage-door-roller-replacement,MANUAL_REVIEW
https://securelifts.com/garage-door-roller-replacement/kendall,/garage-door-roller-replacement/[city],garage-door-roller-replacement,kendall,200,https://securelifts.com/garage-door-roller-replacement/kendall,true,"Garage Door Roller Replacement in Kendall, FL | SecureLifts","SecureLifts provides garage door roller replacement in Kendall, FL for noisy, shaking, stuck, or rough-moving garage doors.",Garage Door Roller Replacement in Kendall,395,29,Service|FAQPage|BreadcrumbList,false,false,false,false,garage-door-roller-replacement,MANUAL_REVIEW
https://securelifts.com/garage-door-roller-replacement/lake-worth,/garage-door-roller-replacement/[city],garage-door-roller-replacement,lake-worth,200,https://securelifts.com/garage-door-roller-replacement/lake-worth,true,"Garage Door Roller Replacement in Lake Worth, FL | SecureLifts","SecureLifts provides garage door roller replacement in Lake Worth, FL for noisy, shaking, stuck, or rough-moving garage doors.",Garage Door Roller Replacement in Lake Worth,408,29,Service|FAQPage|BreadcrumbList,false,false,false,false,garage-door-roller-replacement,MANUAL_REVIEW
https://securelifts.com/garage-door-roller-replacement/lauderhill,/garage-door-roller-replacement/[city],garage-door-roller-replacement,lauderhill,200,https://securelifts.com/garage-door-roller-replacement/lauderhill,true,"Garage Door Roller Replacement in Lauderhill, FL | SecureLifts","SecureLifts provides garage door roller replacement in Lauderhill, FL for noisy, shaking, stuck, or rough-moving garage doors.",Garage Door Roller Replacement in Lauderhill,395,29,Service|FAQPage|BreadcrumbList,false,false,false,false,garage-door-roller-replacement,MANUAL_REVIEW
https://securelifts.com/garage-door-roller-replacement/lighthouse-point,/garage-door-roller-replacement/[city],garage-door-roller-replacement,lighthouse-point,200,https://securelifts.com/garage-door-roller-replacement/lighthouse-point,true,"Garage Door Roller Replacement in Lighthouse Point, FL | SecureLifts","SecureLifts provides garage door roller replacement in Lighthouse Point, FL for noisy, shaking, stuck, or rough-moving garage doors.",Garage Door Roller Replacement in Lighthouse Point,408,29,Service|FAQPage|BreadcrumbList,false,false,false,false,garage-door-roller-replacement,MANUAL_REVIEW
https://securelifts.com/garage-door-roller-replacement/loxahatchee,/garage-door-roller-replacement/[city],garage-door-roller-replacement,loxahatchee,200,https://securelifts.com/garage-door-roller-replacement/loxahatchee,true,"Garage Door Roller Replacement in Loxahatchee, FL | SecureLifts","SecureLifts provides garage door roller replacement in Loxahatchee, FL for noisy, shaking, stuck, or rough-moving garage doors.",Garage Door Roller Replacement in Loxahatchee,395,29,Service|FAQPage|BreadcrumbList,false,false,false,false,garage-door-roller-replacement,MANUAL_REVIEW
https://securelifts.com/garage-door-roller-replacement/medley,/garage-door-roller-replacement/[city],garage-door-roller-replacement,medley,200,https://securelifts.com/garage-door-roller-replacement/medley,true,"Garage Door Roller Replacement in Medley, FL | SecureLifts","SecureLifts provides garage door roller replacement in Medley, FL for noisy, shaking, stuck, or rough-moving garage doors.",Garage Door Roller Replacement in Medley,384,29,Service|FAQPage|BreadcrumbList,false,false,false,false,garage-door-roller-replacement,MANUAL_REVIEW
https://securelifts.com/garage-door-roller-replacement/miami,/garage-door-roller-replacement/[city],garage-door-roller-replacement,miami,200,https://securelifts.com/garage-door-roller-replacement/miami,true,"Garage Door Roller Replacement in Miami, FL | SecureLifts","SecureLifts provides garage door roller replacement in Miami, FL for noisy, shaking, stuck, or rough-moving garage doors.",Garage Door Roller Replacement in Miami,418,32,Service|FAQPage|BreadcrumbList,false,false,true,true,garage-door-roller-replacement,IMPROVE
https://securelifts.com/garage-door-roller-replacement/miami-beach,/garage-door-roller-replacement/[city],garage-door-roller-replacement,miami-beach,200,https://securelifts.com/garage-door-roller-replacement/miami-beach,true,"Garage Door Roller Replacement in Miami Beach, FL | SecureLifts","SecureLifts provides garage door roller replacement in Miami Beach, FL for noisy, shaking, stuck, or rough-moving garage doors.",Garage Door Roller Replacement in Miami Beach,422,30,Service|FAQPage|BreadcrumbList,false,false,true,true,garage-door-roller-replacement,IMPROVE
https://securelifts.com/garage-door-roller-replacement/miami-gardens,/garage-door-roller-replacement/[city],garage-door-roller-replacement,miami-gardens,200,https://securelifts.com/garage-door-roller-replacement/miami-gardens,true,"Garage Door Roller Replacement in Miami Gardens, FL | SecureLifts","SecureLifts provides garage door roller replacement in Miami Gardens, FL for noisy, shaking, stuck, or rough-moving garage doors.",Garage Door Roller Replacement in Miami Gardens,408,29,Service|FAQPage|BreadcrumbList,false,false,false,false,garage-door-roller-replacement,MANUAL_REVIEW
https://securelifts.com/garage-door-roller-replacement/miami-lakes,/garage-door-roller-replacement/[city],garage-door-roller-replacement,miami-lakes,200,https://securelifts.com/garage-door-roller-replacement/miami-lakes,true,"Garage Door Roller Replacement in Miami Lakes, FL | SecureLifts","SecureLifts provides garage door roller replacement in Miami Lakes, FL for noisy, shaking, stuck, or rough-moving garage doors.",Garage Door Roller Replacement in Miami Lakes,408,29,Service|FAQPage|BreadcrumbList,false,false,false,false,garage-door-roller-replacement,MANUAL_REVIEW
https://securelifts.com/garage-door-roller-replacement/miramar,/garage-door-roller-replacement/[city],garage-door-roller-replacement,miramar,200,https://securelifts.com/garage-door-roller-replacement/miramar,true,"Garage Door Roller Replacement in Miramar, FL | SecureLifts","SecureLifts provides garage door roller replacement in Miramar, FL for noisy, shaking, stuck, or rough-moving garage doors.",Garage Door Roller Replacement in Miramar,381,28,Service|FAQPage|BreadcrumbList,false,false,false,false,garage-door-roller-replacement,MANUAL_REVIEW
https://securelifts.com/garage-door-roller-replacement/north-palm-beach,/garage-door-roller-replacement/[city],garage-door-roller-replacement,north-palm-beach,200,https://securelifts.com/garage-door-roller-replacement/north-palm-beach,true,"Garage Door Roller Replacement in North Palm Beach, FL | SecureLifts","SecureLifts provides garage door roller replacement in North Palm Beach, FL for noisy, shaking, stuck, or rough-moving garage doors.",Garage Door Roller Replacement in North Palm Beach,421,29,Service|FAQPage|BreadcrumbList,false,false,false,false,garage-door-roller-replacement,MANUAL_REVIEW
https://securelifts.com/garage-door-roller-replacement/oakland-park,/garage-door-roller-replacement/[city],garage-door-roller-replacement,oakland-park,200,https://securelifts.com/garage-door-roller-replacement/oakland-park,true,"Garage Door Roller Replacement in Oakland Park, FL | SecureLifts","SecureLifts provides garage door roller replacement in Oakland Park, FL for noisy, shaking, stuck, or rough-moving garage doors.",Garage Door Roller Replacement in Oakland Park,408,29,Service|FAQPage|BreadcrumbList,false,false,false,false,garage-door-roller-replacement,MANUAL_REVIEW
https://securelifts.com/garage-door-roller-replacement/palm-beach,/garage-door-roller-replacement/[city],garage-door-roller-replacement,palm-beach,200,https://securelifts.com/garage-door-roller-replacement/palm-beach,true,"Garage Door Roller Replacement in Palm Beach, FL | SecureLifts","SecureLifts provides garage door roller replacement in Palm Beach, FL for noisy, shaking, stuck, or rough-moving garage doors.",Garage Door Roller Replacement in Palm Beach,408,29,Service|FAQPage|BreadcrumbList,false,false,false,false,garage-door-roller-replacement,MANUAL_REVIEW
https://securelifts.com/garage-door-roller-replacement/palm-beach-gardens,/garage-door-roller-replacement/[city],garage-door-roller-replacement,palm-beach-gardens,200,https://securelifts.com/garage-door-roller-replacement/palm-beach-gardens,true,"Garage Door Roller Replacement in Palm Beach Gardens, FL | SecureLifts","SecureLifts provides garage door roller replacement in Palm Beach Gardens, FL for noisy, shaking, stuck, or rough-moving garage doors.",Garage Door Roller Replacement in Palm Beach Gardens,408,29,Service|FAQPage|BreadcrumbList,false,false,false,false,garage-door-roller-replacement,MANUAL_REVIEW
https://securelifts.com/garage-door-roller-replacement/palmetto-bay,/garage-door-roller-replacement/[city],garage-door-roller-replacement,palmetto-bay,200,https://securelifts.com/garage-door-roller-replacement/palmetto-bay,true,"Garage Door Roller Replacement in Palmetto Bay, FL | SecureLifts","SecureLifts provides garage door roller replacement in Palmetto Bay, FL for noisy, shaking, stuck, or rough-moving garage doors.",Garage Door Roller Replacement in Palmetto Bay,408,29,Service|FAQPage|BreadcrumbList,false,false,false,false,garage-door-roller-replacement,MANUAL_REVIEW
https://securelifts.com/garage-door-roller-replacement/parkland,/garage-door-roller-replacement/[city],garage-door-roller-replacement,parkland,200,https://securelifts.com/garage-door-roller-replacement/parkland,true,"Garage Door Roller Replacement in Parkland, FL | SecureLifts","SecureLifts provides garage door roller replacement in Parkland, FL for noisy, shaking, stuck, or rough-moving garage doors.",Garage Door Roller Replacement in Parkland,395,29,Service|FAQPage|BreadcrumbList,false,false,false,false,garage-door-roller-replacement,MANUAL_REVIEW
https://securelifts.com/garage-door-roller-replacement/pembroke-pines,/garage-door-roller-replacement/[city],garage-door-roller-replacement,pembroke-pines,200,https://securelifts.com/garage-door-roller-replacement/pembroke-pines,true,"Garage Door Roller Replacement in Pembroke Pines, FL | SecureLifts","SecureLifts provides garage door roller replacement in Pembroke Pines, FL for noisy, shaking, stuck, or rough-moving garage doors.",Garage Door Roller Replacement in Pembroke Pines,408,29,Service|FAQPage|BreadcrumbList,false,false,false,false,garage-door-roller-replacement,MANUAL_REVIEW
https://securelifts.com/garage-door-roller-replacement/pinecrest,/garage-door-roller-replacement/[city],garage-door-roller-replacement,pinecrest,200,https://securelifts.com/garage-door-roller-replacement/pinecrest,true,"Garage Door Roller Replacement in Pinecrest, FL | SecureLifts","SecureLifts provides garage door roller replacement in Pinecrest, FL for noisy, shaking, stuck, or rough-moving garage doors.",Garage Door Roller Replacement in Pinecrest,386,29,Service|FAQPage|BreadcrumbList,false,false,false,false,garage-door-roller-replacement,MANUAL_REVIEW
https://securelifts.com/garage-door-roller-replacement/plantation,/garage-door-roller-replacement/[city],garage-door-roller-replacement,plantation,200,https://securelifts.com/garage-door-roller-replacement/plantation,true,"Garage Door Roller Replacement in Plantation, FL | SecureLifts","SecureLifts provides garage door roller replacement in Plantation, FL for noisy, shaking, stuck, or rough-moving garage doors.",Garage Door Roller Replacement in Plantation,395,29,Service|FAQPage|BreadcrumbList,false,false,false,false,garage-door-roller-replacement,MANUAL_REVIEW
https://securelifts.com/garage-door-roller-replacement/pompano-beach,/garage-door-roller-replacement/[city],garage-door-roller-replacement,pompano-beach,200,https://securelifts.com/garage-door-roller-replacement/pompano-beach,true,"Garage Door Roller Replacement in Pompano Beach, FL | SecureLifts","SecureLifts provides garage door roller replacement in Pompano Beach, FL for noisy, shaking, stuck, or rough-moving garage doors.",Garage Door Roller Replacement in Pompano Beach,408,29,Service|FAQPage|BreadcrumbList,false,false,false,false,garage-door-roller-replacement,MANUAL_REVIEW
https://securelifts.com/garage-door-roller-replacement/port-st-lucie,/garage-door-roller-replacement/[city],garage-door-roller-replacement,port-st-lucie,200,https://securelifts.com/garage-door-roller-replacement/port-st-lucie,true,"Garage Door Roller Replacement in Port St Lucie, FL | SecureLifts","SecureLifts provides garage door roller replacement in Port St Lucie, FL for noisy, shaking, stuck, or rough-moving garage doors.",Garage Door Roller Replacement in Port St Lucie,421,29,Service|FAQPage|BreadcrumbList,false,false,false,false,garage-door-roller-replacement,MANUAL_REVIEW
https://securelifts.com/garage-door-roller-replacement/riviera-beach,/garage-door-roller-replacement/[city],garage-door-roller-replacement,riviera-beach,200,https://securelifts.com/garage-door-roller-replacement/riviera-beach,true,"Garage Door Roller Replacement in Riviera Beach, FL | SecureLifts","SecureLifts provides garage door roller replacement in Riviera Beach, FL for noisy, shaking, stuck, or rough-moving garage doors.",Garage Door Roller Replacement in Riviera Beach,408,29,Service|FAQPage|BreadcrumbList,false,false,false,false,garage-door-roller-replacement,MANUAL_REVIEW
https://securelifts.com/garage-door-roller-replacement/royal-palm-beach,/garage-door-roller-replacement/[city],garage-door-roller-replacement,royal-palm-beach,200,https://securelifts.com/garage-door-roller-replacement/royal-palm-beach,true,"Garage Door Roller Replacement in Royal Palm Beach, FL | SecureLifts","SecureLifts provides garage door roller replacement in Royal Palm Beach, FL for noisy, shaking, stuck, or rough-moving garage doors.",Garage Door Roller Replacement in Royal Palm Beach,406,29,Service|FAQPage|BreadcrumbList,false,false,false,false,garage-door-roller-replacement,MANUAL_REVIEW
https://securelifts.com/garage-door-roller-replacement/stuart,/garage-door-roller-replacement/[city],garage-door-roller-replacement,stuart,200,https://securelifts.com/garage-door-roller-replacement/stuart,true,"Garage Door Roller Replacement in Stuart, FL | SecureLifts","SecureLifts provides garage door roller replacement in Stuart, FL for noisy, shaking, stuck, or rough-moving garage doors.",Garage Door Roller Replacement in Stuart,395,29,Service|FAQPage|BreadcrumbList,false,false,false,false,garage-door-roller-replacement,MANUAL_REVIEW
https://securelifts.com/garage-door-roller-replacement/sunny-isles-beach,/garage-door-roller-replacement/[city],garage-door-roller-replacement,sunny-isles-beach,200,https://securelifts.com/garage-door-roller-replacement/sunny-isles-beach,true,"Garage Door Roller Replacement in Sunny Isles Beach, FL | SecureLifts","SecureLifts provides garage door roller replacement in Sunny Isles Beach, FL for noisy, shaking, stuck, or rough-moving garage doors.",Garage Door Roller Replacement in Sunny Isles Beach,421,29,Service|FAQPage|BreadcrumbList,false,false,false,false,garage-door-roller-replacement,MANUAL_REVIEW
https://securelifts.com/garage-door-roller-replacement/sunrise,/garage-door-roller-replacement/[city],garage-door-roller-replacement,sunrise,200,https://securelifts.com/garage-door-roller-replacement/sunrise,true,"Garage Door Roller Replacement in Sunrise, FL | SecureLifts","SecureLifts provides garage door roller replacement in Sunrise, FL for noisy, shaking, stuck, or rough-moving garage doors.",Garage Door Roller Replacement in Sunrise,395,29,Service|FAQPage|BreadcrumbList,false,false,false,false,garage-door-roller-replacement,MANUAL_REVIEW
https://securelifts.com/garage-door-roller-replacement/tamarac,/garage-door-roller-replacement/[city],garage-door-roller-replacement,tamarac,200,https://securelifts.com/garage-door-roller-replacement/tamarac,true,"Garage Door Roller Replacement in Tamarac, FL | SecureLifts","SecureLifts provides garage door roller replacement in Tamarac, FL for noisy, shaking, stuck, or rough-moving garage doors.",Garage Door Roller Replacement in Tamarac,395,29,Service|FAQPage|BreadcrumbList,false,false,false,false,garage-door-roller-replacement,MANUAL_REVIEW
https://securelifts.com/garage-door-roller-replacement/tequesta,/garage-door-roller-replacement/[city],garage-door-roller-replacement,tequesta,200,https://securelifts.com/garage-door-roller-replacement/tequesta,true,"Garage Door Roller Replacement in Tequesta, FL | SecureLifts","SecureLifts provides garage door roller replacement in Tequesta, FL for noisy, shaking, stuck, or rough-moving garage doors.",Garage Door Roller Replacement in Tequesta,395,29,Service|FAQPage|BreadcrumbList,false,false,false,false,garage-door-roller-replacement,MANUAL_REVIEW
https://securelifts.com/garage-door-roller-replacement/wellington,/garage-door-roller-replacement/[city],garage-door-roller-replacement,wellington,200,https://securelifts.com/garage-door-roller-replacement/wellington,true,"Garage Door Roller Replacement in Wellington, FL | SecureLifts","SecureLifts provides garage door roller replacement in Wellington, FL for noisy, shaking, stuck, or rough-moving garage doors.",Garage Door Roller Replacement in Wellington,386,29,Service|FAQPage|BreadcrumbList,false,false,false,false,garage-door-roller-replacement,MANUAL_REVIEW
https://securelifts.com/garage-door-roller-replacement/west-palm-beach,/garage-door-roller-replacement/[city],garage-door-roller-replacement,west-palm-beach,200,https://securelifts.com/garage-door-roller-replacement/west-palm-beach,true,"Garage Door Roller Replacement in West Palm Beach, FL | SecureLifts","SecureLifts provides garage door roller replacement in West Palm Beach, FL for noisy, shaking, stuck, or rough-moving garage doors.",Garage Door Roller Replacement in West Palm Beach,413,29,Service|FAQPage|BreadcrumbList,false,false,false,false,garage-door-roller-replacement,MANUAL_REVIEW
https://securelifts.com/garage-door-roller-replacement/weston,/garage-door-roller-replacement/[city],garage-door-roller-replacement,weston,200,https://securelifts.com/garage-door-roller-replacement/weston,true,"Garage Door Roller Replacement in Weston, FL | SecureLifts","SecureLifts provides garage door roller replacement in Weston, FL for noisy, shaking, stuck, or rough-moving garage doors.",Garage Door Roller Replacement in Weston,395,29,Service|FAQPage|BreadcrumbList,false,false,false,false,garage-door-roller-replacement,MANUAL_REVIEW
https://securelifts.com/garage-door-roller-replacement/wilton-manors,/garage-door-roller-replacement/[city],garage-door-roller-replacement,wilton-manors,200,https://securelifts.com/garage-door-roller-replacement/wilton-manors,true,"Garage Door Roller Replacement in Wilton Manors, FL | SecureLifts","SecureLifts provides garage door roller replacement in Wilton Manors, FL for noisy, shaking, stuck, or rough-moving garage doors.",Garage Door Roller Replacement in Wilton Manors,408,29,Service|FAQPage|BreadcrumbList,false,false,false,false,garage-door-roller-replacement,MANUAL_REVIEW
https://securelifts.com/hurricane-garage-doors/boca-raton,/hurricane-garage-doors/[city],hurricane-garage-doors,boca-raton,200,https://securelifts.com/hurricane-garage-doors/boca-raton,true,"Hurricane Garage Doors in Boca Raton, FL | SecureLifts","SecureLifts provides professional hurricane garage door service in Boca Raton, including stronger storm-rated options, expert installation, and fast local response across South Florida. Call (866) 828-1818.",Hurricane Garage Doors in Boca Raton,1211,40,Service|BreadcrumbList|FAQPage,false,true,false,false,hurricane-garage-doors,MANUAL_REVIEW
https://securelifts.com/hurricane-garage-doors/boynton-beach,/hurricane-garage-doors/[city],hurricane-garage-doors,boynton-beach,200,https://securelifts.com/hurricane-garage-doors/boynton-beach,true,"Hurricane Garage Doors in Boynton Beach, FL | SecureLifts","SecureLifts provides professional hurricane garage door service in Boynton Beach, including stronger storm-rated options, expert installation, and fast local response across South Florida. Call (866) 828-1818.",Hurricane Garage Doors in Boynton Beach,1206,40,Service|BreadcrumbList|FAQPage,false,true,false,false,hurricane-garage-doors,MANUAL_REVIEW
https://securelifts.com/hurricane-garage-doors/coral-springs,/hurricane-garage-doors/[city],hurricane-garage-doors,coral-springs,200,https://securelifts.com/hurricane-garage-doors/coral-springs,true,"Hurricane Garage Doors in Coral Springs, FL | SecureLifts","SecureLifts provides professional hurricane garage door service in Coral Springs, including stronger storm-rated options, expert installation, and fast local response across South Florida. Call (866) 828-1818.",Hurricane Garage Doors in Coral Springs,1201,40,Service|BreadcrumbList|FAQPage,false,true,false,false,hurricane-garage-doors,MANUAL_REVIEW
https://securelifts.com/hurricane-garage-doors/cutler-bay,/hurricane-garage-doors/[city],hurricane-garage-doors,cutler-bay,200,https://securelifts.com/hurricane-garage-doors/cutler-bay,true,"Hurricane Garage Doors in Cutler Bay, FL | SecureLifts","SecureLifts provides professional hurricane garage door service in Cutler Bay, including stronger storm-rated options, expert installation, and fast local response across South Florida. Call (866) 828-1818.",Hurricane Garage Doors in Cutler Bay,1201,40,Service|BreadcrumbList|FAQPage,false,true,false,false,hurricane-garage-doors,MANUAL_REVIEW
https://securelifts.com/hurricane-garage-doors/davie,/hurricane-garage-doors/[city],hurricane-garage-doors,davie,200,https://securelifts.com/hurricane-garage-doors/davie,true,"Hurricane Garage Doors in Davie, FL | SecureLifts","SecureLifts provides professional hurricane garage door service in Davie, including stronger storm-rated options, expert installation, and fast local response across South Florida. Call (866) 828-1818.",Hurricane Garage Doors in Davie,1157,40,Service|BreadcrumbList|FAQPage,false,true,false,false,hurricane-garage-doors,MANUAL_REVIEW
https://securelifts.com/hurricane-garage-doors/deerfield-beach,/hurricane-garage-doors/[city],hurricane-garage-doors,deerfield-beach,200,https://securelifts.com/hurricane-garage-doors/deerfield-beach,true,"Hurricane Garage Doors in Deerfield Beach, FL | SecureLifts","SecureLifts provides professional hurricane garage door service in Deerfield Beach, including stronger storm-rated options, expert installation, and fast local response across South Florida. Call (866) 828-1818.",Hurricane Garage Doors in Deerfield Beach,1206,40,Service|BreadcrumbList|FAQPage,false,true,false,false,hurricane-garage-doors,MANUAL_REVIEW
https://securelifts.com/hurricane-garage-doors/delray-beach,/hurricane-garage-doors/[city],hurricane-garage-doors,delray-beach,200,https://securelifts.com/hurricane-garage-doors/delray-beach,true,"Hurricane Garage Doors in Delray Beach, FL | SecureLifts","SecureLifts provides professional hurricane garage door service in Delray Beach, including stronger storm-rated options, expert installation, and fast local response across South Florida. Call (866) 828-1818.",Hurricane Garage Doors in Delray Beach,1211,40,Service|BreadcrumbList|FAQPage,false,true,false,false,hurricane-garage-doors,MANUAL_REVIEW
https://securelifts.com/hurricane-garage-doors/doral,/hurricane-garage-doors/[city],hurricane-garage-doors,doral,200,https://securelifts.com/hurricane-garage-doors/doral,true,"Hurricane Garage Doors in Doral, FL | SecureLifts","SecureLifts provides professional hurricane garage door service in Doral, including stronger storm-rated options, expert installation, and fast local response across South Florida. Call (866) 828-1818.",Hurricane Garage Doors in Doral,1152,40,Service|BreadcrumbList|FAQPage,false,true,false,false,hurricane-garage-doors,MANUAL_REVIEW
https://securelifts.com/hurricane-garage-doors/fort-lauderdale,/hurricane-garage-doors/[city],hurricane-garage-doors,fort-lauderdale,200,https://securelifts.com/hurricane-garage-doors/fort-lauderdale,true,"Hurricane Garage Doors in Fort Lauderdale, FL | SecureLifts","SecureLifts provides professional hurricane garage door service in Fort Lauderdale, including stronger storm-rated options, expert installation, and fast local response across South Florida. Call (866) 828-1818.",Hurricane Garage Doors in Fort Lauderdale,1206,40,Service|BreadcrumbList|FAQPage,false,true,false,false,hurricane-garage-doors,MANUAL_REVIEW
https://securelifts.com/hurricane-garage-doors/greenacres,/hurricane-garage-doors/[city],hurricane-garage-doors,greenacres,200,https://securelifts.com/hurricane-garage-doors/greenacres,true,"Hurricane Garage Doors in Greenacres, FL | SecureLifts","SecureLifts provides professional hurricane garage door service in Greenacres, including stronger storm-rated options, expert installation, and fast local response across South Florida. Call (866) 828-1818.",Hurricane Garage Doors in Greenacres,1172,40,Service|BreadcrumbList|FAQPage,false,true,false,false,hurricane-garage-doors,MANUAL_REVIEW
https://securelifts.com/hurricane-garage-doors/hialeah,/hurricane-garage-doors/[city],hurricane-garage-doors,hialeah,200,https://securelifts.com/hurricane-garage-doors/hialeah,true,"Hurricane Garage Doors in Hialeah, FL | SecureLifts","SecureLifts provides professional hurricane garage door service in Hialeah, including stronger storm-rated options, expert installation, and fast local response across South Florida. Call (866) 828-1818.",Hurricane Garage Doors in Hialeah,1162,40,Service|BreadcrumbList|FAQPage,false,true,false,false,hurricane-garage-doors,MANUAL_REVIEW
https://securelifts.com/hurricane-garage-doors/highland-beach,/hurricane-garage-doors/[city],hurricane-garage-doors,highland-beach,200,https://securelifts.com/hurricane-garage-doors/highland-beach,true,"Hurricane Garage Doors in Highland Beach, FL | SecureLifts","SecureLifts provides professional hurricane garage door service in Highland Beach, including stronger storm-rated options, expert installation, and fast local response across South Florida. Call (866) 828-1818.",Hurricane Garage Doors in Highland Beach,1211,40,Service|BreadcrumbList|FAQPage,false,true,false,false,hurricane-garage-doors,MANUAL_REVIEW
https://securelifts.com/hurricane-garage-doors/hollywood,/hurricane-garage-doors/[city],hurricane-garage-doors,hollywood,200,https://securelifts.com/hurricane-garage-doors/hollywood,true,"Hurricane Garage Doors in Hollywood, FL | SecureLifts","SecureLifts provides professional hurricane garage door service in Hollywood, including stronger storm-rated options, expert installation, and fast local response across South Florida. Call (866) 828-1818.",Hurricane Garage Doors in Hollywood,1167,40,Service|BreadcrumbList|FAQPage,false,true,false,false,hurricane-garage-doors,MANUAL_REVIEW
https://securelifts.com/hurricane-garage-doors/homestead,/hurricane-garage-doors/[city],hurricane-garage-doors,homestead,200,https://securelifts.com/hurricane-garage-doors/homestead,true,"Hurricane Garage Doors in Homestead, FL | SecureLifts","SecureLifts provides professional hurricane garage door service in Homestead, including stronger storm-rated options, expert installation, and fast local response across South Florida. Call (866) 828-1818.",Hurricane Garage Doors in Homestead,1162,40,Service|BreadcrumbList|FAQPage,false,true,false,false,hurricane-garage-doors,MANUAL_REVIEW
https://securelifts.com/hurricane-garage-doors/juno-beach,/hurricane-garage-doors/[city],hurricane-garage-doors,juno-beach,200,https://securelifts.com/hurricane-garage-doors/juno-beach,true,"Hurricane Garage Doors in Juno Beach, FL | SecureLifts","SecureLifts provides professional hurricane garage door service in Juno Beach, including stronger storm-rated options, expert installation, and fast local response across South Florida. Call (866) 828-1818.",Hurricane Garage Doors in Juno Beach,1216,40,Service|BreadcrumbList|FAQPage,false,true,false,false,hurricane-garage-doors,MANUAL_REVIEW
https://securelifts.com/hurricane-garage-doors/jupiter,/hurricane-garage-doors/[city],hurricane-garage-doors,jupiter,200,https://securelifts.com/hurricane-garage-doors/jupiter,true,"Hurricane Garage Doors in Jupiter, FL | SecureLifts","SecureLifts provides professional hurricane garage door service in Jupiter, including stronger storm-rated options, expert installation, and fast local response across South Florida. Call (866) 828-1818.",Hurricane Garage Doors in Jupiter,1167,40,Service|BreadcrumbList|FAQPage,false,true,false,false,hurricane-garage-doors,MANUAL_REVIEW
https://securelifts.com/hurricane-garage-doors/kendall,/hurricane-garage-doors/[city],hurricane-garage-doors,kendall,200,https://securelifts.com/hurricane-garage-doors/kendall,true,"Hurricane Garage Doors in Kendall, FL | SecureLifts","SecureLifts provides professional hurricane garage door service in Kendall, including stronger storm-rated options, expert installation, and fast local response across South Florida. Call (866) 828-1818.",Hurricane Garage Doors in Kendall,1162,40,Service|BreadcrumbList|FAQPage,false,true,false,false,hurricane-garage-doors,MANUAL_REVIEW
https://securelifts.com/hurricane-garage-doors/lake-worth,/hurricane-garage-doors/[city],hurricane-garage-doors,lake-worth,200,https://securelifts.com/hurricane-garage-doors/lake-worth,true,"Hurricane Garage Doors in Lake Worth, FL | SecureLifts","SecureLifts provides professional hurricane garage door service in Lake Worth, including stronger storm-rated options, expert installation, and fast local response across South Florida. Call (866) 828-1818.",Hurricane Garage Doors in Lake Worth,1211,40,Service|BreadcrumbList|FAQPage,false,true,false,false,hurricane-garage-doors,MANUAL_REVIEW
https://securelifts.com/hurricane-garage-doors/lauderhill,/hurricane-garage-doors/[city],hurricane-garage-doors,lauderhill,200,https://securelifts.com/hurricane-garage-doors/lauderhill,true,"Hurricane Garage Doors in Lauderhill, FL | SecureLifts","SecureLifts provides professional hurricane garage door service in Lauderhill, including stronger storm-rated options, expert installation, and fast local response across South Florida. Call (866) 828-1818.",Hurricane Garage Doors in Lauderhill,1152,40,Service|BreadcrumbList|FAQPage,false,true,false,false,hurricane-garage-doors,MANUAL_REVIEW
https://securelifts.com/hurricane-garage-doors/lighthouse-point,/hurricane-garage-doors/[city],hurricane-garage-doors,lighthouse-point,200,https://securelifts.com/hurricane-garage-doors/lighthouse-point,true,"Hurricane Garage Doors in Lighthouse Point, FL | SecureLifts","SecureLifts provides professional hurricane garage door service in Lighthouse Point, including stronger storm-rated options, expert installation, and fast local response across South Florida. Call (866) 828-1818.",Hurricane Garage Doors in Lighthouse Point,1211,40,Service|BreadcrumbList|FAQPage,false,true,false,false,hurricane-garage-doors,MANUAL_REVIEW
https://securelifts.com/hurricane-garage-doors/loxahatchee,/hurricane-garage-doors/[city],hurricane-garage-doors,loxahatchee,200,https://securelifts.com/hurricane-garage-doors/loxahatchee,true,"Hurricane Garage Doors in Loxahatchee, FL | SecureLifts","SecureLifts provides professional hurricane garage door service in Loxahatchee, including stronger storm-rated options, expert installation, and fast local response across South Florida. Call (866) 828-1818.",Hurricane Garage Doors in Loxahatchee,1172,40,Service|BreadcrumbList|FAQPage,false,true,false,false,hurricane-garage-doors,MANUAL_REVIEW
https://securelifts.com/hurricane-garage-doors/miami,/hurricane-garage-doors/[city],hurricane-garage-doors,miami,200,https://securelifts.com/hurricane-garage-doors/miami,true,"Hurricane Garage Doors in Miami, FL | SecureLifts","SecureLifts provides professional hurricane garage door service in Miami, including stronger storm-rated options, expert installation, and fast local response across South Florida. Call (866) 828-1818.",Hurricane Garage Doors in Miami,1157,40,Service|BreadcrumbList|FAQPage,false,true,false,false,hurricane-garage-doors,MANUAL_REVIEW
https://securelifts.com/hurricane-garage-doors/miami-beach,/hurricane-garage-doors/[city],hurricane-garage-doors,miami-beach,200,https://securelifts.com/hurricane-garage-doors/miami-beach,true,"Hurricane Garage Doors in Miami Beach, FL | SecureLifts","SecureLifts provides professional hurricane garage door service in Miami Beach, including stronger storm-rated options, expert installation, and fast local response across South Florida. Call (866) 828-1818.",Hurricane Garage Doors in Miami Beach,1201,40,Service|BreadcrumbList|FAQPage,false,true,false,false,hurricane-garage-doors,MANUAL_REVIEW
https://securelifts.com/hurricane-garage-doors/miramar,/hurricane-garage-doors/[city],hurricane-garage-doors,miramar,200,https://securelifts.com/hurricane-garage-doors/miramar,true,"Hurricane Garage Doors in Miramar, FL | SecureLifts","SecureLifts provides professional hurricane garage door service in Miramar, including stronger storm-rated options, expert installation, and fast local response across South Florida. Call (866) 828-1818.",Hurricane Garage Doors in Miramar,1162,40,Service|BreadcrumbList|FAQPage,false,true,false,false,hurricane-garage-doors,MANUAL_REVIEW
https://securelifts.com/hurricane-garage-doors/north-palm-beach,/hurricane-garage-doors/[city],hurricane-garage-doors,north-palm-beach,200,https://securelifts.com/hurricane-garage-doors/north-palm-beach,true,"Hurricane Garage Doors in North Palm Beach, FL | SecureLifts","SecureLifts provides professional hurricane garage door service in North Palm Beach, including stronger storm-rated options, expert installation, and fast local response across South Florida. Call (866) 828-1818.",Hurricane Garage Doors in North Palm Beach,1260,40,Service|BreadcrumbList|FAQPage,false,true,false,false,hurricane-garage-doors,MANUAL_REVIEW
https://securelifts.com/hurricane-garage-doors/oakland-park,/hurricane-garage-doors/[city],hurricane-garage-doors,oakland-park,200,https://securelifts.com/hurricane-garage-doors/oakland-park,true,"Hurricane Garage Doors in Oakland Park, FL | SecureLifts","SecureLifts provides professional hurricane garage door service in Oakland Park, including stronger storm-rated options, expert installation, and fast local response across South Florida. Call (866) 828-1818.",Hurricane Garage Doors in Oakland Park,1211,40,Service|BreadcrumbList|FAQPage,false,true,false,false,hurricane-garage-doors,MANUAL_REVIEW
https://securelifts.com/hurricane-garage-doors/palm-beach,/hurricane-garage-doors/[city],hurricane-garage-doors,palm-beach,200,https://securelifts.com/hurricane-garage-doors/palm-beach,true,"Hurricane Garage Doors in Palm Beach, FL | SecureLifts","SecureLifts provides professional hurricane garage door service in Palm Beach, including stronger storm-rated options, expert installation, and fast local response across South Florida. Call (866) 828-1818.",Hurricane Garage Doors in Palm Beach,1221,40,Service|BreadcrumbList|FAQPage,false,true,false,false,hurricane-garage-doors,MANUAL_REVIEW
https://securelifts.com/hurricane-garage-doors/palm-beach-gardens,/hurricane-garage-doors/[city],hurricane-garage-doors,palm-beach-gardens,200,https://securelifts.com/hurricane-garage-doors/palm-beach-gardens,true,"Hurricane Garage Doors in Palm Beach Gardens, FL | SecureLifts","SecureLifts provides professional hurricane garage door service in Palm Beach Gardens, including stronger storm-rated options, expert installation, and fast local response across South Florida. Call (866) 828-1818.",Hurricane Garage Doors in Palm Beach Gardens,1260,40,Service|BreadcrumbList|FAQPage,false,true,false,false,hurricane-garage-doors,MANUAL_REVIEW
https://securelifts.com/hurricane-garage-doors/parkland,/hurricane-garage-doors/[city],hurricane-garage-doors,parkland,200,https://securelifts.com/hurricane-garage-doors/parkland,true,"Hurricane Garage Doors in Parkland, FL | SecureLifts","SecureLifts provides professional hurricane garage door service in Parkland, including stronger storm-rated options, expert installation, and fast local response across South Florida. Call (866) 828-1818.",Hurricane Garage Doors in Parkland,1167,40,Service|BreadcrumbList|FAQPage,false,true,false,false,hurricane-garage-doors,MANUAL_REVIEW
https://securelifts.com/hurricane-garage-doors/pembroke-pines,/hurricane-garage-doors/[city],hurricane-garage-doors,pembroke-pines,200,https://securelifts.com/hurricane-garage-doors/pembroke-pines,true,"Hurricane Garage Doors in Pembroke Pines, FL | SecureLifts","SecureLifts provides professional hurricane garage door service in Pembroke Pines, including stronger storm-rated options, expert installation, and fast local response across South Florida. Call (866) 828-1818.",Hurricane Garage Doors in Pembroke Pines,1196,40,Service|BreadcrumbList|FAQPage,false,true,false,false,hurricane-garage-doors,MANUAL_REVIEW
https://securelifts.com/hurricane-garage-doors/plantation,/hurricane-garage-doors/[city],hurricane-garage-doors,plantation,200,https://securelifts.com/hurricane-garage-doors/plantation,true,"Hurricane Garage Doors in Plantation, FL | SecureLifts","SecureLifts provides professional hurricane garage door service in Plantation, including stronger storm-rated options, expert installation, and fast local response across South Florida. Call (866) 828-1818.",Hurricane Garage Doors in Plantation,1157,40,Service|BreadcrumbList|FAQPage,false,true,false,false,hurricane-garage-doors,MANUAL_REVIEW
https://securelifts.com/hurricane-garage-doors/pompano-beach,/hurricane-garage-doors/[city],hurricane-garage-doors,pompano-beach,200,https://securelifts.com/hurricane-garage-doors/pompano-beach,true,"Hurricane Garage Doors in Pompano Beach, FL | SecureLifts","SecureLifts provides professional hurricane garage door service in Pompano Beach, including stronger storm-rated options, expert installation, and fast local response across South Florida. Call (866) 828-1818.",Hurricane Garage Doors in Pompano Beach,1211,40,Service|BreadcrumbList|FAQPage,false,true,false,false,hurricane-garage-doors,MANUAL_REVIEW
https://securelifts.com/hurricane-garage-doors/port-st-lucie,/hurricane-garage-doors/[city],hurricane-garage-doors,port-st-lucie,200,https://securelifts.com/hurricane-garage-doors/port-st-lucie,true,"Hurricane Garage Doors in Port St. Lucie, FL | SecureLifts","SecureLifts provides professional hurricane garage door service in Port St. Lucie, including stronger storm-rated options, expert installation, and fast local response across South Florida. Call (866) 828-1818.",Hurricane Garage Doors in Port St. Lucie,1250,40,Service|BreadcrumbList|FAQPage,false,true,false,false,hurricane-garage-doors,MANUAL_REVIEW
https://securelifts.com/hurricane-garage-doors/riviera-beach,/hurricane-garage-doors/[city],hurricane-garage-doors,riviera-beach,200,https://securelifts.com/hurricane-garage-doors/riviera-beach,true,"Hurricane Garage Doors in Riviera Beach, FL | SecureLifts","SecureLifts provides professional hurricane garage door service in Riviera Beach, including stronger storm-rated options, expert installation, and fast local response across South Florida. Call (866) 828-1818.",Hurricane Garage Doors in Riviera Beach,1226,40,Service|BreadcrumbList|FAQPage,false,true,false,false,hurricane-garage-doors,MANUAL_REVIEW
https://securelifts.com/hurricane-garage-doors/royal-palm-beach,/hurricane-garage-doors/[city],hurricane-garage-doors,royal-palm-beach,200,https://securelifts.com/hurricane-garage-doors/royal-palm-beach,true,"Hurricane Garage Doors in Royal Palm Beach, FL | SecureLifts","SecureLifts provides professional hurricane garage door service in Royal Palm Beach, including stronger storm-rated options, expert installation, and fast local response across South Florida. Call (866) 828-1818.",Hurricane Garage Doors in Royal Palm Beach,1250,40,Service|BreadcrumbList|FAQPage,false,true,false,false,hurricane-garage-doors,MANUAL_REVIEW
https://securelifts.com/hurricane-garage-doors/stuart,/hurricane-garage-doors/[city],hurricane-garage-doors,stuart,200,https://securelifts.com/hurricane-garage-doors/stuart,true,"Hurricane Garage Doors in Stuart, FL | SecureLifts","SecureLifts provides professional hurricane garage door service in Stuart, including stronger storm-rated options, expert installation, and fast local response across South Florida. Call (866) 828-1818.",Hurricane Garage Doors in Stuart,1172,40,Service|BreadcrumbList|FAQPage,false,true,false,false,hurricane-garage-doors,MANUAL_REVIEW
https://securelifts.com/hurricane-garage-doors/sunrise,/hurricane-garage-doors/[city],hurricane-garage-doors,sunrise,200,https://securelifts.com/hurricane-garage-doors/sunrise,true,"Hurricane Garage Doors in Sunrise, FL | SecureLifts","SecureLifts provides professional hurricane garage door service in Sunrise, including stronger storm-rated options, expert installation, and fast local response across South Florida. Call (866) 828-1818.",Hurricane Garage Doors in Sunrise,1152,40,Service|BreadcrumbList|FAQPage,false,true,false,false,hurricane-garage-doors,MANUAL_REVIEW
https://securelifts.com/hurricane-garage-doors/tamarac,/hurricane-garage-doors/[city],hurricane-garage-doors,tamarac,200,https://securelifts.com/hurricane-garage-doors/tamarac,true,"Hurricane Garage Doors in Tamarac, FL | SecureLifts","SecureLifts provides professional hurricane garage door service in Tamarac, including stronger storm-rated options, expert installation, and fast local response across South Florida. Call (866) 828-1818.",Hurricane Garage Doors in Tamarac,1157,40,Service|BreadcrumbList|FAQPage,false,true,false,false,hurricane-garage-doors,MANUAL_REVIEW
https://securelifts.com/hurricane-garage-doors/tequesta,/hurricane-garage-doors/[city],hurricane-garage-doors,tequesta,200,https://securelifts.com/hurricane-garage-doors/tequesta,true,"Hurricane Garage Doors in Tequesta, FL | SecureLifts","SecureLifts provides professional hurricane garage door service in Tequesta, including stronger storm-rated options, expert installation, and fast local response across South Florida. Call (866) 828-1818.",Hurricane Garage Doors in Tequesta,1167,40,Service|BreadcrumbList|FAQPage,false,true,false,false,hurricane-garage-doors,MANUAL_REVIEW
https://securelifts.com/hurricane-garage-doors/wellington,/hurricane-garage-doors/[city],hurricane-garage-doors,wellington,200,https://securelifts.com/hurricane-garage-doors/wellington,true,"Hurricane Garage Doors in Wellington, FL | SecureLifts","SecureLifts provides professional hurricane garage door service in Wellington, including stronger storm-rated options, expert installation, and fast local response across South Florida. Call (866) 828-1818.",Hurricane Garage Doors in Wellington,1172,40,Service|BreadcrumbList|FAQPage,false,true,false,false,hurricane-garage-doors,MANUAL_REVIEW
https://securelifts.com/hurricane-garage-doors/west-palm-beach,/hurricane-garage-doors/[city],hurricane-garage-doors,west-palm-beach,200,https://securelifts.com/hurricane-garage-doors/west-palm-beach,true,"Hurricane Garage Doors in West Palm Beach, FL | SecureLifts","SecureLifts provides professional hurricane garage door service in West Palm Beach, including stronger storm-rated options, expert installation, and fast local response across South Florida. Call (866) 828-1818.",Hurricane Garage Doors in West Palm Beach,1265,40,Service|BreadcrumbList|FAQPage,false,true,false,false,hurricane-garage-doors,MANUAL_REVIEW
https://securelifts.com/impact-rated-garage-doors/boca-raton,/impact-rated-garage-doors/[city],impact-rated-garage-doors,boca-raton,200,https://securelifts.com/impact-rated-garage-doors/boca-raton,true,"Impact-Rated Garage Doors in Boca Raton, FL | SecureLifts","SecureLifts provides professional impact-rated garage door service in Boca Raton, including stronger storm-rated options, expert installation, and fast local response across South Florida. Call (866) 828-1818.",Impact-Rated Garage Doors in Boca Raton,1222,39,Service|BreadcrumbList|FAQPage,false,true,false,false,impact-rated-garage-doors,MANUAL_REVIEW
https://securelifts.com/impact-rated-garage-doors/boynton-beach,/impact-rated-garage-doors/[city],impact-rated-garage-doors,boynton-beach,200,https://securelifts.com/impact-rated-garage-doors/boynton-beach,true,"Impact-Rated Garage Doors in Boynton Beach, FL | SecureLifts","SecureLifts provides professional impact-rated garage door service in Boynton Beach, including stronger storm-rated options, expert installation, and fast local response across South Florida. Call (866) 828-1818.",Impact-Rated Garage Doors in Boynton Beach,1217,39,Service|BreadcrumbList|FAQPage,false,true,false,false,impact-rated-garage-doors,MANUAL_REVIEW
https://securelifts.com/impact-rated-garage-doors/coral-springs,/impact-rated-garage-doors/[city],impact-rated-garage-doors,coral-springs,200,https://securelifts.com/impact-rated-garage-doors/coral-springs,true,"Impact-Rated Garage Doors in Coral Springs, FL | SecureLifts","SecureLifts provides professional impact-rated garage door service in Coral Springs, including stronger storm-rated options, expert installation, and fast local response across South Florida. Call (866) 828-1818.",Impact-Rated Garage Doors in Coral Springs,1212,39,Service|BreadcrumbList|FAQPage,false,true,false,false,impact-rated-garage-doors,MANUAL_REVIEW
https://securelifts.com/impact-rated-garage-doors/cutler-bay,/impact-rated-garage-doors/[city],impact-rated-garage-doors,cutler-bay,200,https://securelifts.com/impact-rated-garage-doors/cutler-bay,true,"Impact-Rated Garage Doors in Cutler Bay, FL | SecureLifts","SecureLifts provides professional impact-rated garage door service in Cutler Bay, including stronger storm-rated options, expert installation, and fast local response across South Florida. Call (866) 828-1818.",Impact-Rated Garage Doors in Cutler Bay,1212,39,Service|BreadcrumbList|FAQPage,false,true,false,false,impact-rated-garage-doors,MANUAL_REVIEW
https://securelifts.com/impact-rated-garage-doors/davie,/impact-rated-garage-doors/[city],impact-rated-garage-doors,davie,200,https://securelifts.com/impact-rated-garage-doors/davie,true,"Impact-Rated Garage Doors in Davie, FL | SecureLifts","SecureLifts provides professional impact-rated garage door service in Davie, including stronger storm-rated options, expert installation, and fast local response across South Florida. Call (866) 828-1818.",Impact-Rated Garage Doors in Davie,1169,39,Service|BreadcrumbList|FAQPage,false,true,false,false,impact-rated-garage-doors,MANUAL_REVIEW
https://securelifts.com/impact-rated-garage-doors/deerfield-beach,/impact-rated-garage-doors/[city],impact-rated-garage-doors,deerfield-beach,200,https://securelifts.com/impact-rated-garage-doors/deerfield-beach,true,"Impact-Rated Garage Doors in Deerfield Beach, FL | SecureLifts","SecureLifts provides professional impact-rated garage door service in Deerfield Beach, including stronger storm-rated options, expert installation, and fast local response across South Florida. Call (866) 828-1818.",Impact-Rated Garage Doors in Deerfield Beach,1217,39,Service|BreadcrumbList|FAQPage,false,true,false,false,impact-rated-garage-doors,MANUAL_REVIEW
https://securelifts.com/impact-rated-garage-doors/delray-beach,/impact-rated-garage-doors/[city],impact-rated-garage-doors,delray-beach,200,https://securelifts.com/impact-rated-garage-doors/delray-beach,true,"Impact-Rated Garage Doors in Delray Beach, FL | SecureLifts","SecureLifts provides professional impact-rated garage door service in Delray Beach, including stronger storm-rated options, expert installation, and fast local response across South Florida. Call (866) 828-1818.",Impact-Rated Garage Doors in Delray Beach,1222,39,Service|BreadcrumbList|FAQPage,false,true,false,false,impact-rated-garage-doors,MANUAL_REVIEW
https://securelifts.com/impact-rated-garage-doors/doral,/impact-rated-garage-doors/[city],impact-rated-garage-doors,doral,200,https://securelifts.com/impact-rated-garage-doors/doral,true,"Impact-Rated Garage Doors in Doral, FL | SecureLifts","SecureLifts provides professional impact-rated garage door service in Doral, including stronger storm-rated options, expert installation, and fast local response across South Florida. Call (866) 828-1818.",Impact-Rated Garage Doors in Doral,1164,39,Service|BreadcrumbList|FAQPage,false,true,false,false,impact-rated-garage-doors,MANUAL_REVIEW
https://securelifts.com/impact-rated-garage-doors/fort-lauderdale,/impact-rated-garage-doors/[city],impact-rated-garage-doors,fort-lauderdale,200,https://securelifts.com/impact-rated-garage-doors/fort-lauderdale,true,"Impact-Rated Garage Doors in Fort Lauderdale, FL | SecureLifts","SecureLifts provides professional impact-rated garage door service in Fort Lauderdale, including stronger storm-rated options, expert installation, and fast local response across South Florida. Call (866) 828-1818.",Impact-Rated Garage Doors in Fort Lauderdale,1217,39,Service|BreadcrumbList|FAQPage,false,true,false,false,impact-rated-garage-doors,MANUAL_REVIEW
https://securelifts.com/impact-rated-garage-doors/greenacres,/impact-rated-garage-doors/[city],impact-rated-garage-doors,greenacres,200,https://securelifts.com/impact-rated-garage-doors/greenacres,true,"Impact-Rated Garage Doors in Greenacres, FL | SecureLifts","SecureLifts provides professional impact-rated garage door service in Greenacres, including stronger storm-rated options, expert installation, and fast local response across South Florida. Call (866) 828-1818.",Impact-Rated Garage Doors in Greenacres,1184,39,Service|BreadcrumbList|FAQPage,false,true,false,false,impact-rated-garage-doors,MANUAL_REVIEW
https://securelifts.com/impact-rated-garage-doors/hialeah,/impact-rated-garage-doors/[city],impact-rated-garage-doors,hialeah,200,https://securelifts.com/impact-rated-garage-doors/hialeah,true,"Impact-Rated Garage Doors in Hialeah, FL | SecureLifts","SecureLifts provides professional impact-rated garage door service in Hialeah, including stronger storm-rated options, expert installation, and fast local response across South Florida. Call (866) 828-1818.",Impact-Rated Garage Doors in Hialeah,1174,39,Service|BreadcrumbList|FAQPage,false,true,false,false,impact-rated-garage-doors,MANUAL_REVIEW
https://securelifts.com/impact-rated-garage-doors/highland-beach,/impact-rated-garage-doors/[city],impact-rated-garage-doors,highland-beach,200,https://securelifts.com/impact-rated-garage-doors/highland-beach,true,"Impact-Rated Garage Doors in Highland Beach, FL | SecureLifts","SecureLifts provides professional impact-rated garage door service in Highland Beach, including stronger storm-rated options, expert installation, and fast local response across South Florida. Call (866) 828-1818.",Impact-Rated Garage Doors in Highland Beach,1222,39,Service|BreadcrumbList|FAQPage,false,true,false,false,impact-rated-garage-doors,MANUAL_REVIEW
https://securelifts.com/impact-rated-garage-doors/hollywood,/impact-rated-garage-doors/[city],impact-rated-garage-doors,hollywood,200,https://securelifts.com/impact-rated-garage-doors/hollywood,true,"Impact-Rated Garage Doors in Hollywood, FL | SecureLifts","SecureLifts provides professional impact-rated garage door service in Hollywood, including stronger storm-rated options, expert installation, and fast local response across South Florida. Call (866) 828-1818.",Impact-Rated Garage Doors in Hollywood,1179,39,Service|BreadcrumbList|FAQPage,false,true,false,false,impact-rated-garage-doors,MANUAL_REVIEW
https://securelifts.com/impact-rated-garage-doors/homestead,/impact-rated-garage-doors/[city],impact-rated-garage-doors,homestead,200,https://securelifts.com/impact-rated-garage-doors/homestead,true,"Impact-Rated Garage Doors in Homestead, FL | SecureLifts","SecureLifts provides professional impact-rated garage door service in Homestead, including stronger storm-rated options, expert installation, and fast local response across South Florida. Call (866) 828-1818.",Impact-Rated Garage Doors in Homestead,1174,39,Service|BreadcrumbList|FAQPage,false,true,false,false,impact-rated-garage-doors,MANUAL_REVIEW
https://securelifts.com/impact-rated-garage-doors/juno-beach,/impact-rated-garage-doors/[city],impact-rated-garage-doors,juno-beach,200,https://securelifts.com/impact-rated-garage-doors/juno-beach,true,"Impact-Rated Garage Doors in Juno Beach, FL | SecureLifts","SecureLifts provides professional impact-rated garage door service in Juno Beach, including stronger storm-rated options, expert installation, and fast local response across South Florida. Call (866) 828-1818.",Impact-Rated Garage Doors in Juno Beach,1227,39,Service|BreadcrumbList|FAQPage,false,true,false,false,impact-rated-garage-doors,MANUAL_REVIEW
https://securelifts.com/impact-rated-garage-doors/jupiter,/impact-rated-garage-doors/[city],impact-rated-garage-doors,jupiter,200,https://securelifts.com/impact-rated-garage-doors/jupiter,true,"Impact-Rated Garage Doors in Jupiter, FL | SecureLifts","SecureLifts provides professional impact-rated garage door service in Jupiter, including stronger storm-rated options, expert installation, and fast local response across South Florida. Call (866) 828-1818.",Impact-Rated Garage Doors in Jupiter,1179,39,Service|BreadcrumbList|FAQPage,false,true,false,false,impact-rated-garage-doors,MANUAL_REVIEW
https://securelifts.com/impact-rated-garage-doors/kendall,/impact-rated-garage-doors/[city],impact-rated-garage-doors,kendall,200,https://securelifts.com/impact-rated-garage-doors/kendall,true,"Impact-Rated Garage Doors in Kendall, FL | SecureLifts","SecureLifts provides professional impact-rated garage door service in Kendall, including stronger storm-rated options, expert installation, and fast local response across South Florida. Call (866) 828-1818.",Impact-Rated Garage Doors in Kendall,1174,39,Service|BreadcrumbList|FAQPage,false,true,false,false,impact-rated-garage-doors,MANUAL_REVIEW
https://securelifts.com/impact-rated-garage-doors/lake-worth,/impact-rated-garage-doors/[city],impact-rated-garage-doors,lake-worth,200,https://securelifts.com/impact-rated-garage-doors/lake-worth,true,"Impact-Rated Garage Doors in Lake Worth, FL | SecureLifts","SecureLifts provides professional impact-rated garage door service in Lake Worth, including stronger storm-rated options, expert installation, and fast local response across South Florida. Call (866) 828-1818.",Impact-Rated Garage Doors in Lake Worth,1222,39,Service|BreadcrumbList|FAQPage,false,true,false,false,impact-rated-garage-doors,MANUAL_REVIEW
https://securelifts.com/impact-rated-garage-doors/lauderhill,/impact-rated-garage-doors/[city],impact-rated-garage-doors,lauderhill,200,https://securelifts.com/impact-rated-garage-doors/lauderhill,true,"Impact-Rated Garage Doors in Lauderhill, FL | SecureLifts","SecureLifts provides professional impact-rated garage door service in Lauderhill, including stronger storm-rated options, expert installation, and fast local response across South Florida. Call (866) 828-1818.",Impact-Rated Garage Doors in Lauderhill,1164,39,Service|BreadcrumbList|FAQPage,false,true,false,false,impact-rated-garage-doors,MANUAL_REVIEW
https://securelifts.com/impact-rated-garage-doors/lighthouse-point,/impact-rated-garage-doors/[city],impact-rated-garage-doors,lighthouse-point,200,https://securelifts.com/impact-rated-garage-doors/lighthouse-point,true,"Impact-Rated Garage Doors in Lighthouse Point, FL | SecureLifts","SecureLifts provides professional impact-rated garage door service in Lighthouse Point, including stronger storm-rated options, expert installation, and fast local response across South Florida. Call (866) 828-1818.",Impact-Rated Garage Doors in Lighthouse Point,1222,39,Service|BreadcrumbList|FAQPage,false,true,false,false,impact-rated-garage-doors,MANUAL_REVIEW
https://securelifts.com/impact-rated-garage-doors/loxahatchee,/impact-rated-garage-doors/[city],impact-rated-garage-doors,loxahatchee,200,https://securelifts.com/impact-rated-garage-doors/loxahatchee,true,"Impact-Rated Garage Doors in Loxahatchee, FL | SecureLifts","SecureLifts provides professional impact-rated garage door service in Loxahatchee, including stronger storm-rated options, expert installation, and fast local response across South Florida. Call (866) 828-1818.",Impact-Rated Garage Doors in Loxahatchee,1184,39,Service|BreadcrumbList|FAQPage,false,true,false,false,impact-rated-garage-doors,MANUAL_REVIEW
https://securelifts.com/impact-rated-garage-doors/miami,/impact-rated-garage-doors/[city],impact-rated-garage-doors,miami,200,https://securelifts.com/impact-rated-garage-doors/miami,true,"Impact-Rated Garage Doors in Miami, FL | SecureLifts","SecureLifts provides professional impact-rated garage door service in Miami, including stronger storm-rated options, expert installation, and fast local response across South Florida. Call (866) 828-1818.",Impact-Rated Garage Doors in Miami,1169,39,Service|BreadcrumbList|FAQPage,false,true,false,false,impact-rated-garage-doors,MANUAL_REVIEW
https://securelifts.com/impact-rated-garage-doors/miami-beach,/impact-rated-garage-doors/[city],impact-rated-garage-doors,miami-beach,200,https://securelifts.com/impact-rated-garage-doors/miami-beach,true,"Impact-Rated Garage Doors in Miami Beach, FL | SecureLifts","SecureLifts provides professional impact-rated garage door service in Miami Beach, including stronger storm-rated options, expert installation, and fast local response across South Florida. Call (866) 828-1818.",Impact-Rated Garage Doors in Miami Beach,1212,39,Service|BreadcrumbList|FAQPage,false,true,false,false,impact-rated-garage-doors,MANUAL_REVIEW
https://securelifts.com/impact-rated-garage-doors/miramar,/impact-rated-garage-doors/[city],impact-rated-garage-doors,miramar,200,https://securelifts.com/impact-rated-garage-doors/miramar,true,"Impact-Rated Garage Doors in Miramar, FL | SecureLifts","SecureLifts provides professional impact-rated garage door service in Miramar, including stronger storm-rated options, expert installation, and fast local response across South Florida. Call (866) 828-1818.",Impact-Rated Garage Doors in Miramar,1174,39,Service|BreadcrumbList|FAQPage,false,true,false,false,impact-rated-garage-doors,MANUAL_REVIEW
https://securelifts.com/impact-rated-garage-doors/north-palm-beach,/impact-rated-garage-doors/[city],impact-rated-garage-doors,north-palm-beach,200,https://securelifts.com/impact-rated-garage-doors/north-palm-beach,true,"Impact-Rated Garage Doors in North Palm Beach, FL | SecureLifts","SecureLifts provides professional impact-rated garage door service in North Palm Beach, including stronger storm-rated options, expert installation, and fast local response across South Florida. Call (866) 828-1818.",Impact-Rated Garage Doors in North Palm Beach,1270,39,Service|BreadcrumbList|FAQPage,false,true,false,false,impact-rated-garage-doors,MANUAL_REVIEW
https://securelifts.com/impact-rated-garage-doors/oakland-park,/impact-rated-garage-doors/[city],impact-rated-garage-doors,oakland-park,200,https://securelifts.com/impact-rated-garage-doors/oakland-park,true,"Impact-Rated Garage Doors in Oakland Park, FL | SecureLifts","SecureLifts provides professional impact-rated garage door service in Oakland Park, including stronger storm-rated options, expert installation, and fast local response across South Florida. Call (866) 828-1818.",Impact-Rated Garage Doors in Oakland Park,1222,39,Service|BreadcrumbList|FAQPage,false,true,false,false,impact-rated-garage-doors,MANUAL_REVIEW
https://securelifts.com/impact-rated-garage-doors/palm-beach,/impact-rated-garage-doors/[city],impact-rated-garage-doors,palm-beach,200,https://securelifts.com/impact-rated-garage-doors/palm-beach,true,"Impact-Rated Garage Doors in Palm Beach, FL | SecureLifts","SecureLifts provides professional impact-rated garage door service in Palm Beach, including stronger storm-rated options, expert installation, and fast local response across South Florida. Call (866) 828-1818.",Impact-Rated Garage Doors in Palm Beach,1232,39,Service|BreadcrumbList|FAQPage,false,true,false,false,impact-rated-garage-doors,MANUAL_REVIEW
https://securelifts.com/impact-rated-garage-doors/palm-beach-gardens,/impact-rated-garage-doors/[city],impact-rated-garage-doors,palm-beach-gardens,200,https://securelifts.com/impact-rated-garage-doors/palm-beach-gardens,true,"Impact-Rated Garage Doors in Palm Beach Gardens, FL | SecureLifts","SecureLifts provides professional impact-rated garage door service in Palm Beach Gardens, including stronger storm-rated options, expert installation, and fast local response across South Florida. Call (866) 828-1818.",Impact-Rated Garage Doors in Palm Beach Gardens,1270,39,Service|BreadcrumbList|FAQPage,false,true,false,false,impact-rated-garage-doors,MANUAL_REVIEW
https://securelifts.com/impact-rated-garage-doors/parkland,/impact-rated-garage-doors/[city],impact-rated-garage-doors,parkland,200,https://securelifts.com/impact-rated-garage-doors/parkland,true,"Impact-Rated Garage Doors in Parkland, FL | SecureLifts","SecureLifts provides professional impact-rated garage door service in Parkland, including stronger storm-rated options, expert installation, and fast local response across South Florida. Call (866) 828-1818.",Impact-Rated Garage Doors in Parkland,1179,39,Service|BreadcrumbList|FAQPage,false,true,false,false,impact-rated-garage-doors,MANUAL_REVIEW
https://securelifts.com/impact-rated-garage-doors/pembroke-pines,/impact-rated-garage-doors/[city],impact-rated-garage-doors,pembroke-pines,200,https://securelifts.com/impact-rated-garage-doors/pembroke-pines,true,"Impact-Rated Garage Doors in Pembroke Pines, FL | SecureLifts","SecureLifts provides professional impact-rated garage door service in Pembroke Pines, including stronger storm-rated options, expert installation, and fast local response across South Florida. Call (866) 828-1818.",Impact-Rated Garage Doors in Pembroke Pines,1207,39,Service|BreadcrumbList|FAQPage,false,true,false,false,impact-rated-garage-doors,MANUAL_REVIEW
https://securelifts.com/impact-rated-garage-doors/plantation,/impact-rated-garage-doors/[city],impact-rated-garage-doors,plantation,200,https://securelifts.com/impact-rated-garage-doors/plantation,true,"Impact-Rated Garage Doors in Plantation, FL | SecureLifts","SecureLifts provides professional impact-rated garage door service in Plantation, including stronger storm-rated options, expert installation, and fast local response across South Florida. Call (866) 828-1818.",Impact-Rated Garage Doors in Plantation,1169,39,Service|BreadcrumbList|FAQPage,false,true,false,false,impact-rated-garage-doors,MANUAL_REVIEW
https://securelifts.com/impact-rated-garage-doors/pompano-beach,/impact-rated-garage-doors/[city],impact-rated-garage-doors,pompano-beach,200,https://securelifts.com/impact-rated-garage-doors/pompano-beach,true,"Impact-Rated Garage Doors in Pompano Beach, FL | SecureLifts","SecureLifts provides professional impact-rated garage door service in Pompano Beach, including stronger storm-rated options, expert installation, and fast local response across South Florida. Call (866) 828-1818.",Impact-Rated Garage Doors in Pompano Beach,1222,39,Service|BreadcrumbList|FAQPage,false,true,false,false,impact-rated-garage-doors,MANUAL_REVIEW
https://securelifts.com/impact-rated-garage-doors/port-st-lucie,/impact-rated-garage-doors/[city],impact-rated-garage-doors,port-st-lucie,200,https://securelifts.com/impact-rated-garage-doors/port-st-lucie,true,"Impact-Rated Garage Doors in Port St. Lucie, FL | SecureLifts","SecureLifts provides professional impact-rated garage door service in Port St. Lucie, including stronger storm-rated options, expert installation, and fast local response across South Florida. Call (866) 828-1818.",Impact-Rated Garage Doors in Port St. Lucie,1260,39,Service|BreadcrumbList|FAQPage,false,true,false,false,impact-rated-garage-doors,MANUAL_REVIEW
https://securelifts.com/impact-rated-garage-doors/riviera-beach,/impact-rated-garage-doors/[city],impact-rated-garage-doors,riviera-beach,200,https://securelifts.com/impact-rated-garage-doors/riviera-beach,true,"Impact-Rated Garage Doors in Riviera Beach, FL | SecureLifts","SecureLifts provides professional impact-rated garage door service in Riviera Beach, including stronger storm-rated options, expert installation, and fast local response across South Florida. Call (866) 828-1818.",Impact-Rated Garage Doors in Riviera Beach,1237,39,Service|BreadcrumbList|FAQPage,false,true,false,false,impact-rated-garage-doors,MANUAL_REVIEW
https://securelifts.com/impact-rated-garage-doors/royal-palm-beach,/impact-rated-garage-doors/[city],impact-rated-garage-doors,royal-palm-beach,200,https://securelifts.com/impact-rated-garage-doors/royal-palm-beach,true,"Impact-Rated Garage Doors in Royal Palm Beach, FL | SecureLifts","SecureLifts provides professional impact-rated garage door service in Royal Palm Beach, including stronger storm-rated options, expert installation, and fast local response across South Florida. Call (866) 828-1818.",Impact-Rated Garage Doors in Royal Palm Beach,1260,39,Service|BreadcrumbList|FAQPage,false,true,false,false,impact-rated-garage-doors,MANUAL_REVIEW
https://securelifts.com/impact-rated-garage-doors/stuart,/impact-rated-garage-doors/[city],impact-rated-garage-doors,stuart,200,https://securelifts.com/impact-rated-garage-doors/stuart,true,"Impact-Rated Garage Doors in Stuart, FL | SecureLifts","SecureLifts provides professional impact-rated garage door service in Stuart, including stronger storm-rated options, expert installation, and fast local response across South Florida. Call (866) 828-1818.",Impact-Rated Garage Doors in Stuart,1184,39,Service|BreadcrumbList|FAQPage,false,true,false,false,impact-rated-garage-doors,MANUAL_REVIEW
https://securelifts.com/impact-rated-garage-doors/sunrise,/impact-rated-garage-doors/[city],impact-rated-garage-doors,sunrise,200,https://securelifts.com/impact-rated-garage-doors/sunrise,true,"Impact-Rated Garage Doors in Sunrise, FL | SecureLifts","SecureLifts provides professional impact-rated garage door service in Sunrise, including stronger storm-rated options, expert installation, and fast local response across South Florida. Call (866) 828-1818.",Impact-Rated Garage Doors in Sunrise,1164,39,Service|BreadcrumbList|FAQPage,false,true,false,false,impact-rated-garage-doors,MANUAL_REVIEW
https://securelifts.com/impact-rated-garage-doors/tamarac,/impact-rated-garage-doors/[city],impact-rated-garage-doors,tamarac,200,https://securelifts.com/impact-rated-garage-doors/tamarac,true,"Impact-Rated Garage Doors in Tamarac, FL | SecureLifts","SecureLifts provides professional impact-rated garage door service in Tamarac, including stronger storm-rated options, expert installation, and fast local response across South Florida. Call (866) 828-1818.",Impact-Rated Garage Doors in Tamarac,1169,39,Service|BreadcrumbList|FAQPage,false,true,false,false,impact-rated-garage-doors,MANUAL_REVIEW
https://securelifts.com/impact-rated-garage-doors/tequesta,/impact-rated-garage-doors/[city],impact-rated-garage-doors,tequesta,200,https://securelifts.com/impact-rated-garage-doors/tequesta,true,"Impact-Rated Garage Doors in Tequesta, FL | SecureLifts","SecureLifts provides professional impact-rated garage door service in Tequesta, including stronger storm-rated options, expert installation, and fast local response across South Florida. Call (866) 828-1818.",Impact-Rated Garage Doors in Tequesta,1179,39,Service|BreadcrumbList|FAQPage,false,true,false,false,impact-rated-garage-doors,MANUAL_REVIEW
https://securelifts.com/impact-rated-garage-doors/wellington,/impact-rated-garage-doors/[city],impact-rated-garage-doors,wellington,200,https://securelifts.com/impact-rated-garage-doors/wellington,true,"Impact-Rated Garage Doors in Wellington, FL | SecureLifts","SecureLifts provides professional impact-rated garage door service in Wellington, including stronger storm-rated options, expert installation, and fast local response across South Florida. Call (866) 828-1818.",Impact-Rated Garage Doors in Wellington,1184,39,Service|BreadcrumbList|FAQPage,false,true,false,false,impact-rated-garage-doors,MANUAL_REVIEW
https://securelifts.com/impact-rated-garage-doors/west-palm-beach,/impact-rated-garage-doors/[city],impact-rated-garage-doors,west-palm-beach,200,https://securelifts.com/impact-rated-garage-doors/west-palm-beach,true,"Impact-Rated Garage Doors in West Palm Beach, FL | SecureLifts","SecureLifts provides professional impact-rated garage door service in West Palm Beach, including stronger storm-rated options, expert installation, and fast local response across South Florida. Call (866) 828-1818.",Impact-Rated Garage Doors in West Palm Beach,1275,39,Service|BreadcrumbList|FAQPage,false,true,false,false,impact-rated-garage-doors,MANUAL_REVIEW
https://securelifts.com/industrial-door-installation/davie,/industrial-door-installation/[city],industrial-door-installation,davie,200,,true,SecureLifts Garage Doors | South Florida Garage Door Repair & Hurricane Doors,"SecureLifts provides garage door repair, opener repair, broken spring repair, garage door installation, hurricane-rated doors, and commercial garage door service across South Florida.",Industrial Door Installation in Davie,1038,27,,false,false,false,false,industrial-door-installation,MANUAL_REVIEW
https://securelifts.com/industrial-door-installation/miami,/industrial-door-installation/[city],industrial-door-installation,miami,200,,true,SecureLifts Garage Doors | South Florida Garage Door Repair & Hurricane Doors,"SecureLifts provides garage door repair, opener repair, broken spring repair, garage door installation, hurricane-rated doors, and commercial garage door service across South Florida.",Industrial Door Installation in Miami,1038,27,,false,false,false,false,industrial-door-installation,MANUAL_REVIEW
https://securelifts.com/industrial-door-installation/miramar,/industrial-door-installation/[city],industrial-door-installation,miramar,200,,true,SecureLifts Garage Doors | South Florida Garage Door Repair & Hurricane Doors,"SecureLifts provides garage door repair, opener repair, broken spring repair, garage door installation, hurricane-rated doors, and commercial garage door service across South Florida.",Industrial Door Installation in Miramar,1041,27,,false,false,false,false,industrial-door-installation,MANUAL_REVIEW
https://securelifts.com/industrial-door-installation/west-palm-beach,/industrial-door-installation/[city],industrial-door-installation,west-palm-beach,200,,true,SecureLifts Garage Doors | South Florida Garage Door Repair & Hurricane Doors,"SecureLifts provides garage door repair, opener repair, broken spring repair, garage door installation, hurricane-rated doors, and commercial garage door service across South Florida.",Industrial Door Installation in West Palm Beach,1103,27,,false,false,false,false,industrial-door-installation,MANUAL_REVIEW
https://securelifts.com/industrial-door-repair/davie,/industrial-door-repair/[city],industrial-door-repair,davie,200,,true,SecureLifts Garage Doors | South Florida Garage Door Repair & Hurricane Doors,"SecureLifts provides garage door repair, opener repair, broken spring repair, garage door installation, hurricane-rated doors, and commercial garage door service across South Florida.",Industrial Door Repair in Davie,1088,27,,false,false,false,false,industrial-door-repair,MANUAL_REVIEW
https://securelifts.com/industrial-door-repair/miami,/industrial-door-repair/[city],industrial-door-repair,miami,200,,true,SecureLifts Garage Doors | South Florida Garage Door Repair & Hurricane Doors,"SecureLifts provides garage door repair, opener repair, broken spring repair, garage door installation, hurricane-rated doors, and commercial garage door service across South Florida.",Industrial Door Repair in Miami,1088,27,,false,false,false,false,industrial-door-repair,MANUAL_REVIEW
https://securelifts.com/industrial-door-repair/miramar,/industrial-door-repair/[city],industrial-door-repair,miramar,200,,true,SecureLifts Garage Doors | South Florida Garage Door Repair & Hurricane Doors,"SecureLifts provides garage door repair, opener repair, broken spring repair, garage door installation, hurricane-rated doors, and commercial garage door service across South Florida.",Industrial Door Repair in Miramar,1091,27,,false,false,false,false,industrial-door-repair,MANUAL_REVIEW
https://securelifts.com/industrial-door-repair/west-palm-beach,/industrial-door-repair/[city],industrial-door-repair,west-palm-beach,200,,true,SecureLifts Garage Doors | South Florida Garage Door Repair & Hurricane Doors,"SecureLifts provides garage door repair, opener repair, broken spring repair, garage door installation, hurricane-rated doors, and commercial garage door service across South Florida.",Industrial Door Repair in West Palm Beach,1147,27,,false,false,false,false,industrial-door-repair,MANUAL_REVIEW
https://securelifts.com/miami-dade-rated-garage-doors/boca-raton,/miami-dade-rated-garage-doors/[city],miami-dade-rated-garage-doors,boca-raton,200,https://securelifts.com/miami-dade-rated-garage-doors/boca-raton,true,"Miami-Dade Rated Garage Doors in Boca Raton, FL | SecureLifts","SecureLifts provides professional Miami-Dade rated garage door service in Boca Raton, including stronger storm-rated options, expert installation, and fast local response across South Florida. Call (866) 828-1818.",Miami-Dade Rated Garage Doors in Boca Raton,1263,39,Service|BreadcrumbList|FAQPage,false,true,false,false,miami-dade-rated-garage-doors,MANUAL_REVIEW
https://securelifts.com/miami-dade-rated-garage-doors/boynton-beach,/miami-dade-rated-garage-doors/[city],miami-dade-rated-garage-doors,boynton-beach,200,https://securelifts.com/miami-dade-rated-garage-doors/boynton-beach,true,"Miami-Dade Rated Garage Doors in Boynton Beach, FL | SecureLifts","SecureLifts provides professional Miami-Dade rated garage door service in Boynton Beach, including stronger storm-rated options, expert installation, and fast local response across South Florida. Call (866) 828-1818.",Miami-Dade Rated Garage Doors in Boynton Beach,1258,39,Service|BreadcrumbList|FAQPage,false,true,false,false,miami-dade-rated-garage-doors,MANUAL_REVIEW
https://securelifts.com/miami-dade-rated-garage-doors/coral-springs,/miami-dade-rated-garage-doors/[city],miami-dade-rated-garage-doors,coral-springs,200,https://securelifts.com/miami-dade-rated-garage-doors/coral-springs,true,"Miami-Dade Rated Garage Doors in Coral Springs, FL | SecureLifts","SecureLifts provides professional Miami-Dade rated garage door service in Coral Springs, including stronger storm-rated options, expert installation, and fast local response across South Florida. Call (866) 828-1818.",Miami-Dade Rated Garage Doors in Coral Springs,1253,39,Service|BreadcrumbList|FAQPage,false,true,false,false,miami-dade-rated-garage-doors,MANUAL_REVIEW
https://securelifts.com/miami-dade-rated-garage-doors/cutler-bay,/miami-dade-rated-garage-doors/[city],miami-dade-rated-garage-doors,cutler-bay,200,https://securelifts.com/miami-dade-rated-garage-doors/cutler-bay,true,"Miami-Dade Rated Garage Doors in Cutler Bay, FL | SecureLifts","SecureLifts provides professional Miami-Dade rated garage door service in Cutler Bay, including stronger storm-rated options, expert installation, and fast local response across South Florida. Call (866) 828-1818.",Miami-Dade Rated Garage Doors in Cutler Bay,1253,39,Service|BreadcrumbList|FAQPage,false,true,false,false,miami-dade-rated-garage-doors,MANUAL_REVIEW
https://securelifts.com/miami-dade-rated-garage-doors/davie,/miami-dade-rated-garage-doors/[city],miami-dade-rated-garage-doors,davie,200,https://securelifts.com/miami-dade-rated-garage-doors/davie,true,"Miami-Dade Rated Garage Doors in Davie, FL | SecureLifts","SecureLifts provides professional Miami-Dade rated garage door service in Davie, including stronger storm-rated options, expert installation, and fast local response across South Florida. Call (866) 828-1818.",Miami-Dade Rated Garage Doors in Davie,1210,39,Service|BreadcrumbList|FAQPage,false,true,false,false,miami-dade-rated-garage-doors,MANUAL_REVIEW
https://securelifts.com/miami-dade-rated-garage-doors/deerfield-beach,/miami-dade-rated-garage-doors/[city],miami-dade-rated-garage-doors,deerfield-beach,200,https://securelifts.com/miami-dade-rated-garage-doors/deerfield-beach,true,"Miami-Dade Rated Garage Doors in Deerfield Beach, FL | SecureLifts","SecureLifts provides professional Miami-Dade rated garage door service in Deerfield Beach, including stronger storm-rated options, expert installation, and fast local response across South Florida. Call (866) 828-1818.",Miami-Dade Rated Garage Doors in Deerfield Beach,1258,39,Service|BreadcrumbList|FAQPage,false,true,false,false,miami-dade-rated-garage-doors,MANUAL_REVIEW
https://securelifts.com/miami-dade-rated-garage-doors/delray-beach,/miami-dade-rated-garage-doors/[city],miami-dade-rated-garage-doors,delray-beach,200,https://securelifts.com/miami-dade-rated-garage-doors/delray-beach,true,"Miami-Dade Rated Garage Doors in Delray Beach, FL | SecureLifts","SecureLifts provides professional Miami-Dade rated garage door service in Delray Beach, including stronger storm-rated options, expert installation, and fast local response across South Florida. Call (866) 828-1818.",Miami-Dade Rated Garage Doors in Delray Beach,1263,39,Service|BreadcrumbList|FAQPage,false,true,false,false,miami-dade-rated-garage-doors,MANUAL_REVIEW
https://securelifts.com/miami-dade-rated-garage-doors/doral,/miami-dade-rated-garage-doors/[city],miami-dade-rated-garage-doors,doral,200,https://securelifts.com/miami-dade-rated-garage-doors/doral,true,"Miami-Dade Rated Garage Doors in Doral, FL | SecureLifts","SecureLifts provides professional Miami-Dade rated garage door service in Doral, including stronger storm-rated options, expert installation, and fast local response across South Florida. Call (866) 828-1818.",Miami-Dade Rated Garage Doors in Doral,1205,39,Service|BreadcrumbList|FAQPage,false,true,false,false,miami-dade-rated-garage-doors,MANUAL_REVIEW
https://securelifts.com/miami-dade-rated-garage-doors/fort-lauderdale,/miami-dade-rated-garage-doors/[city],miami-dade-rated-garage-doors,fort-lauderdale,200,https://securelifts.com/miami-dade-rated-garage-doors/fort-lauderdale,true,"Miami-Dade Rated Garage Doors in Fort Lauderdale, FL | SecureLifts","SecureLifts provides professional Miami-Dade rated garage door service in Fort Lauderdale, including stronger storm-rated options, expert installation, and fast local response across South Florida. Call (866) 828-1818.",Miami-Dade Rated Garage Doors in Fort Lauderdale,1258,39,Service|BreadcrumbList|FAQPage,false,true,false,false,miami-dade-rated-garage-doors,MANUAL_REVIEW
https://securelifts.com/miami-dade-rated-garage-doors/greenacres,/miami-dade-rated-garage-doors/[city],miami-dade-rated-garage-doors,greenacres,200,https://securelifts.com/miami-dade-rated-garage-doors/greenacres,true,"Miami-Dade Rated Garage Doors in Greenacres, FL | SecureLifts","SecureLifts provides professional Miami-Dade rated garage door service in Greenacres, including stronger storm-rated options, expert installation, and fast local response across South Florida. Call (866) 828-1818.",Miami-Dade Rated Garage Doors in Greenacres,1225,39,Service|BreadcrumbList|FAQPage,false,true,false,false,miami-dade-rated-garage-doors,MANUAL_REVIEW
https://securelifts.com/miami-dade-rated-garage-doors/hialeah,/miami-dade-rated-garage-doors/[city],miami-dade-rated-garage-doors,hialeah,200,https://securelifts.com/miami-dade-rated-garage-doors/hialeah,true,"Miami-Dade Rated Garage Doors in Hialeah, FL | SecureLifts","SecureLifts provides professional Miami-Dade rated garage door service in Hialeah, including stronger storm-rated options, expert installation, and fast local response across South Florida. Call (866) 828-1818.",Miami-Dade Rated Garage Doors in Hialeah,1215,39,Service|BreadcrumbList|FAQPage,false,true,false,false,miami-dade-rated-garage-doors,MANUAL_REVIEW
https://securelifts.com/miami-dade-rated-garage-doors/highland-beach,/miami-dade-rated-garage-doors/[city],miami-dade-rated-garage-doors,highland-beach,200,https://securelifts.com/miami-dade-rated-garage-doors/highland-beach,true,"Miami-Dade Rated Garage Doors in Highland Beach, FL | SecureLifts","SecureLifts provides professional Miami-Dade rated garage door service in Highland Beach, including stronger storm-rated options, expert installation, and fast local response across South Florida. Call (866) 828-1818.",Miami-Dade Rated Garage Doors in Highland Beach,1263,39,Service|BreadcrumbList|FAQPage,false,true,false,false,miami-dade-rated-garage-doors,MANUAL_REVIEW
https://securelifts.com/miami-dade-rated-garage-doors/hollywood,/miami-dade-rated-garage-doors/[city],miami-dade-rated-garage-doors,hollywood,200,https://securelifts.com/miami-dade-rated-garage-doors/hollywood,true,"Miami-Dade Rated Garage Doors in Hollywood, FL | SecureLifts","SecureLifts provides professional Miami-Dade rated garage door service in Hollywood, including stronger storm-rated options, expert installation, and fast local response across South Florida. Call (866) 828-1818.",Miami-Dade Rated Garage Doors in Hollywood,1220,39,Service|BreadcrumbList|FAQPage,false,true,false,false,miami-dade-rated-garage-doors,MANUAL_REVIEW
https://securelifts.com/miami-dade-rated-garage-doors/homestead,/miami-dade-rated-garage-doors/[city],miami-dade-rated-garage-doors,homestead,200,https://securelifts.com/miami-dade-rated-garage-doors/homestead,true,"Miami-Dade Rated Garage Doors in Homestead, FL | SecureLifts","SecureLifts provides professional Miami-Dade rated garage door service in Homestead, including stronger storm-rated options, expert installation, and fast local response across South Florida. Call (866) 828-1818.",Miami-Dade Rated Garage Doors in Homestead,1215,39,Service|BreadcrumbList|FAQPage,false,true,false,false,miami-dade-rated-garage-doors,MANUAL_REVIEW
https://securelifts.com/miami-dade-rated-garage-doors/juno-beach,/miami-dade-rated-garage-doors/[city],miami-dade-rated-garage-doors,juno-beach,200,https://securelifts.com/miami-dade-rated-garage-doors/juno-beach,true,"Miami-Dade Rated Garage Doors in Juno Beach, FL | SecureLifts","SecureLifts provides professional Miami-Dade rated garage door service in Juno Beach, including stronger storm-rated options, expert installation, and fast local response across South Florida. Call (866) 828-1818.",Miami-Dade Rated Garage Doors in Juno Beach,1268,39,Service|BreadcrumbList|FAQPage,false,true,false,false,miami-dade-rated-garage-doors,MANUAL_REVIEW
https://securelifts.com/miami-dade-rated-garage-doors/jupiter,/miami-dade-rated-garage-doors/[city],miami-dade-rated-garage-doors,jupiter,200,https://securelifts.com/miami-dade-rated-garage-doors/jupiter,true,"Miami-Dade Rated Garage Doors in Jupiter, FL | SecureLifts","SecureLifts provides professional Miami-Dade rated garage door service in Jupiter, including stronger storm-rated options, expert installation, and fast local response across South Florida. Call (866) 828-1818.",Miami-Dade Rated Garage Doors in Jupiter,1220,39,Service|BreadcrumbList|FAQPage,false,true,false,false,miami-dade-rated-garage-doors,MANUAL_REVIEW
https://securelifts.com/miami-dade-rated-garage-doors/kendall,/miami-dade-rated-garage-doors/[city],miami-dade-rated-garage-doors,kendall,200,https://securelifts.com/miami-dade-rated-garage-doors/kendall,true,"Miami-Dade Rated Garage Doors in Kendall, FL | SecureLifts","SecureLifts provides professional Miami-Dade rated garage door service in Kendall, including stronger storm-rated options, expert installation, and fast local response across South Florida. Call (866) 828-1818.",Miami-Dade Rated Garage Doors in Kendall,1215,39,Service|BreadcrumbList|FAQPage,false,true,false,false,miami-dade-rated-garage-doors,MANUAL_REVIEW
https://securelifts.com/miami-dade-rated-garage-doors/lake-worth,/miami-dade-rated-garage-doors/[city],miami-dade-rated-garage-doors,lake-worth,200,https://securelifts.com/miami-dade-rated-garage-doors/lake-worth,true,"Miami-Dade Rated Garage Doors in Lake Worth, FL | SecureLifts","SecureLifts provides professional Miami-Dade rated garage door service in Lake Worth, including stronger storm-rated options, expert installation, and fast local response across South Florida. Call (866) 828-1818.",Miami-Dade Rated Garage Doors in Lake Worth,1263,39,Service|BreadcrumbList|FAQPage,false,true,false,false,miami-dade-rated-garage-doors,MANUAL_REVIEW
https://securelifts.com/miami-dade-rated-garage-doors/lauderhill,/miami-dade-rated-garage-doors/[city],miami-dade-rated-garage-doors,lauderhill,200,https://securelifts.com/miami-dade-rated-garage-doors/lauderhill,true,"Miami-Dade Rated Garage Doors in Lauderhill, FL | SecureLifts","SecureLifts provides professional Miami-Dade rated garage door service in Lauderhill, including stronger storm-rated options, expert installation, and fast local response across South Florida. Call (866) 828-1818.",Miami-Dade Rated Garage Doors in Lauderhill,1205,39,Service|BreadcrumbList|FAQPage,false,true,false,false,miami-dade-rated-garage-doors,MANUAL_REVIEW
https://securelifts.com/miami-dade-rated-garage-doors/lighthouse-point,/miami-dade-rated-garage-doors/[city],miami-dade-rated-garage-doors,lighthouse-point,200,https://securelifts.com/miami-dade-rated-garage-doors/lighthouse-point,true,"Miami-Dade Rated Garage Doors in Lighthouse Point, FL | SecureLifts","SecureLifts provides professional Miami-Dade rated garage door service in Lighthouse Point, including stronger storm-rated options, expert installation, and fast local response across South Florida. Call (866) 828-1818.",Miami-Dade Rated Garage Doors in Lighthouse Point,1263,39,Service|BreadcrumbList|FAQPage,false,true,false,false,miami-dade-rated-garage-doors,MANUAL_REVIEW
https://securelifts.com/miami-dade-rated-garage-doors/loxahatchee,/miami-dade-rated-garage-doors/[city],miami-dade-rated-garage-doors,loxahatchee,200,https://securelifts.com/miami-dade-rated-garage-doors/loxahatchee,true,"Miami-Dade Rated Garage Doors in Loxahatchee, FL | SecureLifts","SecureLifts provides professional Miami-Dade rated garage door service in Loxahatchee, including stronger storm-rated options, expert installation, and fast local response across South Florida. Call (866) 828-1818.",Miami-Dade Rated Garage Doors in Loxahatchee,1225,39,Service|BreadcrumbList|FAQPage,false,true,false,false,miami-dade-rated-garage-doors,MANUAL_REVIEW
https://securelifts.com/miami-dade-rated-garage-doors/miami,/miami-dade-rated-garage-doors/[city],miami-dade-rated-garage-doors,miami,200,https://securelifts.com/miami-dade-rated-garage-doors/miami,true,"Miami-Dade Rated Garage Doors in Miami, FL | SecureLifts","SecureLifts provides professional Miami-Dade rated garage door service in Miami, including stronger storm-rated options, expert installation, and fast local response across South Florida. Call (866) 828-1818.",Miami-Dade Rated Garage Doors in Miami,1210,39,Service|BreadcrumbList|FAQPage,false,true,false,false,miami-dade-rated-garage-doors,MANUAL_REVIEW
https://securelifts.com/miami-dade-rated-garage-doors/miami-beach,/miami-dade-rated-garage-doors/[city],miami-dade-rated-garage-doors,miami-beach,200,https://securelifts.com/miami-dade-rated-garage-doors/miami-beach,true,"Miami-Dade Rated Garage Doors in Miami Beach, FL | SecureLifts","SecureLifts provides professional Miami-Dade rated garage door service in Miami Beach, including stronger storm-rated options, expert installation, and fast local response across South Florida. Call (866) 828-1818.",Miami-Dade Rated Garage Doors in Miami Beach,1253,39,Service|BreadcrumbList|FAQPage,false,true,false,false,miami-dade-rated-garage-doors,MANUAL_REVIEW
https://securelifts.com/miami-dade-rated-garage-doors/miramar,/miami-dade-rated-garage-doors/[city],miami-dade-rated-garage-doors,miramar,200,https://securelifts.com/miami-dade-rated-garage-doors/miramar,true,"Miami-Dade Rated Garage Doors in Miramar, FL | SecureLifts","SecureLifts provides professional Miami-Dade rated garage door service in Miramar, including stronger storm-rated options, expert installation, and fast local response across South Florida. Call (866) 828-1818.",Miami-Dade Rated Garage Doors in Miramar,1215,39,Service|BreadcrumbList|FAQPage,false,true,false,false,miami-dade-rated-garage-doors,MANUAL_REVIEW
https://securelifts.com/miami-dade-rated-garage-doors/north-palm-beach,/miami-dade-rated-garage-doors/[city],miami-dade-rated-garage-doors,north-palm-beach,200,https://securelifts.com/miami-dade-rated-garage-doors/north-palm-beach,true,"Miami-Dade Rated Garage Doors in North Palm Beach, FL | SecureLifts","SecureLifts provides professional Miami-Dade rated garage door service in North Palm Beach, including stronger storm-rated options, expert installation, and fast local response across South Florida. Call (866) 828-1818.",Miami-Dade Rated Garage Doors in North Palm Beach,1311,39,Service|BreadcrumbList|FAQPage,false,true,false,false,miami-dade-rated-garage-doors,MANUAL_REVIEW
https://securelifts.com/miami-dade-rated-garage-doors/oakland-park,/miami-dade-rated-garage-doors/[city],miami-dade-rated-garage-doors,oakland-park,200,https://securelifts.com/miami-dade-rated-garage-doors/oakland-park,true,"Miami-Dade Rated Garage Doors in Oakland Park, FL | SecureLifts","SecureLifts provides professional Miami-Dade rated garage door service in Oakland Park, including stronger storm-rated options, expert installation, and fast local response across South Florida. Call (866) 828-1818.",Miami-Dade Rated Garage Doors in Oakland Park,1263,39,Service|BreadcrumbList|FAQPage,false,true,false,false,miami-dade-rated-garage-doors,MANUAL_REVIEW
https://securelifts.com/miami-dade-rated-garage-doors/palm-beach,/miami-dade-rated-garage-doors/[city],miami-dade-rated-garage-doors,palm-beach,200,https://securelifts.com/miami-dade-rated-garage-doors/palm-beach,true,"Miami-Dade Rated Garage Doors in Palm Beach, FL | SecureLifts","SecureLifts provides professional Miami-Dade rated garage door service in Palm Beach, including stronger storm-rated options, expert installation, and fast local response across South Florida. Call (866) 828-1818.",Miami-Dade Rated Garage Doors in Palm Beach,1273,39,Service|BreadcrumbList|FAQPage,false,true,false,false,miami-dade-rated-garage-doors,MANUAL_REVIEW
https://securelifts.com/miami-dade-rated-garage-doors/palm-beach-gardens,/miami-dade-rated-garage-doors/[city],miami-dade-rated-garage-doors,palm-beach-gardens,200,https://securelifts.com/miami-dade-rated-garage-doors/palm-beach-gardens,true,"Miami-Dade Rated Garage Doors in Palm Beach Gardens, FL | SecureLifts","SecureLifts provides professional Miami-Dade rated garage door service in Palm Beach Gardens, including stronger storm-rated options, expert installation, and fast local response across South Florida. Call (866) 828-1818.",Miami-Dade Rated Garage Doors in Palm Beach Gardens,1311,39,Service|BreadcrumbList|FAQPage,false,true,false,false,miami-dade-rated-garage-doors,MANUAL_REVIEW
https://securelifts.com/miami-dade-rated-garage-doors/parkland,/miami-dade-rated-garage-doors/[city],miami-dade-rated-garage-doors,parkland,200,https://securelifts.com/miami-dade-rated-garage-doors/parkland,true,"Miami-Dade Rated Garage Doors in Parkland, FL | SecureLifts","SecureLifts provides professional Miami-Dade rated garage door service in Parkland, including stronger storm-rated options, expert installation, and fast local response across South Florida. Call (866) 828-1818.",Miami-Dade Rated Garage Doors in Parkland,1220,39,Service|BreadcrumbList|FAQPage,false,true,false,false,miami-dade-rated-garage-doors,MANUAL_REVIEW
https://securelifts.com/miami-dade-rated-garage-doors/pembroke-pines,/miami-dade-rated-garage-doors/[city],miami-dade-rated-garage-doors,pembroke-pines,200,https://securelifts.com/miami-dade-rated-garage-doors/pembroke-pines,true,"Miami-Dade Rated Garage Doors in Pembroke Pines, FL | SecureLifts","SecureLifts provides professional Miami-Dade rated garage door service in Pembroke Pines, including stronger storm-rated options, expert installation, and fast local response across South Florida. Call (866) 828-1818.",Miami-Dade Rated Garage Doors in Pembroke Pines,1248,39,Service|BreadcrumbList|FAQPage,false,true,false,false,miami-dade-rated-garage-doors,MANUAL_REVIEW
https://securelifts.com/miami-dade-rated-garage-doors/plantation,/miami-dade-rated-garage-doors/[city],miami-dade-rated-garage-doors,plantation,200,https://securelifts.com/miami-dade-rated-garage-doors/plantation,true,"Miami-Dade Rated Garage Doors in Plantation, FL | SecureLifts","SecureLifts provides professional Miami-Dade rated garage door service in Plantation, including stronger storm-rated options, expert installation, and fast local response across South Florida. Call (866) 828-1818.",Miami-Dade Rated Garage Doors in Plantation,1210,39,Service|BreadcrumbList|FAQPage,false,true,false,false,miami-dade-rated-garage-doors,MANUAL_REVIEW
https://securelifts.com/miami-dade-rated-garage-doors/pompano-beach,/miami-dade-rated-garage-doors/[city],miami-dade-rated-garage-doors,pompano-beach,200,https://securelifts.com/miami-dade-rated-garage-doors/pompano-beach,true,"Miami-Dade Rated Garage Doors in Pompano Beach, FL | SecureLifts","SecureLifts provides professional Miami-Dade rated garage door service in Pompano Beach, including stronger storm-rated options, expert installation, and fast local response across South Florida. Call (866) 828-1818.",Miami-Dade Rated Garage Doors in Pompano Beach,1263,39,Service|BreadcrumbList|FAQPage,false,true,false,false,miami-dade-rated-garage-doors,MANUAL_REVIEW
https://securelifts.com/miami-dade-rated-garage-doors/port-st-lucie,/miami-dade-rated-garage-doors/[city],miami-dade-rated-garage-doors,port-st-lucie,200,https://securelifts.com/miami-dade-rated-garage-doors/port-st-lucie,true,"Miami-Dade Rated Garage Doors in Port St. Lucie, FL | SecureLifts","SecureLifts provides professional Miami-Dade rated garage door service in Port St. Lucie, including stronger storm-rated options, expert installation, and fast local response across South Florida. Call (866) 828-1818.",Miami-Dade Rated Garage Doors in Port St. Lucie,1301,39,Service|BreadcrumbList|FAQPage,false,true,false,false,miami-dade-rated-garage-doors,MANUAL_REVIEW
https://securelifts.com/miami-dade-rated-garage-doors/riviera-beach,/miami-dade-rated-garage-doors/[city],miami-dade-rated-garage-doors,riviera-beach,200,https://securelifts.com/miami-dade-rated-garage-doors/riviera-beach,true,"Miami-Dade Rated Garage Doors in Riviera Beach, FL | SecureLifts","SecureLifts provides professional Miami-Dade rated garage door service in Riviera Beach, including stronger storm-rated options, expert installation, and fast local response across South Florida. Call (866) 828-1818.",Miami-Dade Rated Garage Doors in Riviera Beach,1278,39,Service|BreadcrumbList|FAQPage,false,true,false,false,miami-dade-rated-garage-doors,MANUAL_REVIEW
https://securelifts.com/miami-dade-rated-garage-doors/royal-palm-beach,/miami-dade-rated-garage-doors/[city],miami-dade-rated-garage-doors,royal-palm-beach,200,https://securelifts.com/miami-dade-rated-garage-doors/royal-palm-beach,true,"Miami-Dade Rated Garage Doors in Royal Palm Beach, FL | SecureLifts","SecureLifts provides professional Miami-Dade rated garage door service in Royal Palm Beach, including stronger storm-rated options, expert installation, and fast local response across South Florida. Call (866) 828-1818.",Miami-Dade Rated Garage Doors in Royal Palm Beach,1301,39,Service|BreadcrumbList|FAQPage,false,true,false,false,miami-dade-rated-garage-doors,MANUAL_REVIEW
https://securelifts.com/miami-dade-rated-garage-doors/stuart,/miami-dade-rated-garage-doors/[city],miami-dade-rated-garage-doors,stuart,200,https://securelifts.com/miami-dade-rated-garage-doors/stuart,true,"Miami-Dade Rated Garage Doors in Stuart, FL | SecureLifts","SecureLifts provides professional Miami-Dade rated garage door service in Stuart, including stronger storm-rated options, expert installation, and fast local response across South Florida. Call (866) 828-1818.",Miami-Dade Rated Garage Doors in Stuart,1225,39,Service|BreadcrumbList|FAQPage,false,true,false,false,miami-dade-rated-garage-doors,MANUAL_REVIEW
https://securelifts.com/miami-dade-rated-garage-doors/sunrise,/miami-dade-rated-garage-doors/[city],miami-dade-rated-garage-doors,sunrise,200,https://securelifts.com/miami-dade-rated-garage-doors/sunrise,true,"Miami-Dade Rated Garage Doors in Sunrise, FL | SecureLifts","SecureLifts provides professional Miami-Dade rated garage door service in Sunrise, including stronger storm-rated options, expert installation, and fast local response across South Florida. Call (866) 828-1818.",Miami-Dade Rated Garage Doors in Sunrise,1205,39,Service|BreadcrumbList|FAQPage,false,true,false,false,miami-dade-rated-garage-doors,MANUAL_REVIEW
https://securelifts.com/miami-dade-rated-garage-doors/tamarac,/miami-dade-rated-garage-doors/[city],miami-dade-rated-garage-doors,tamarac,200,https://securelifts.com/miami-dade-rated-garage-doors/tamarac,true,"Miami-Dade Rated Garage Doors in Tamarac, FL | SecureLifts","SecureLifts provides professional Miami-Dade rated garage door service in Tamarac, including stronger storm-rated options, expert installation, and fast local response across South Florida. Call (866) 828-1818.",Miami-Dade Rated Garage Doors in Tamarac,1210,39,Service|BreadcrumbList|FAQPage,false,true,false,false,miami-dade-rated-garage-doors,MANUAL_REVIEW
https://securelifts.com/miami-dade-rated-garage-doors/tequesta,/miami-dade-rated-garage-doors/[city],miami-dade-rated-garage-doors,tequesta,200,https://securelifts.com/miami-dade-rated-garage-doors/tequesta,true,"Miami-Dade Rated Garage Doors in Tequesta, FL | SecureLifts","SecureLifts provides professional Miami-Dade rated garage door service in Tequesta, including stronger storm-rated options, expert installation, and fast local response across South Florida. Call (866) 828-1818.",Miami-Dade Rated Garage Doors in Tequesta,1220,39,Service|BreadcrumbList|FAQPage,false,true,false,false,miami-dade-rated-garage-doors,MANUAL_REVIEW
https://securelifts.com/miami-dade-rated-garage-doors/wellington,/miami-dade-rated-garage-doors/[city],miami-dade-rated-garage-doors,wellington,200,https://securelifts.com/miami-dade-rated-garage-doors/wellington,true,"Miami-Dade Rated Garage Doors in Wellington, FL | SecureLifts","SecureLifts provides professional Miami-Dade rated garage door service in Wellington, including stronger storm-rated options, expert installation, and fast local response across South Florida. Call (866) 828-1818.",Miami-Dade Rated Garage Doors in Wellington,1225,39,Service|BreadcrumbList|FAQPage,false,true,false,false,miami-dade-rated-garage-doors,MANUAL_REVIEW
https://securelifts.com/miami-dade-rated-garage-doors/west-palm-beach,/miami-dade-rated-garage-doors/[city],miami-dade-rated-garage-doors,west-palm-beach,200,https://securelifts.com/miami-dade-rated-garage-doors/west-palm-beach,true,"Miami-Dade Rated Garage Doors in West Palm Beach, FL | SecureLifts","SecureLifts provides professional Miami-Dade rated garage door service in West Palm Beach, including stronger storm-rated options, expert installation, and fast local response across South Florida. Call (866) 828-1818.",Miami-Dade Rated Garage Doors in West Palm Beach,1316,39,Service|BreadcrumbList|FAQPage,false,true,false,false,miami-dade-rated-garage-doors,MANUAL_REVIEW
https://securelifts.com/spring-replacement/aventura,/spring-replacement/[city],spring-replacement,aventura,200,https://securelifts.com/spring-replacement/aventura,true,"Garage Door Spring Replacement in Aventura, FL | SecureLifts","SecureLifts provides garage door spring replacement in Aventura, FL with proper spring sizing, high-cycle options, balancing, and safety checks.",Spring Replacement in Aventura,461,29,Service|FAQPage|BreadcrumbList,false,false,false,false,spring-replacement,MANUAL_REVIEW
https://securelifts.com/spring-replacement/boca-raton,/spring-replacement/[city],spring-replacement,boca-raton,200,https://securelifts.com/spring-replacement/boca-raton,true,"Garage Door Spring Replacement in Boca Raton, FL | SecureLifts","SecureLifts provides garage door spring replacement in Boca Raton, FL with proper spring sizing, high-cycle options, balancing, and safety checks.",Spring Replacement in Boca Raton,466,29,Service|FAQPage|BreadcrumbList,false,false,false,false,spring-replacement,MANUAL_REVIEW
https://securelifts.com/spring-replacement/boynton-beach,/spring-replacement/[city],spring-replacement,boynton-beach,200,https://securelifts.com/spring-replacement/boynton-beach,true,"Garage Door Spring Replacement in Boynton Beach, FL | SecureLifts","SecureLifts provides garage door spring replacement in Boynton Beach, FL with proper spring sizing, high-cycle options, balancing, and safety checks.",Spring Replacement in Boynton Beach,465,29,Service|FAQPage|BreadcrumbList,false,false,false,false,spring-replacement,MANUAL_REVIEW
https://securelifts.com/spring-replacement/coral-gables,/spring-replacement/[city],spring-replacement,coral-gables,200,https://securelifts.com/spring-replacement/coral-gables,true,"Garage Door Spring Replacement in Coral Gables, FL | SecureLifts","SecureLifts provides garage door spring replacement in Coral Gables, FL with proper spring sizing, high-cycle options, balancing, and safety checks.",Spring Replacement in Coral Gables,471,29,Service|FAQPage|BreadcrumbList,false,false,false,false,spring-replacement,MANUAL_REVIEW
https://securelifts.com/spring-replacement/coral-springs,/spring-replacement/[city],spring-replacement,coral-springs,200,https://securelifts.com/spring-replacement/coral-springs,true,"Garage Door Spring Replacement in Coral Springs, FL | SecureLifts","SecureLifts provides garage door spring replacement in Coral Springs, FL with proper spring sizing, high-cycle options, balancing, and safety checks.",Spring Replacement in Coral Springs,471,29,Service|FAQPage|BreadcrumbList,false,false,false,false,spring-replacement,MANUAL_REVIEW
https://securelifts.com/spring-replacement/cutler-bay,/spring-replacement/[city],spring-replacement,cutler-bay,200,https://securelifts.com/spring-replacement/cutler-bay,true,"Garage Door Spring Replacement in Cutler Bay, FL | SecureLifts","SecureLifts provides garage door spring replacement in Cutler Bay, FL with proper spring sizing, high-cycle options, balancing, and safety checks.",Spring Replacement in Cutler Bay,471,29,Service|FAQPage|BreadcrumbList,false,false,false,false,spring-replacement,MANUAL_REVIEW
https://securelifts.com/spring-replacement/davie,/spring-replacement/[city],spring-replacement,davie,200,https://securelifts.com/spring-replacement/davie,true,"Garage Door Spring Replacement in Davie, FL | SecureLifts","SecureLifts provides garage door spring replacement in Davie, FL with proper spring sizing, high-cycle options, balancing, and safety checks.",Spring Replacement in Davie,445,27,Service|FAQPage|BreadcrumbList,false,false,false,false,spring-replacement,MANUAL_REVIEW
https://securelifts.com/spring-replacement/deerfield-beach,/spring-replacement/[city],spring-replacement,deerfield-beach,200,https://securelifts.com/spring-replacement/deerfield-beach,true,"Garage Door Spring Replacement in Deerfield Beach, FL | SecureLifts","SecureLifts provides garage door spring replacement in Deerfield Beach, FL with proper spring sizing, high-cycle options, balancing, and safety checks.",Spring Replacement in Deerfield Beach,471,29,Service|FAQPage|BreadcrumbList,false,false,false,false,spring-replacement,MANUAL_REVIEW
https://securelifts.com/spring-replacement/delray-beach,/spring-replacement/[city],spring-replacement,delray-beach,200,https://securelifts.com/spring-replacement/delray-beach,true,"Garage Door Spring Replacement in Delray Beach, FL | SecureLifts","SecureLifts provides garage door spring replacement in Delray Beach, FL with proper spring sizing, high-cycle options, balancing, and safety checks.",Spring Replacement in Delray Beach,464,29,Service|FAQPage|BreadcrumbList,false,false,false,false,spring-replacement,MANUAL_REVIEW
https://securelifts.com/spring-replacement/doral,/spring-replacement/[city],spring-replacement,doral,200,https://securelifts.com/spring-replacement/doral,true,"Garage Door Spring Replacement in Doral, FL | SecureLifts","SecureLifts provides garage door spring replacement in Doral, FL with proper spring sizing, high-cycle options, balancing, and safety checks.",Spring Replacement in Doral,459,29,Service|FAQPage|BreadcrumbList,false,false,false,false,spring-replacement,MANUAL_REVIEW
https://securelifts.com/spring-replacement/fort-lauderdale,/spring-replacement/[city],spring-replacement,fort-lauderdale,200,https://securelifts.com/spring-replacement/fort-lauderdale,true,"Garage Door Spring Replacement in Fort Lauderdale, FL | SecureLifts","SecureLifts provides garage door spring replacement in Fort Lauderdale, FL with proper spring sizing, high-cycle options, balancing, and safety checks.",Spring Replacement in Fort Lauderdale,468,29,Service|FAQPage|BreadcrumbList,false,false,false,false,spring-replacement,MANUAL_REVIEW
https://securelifts.com/spring-replacement/greenacres,/spring-replacement/[city],spring-replacement,greenacres,200,https://securelifts.com/spring-replacement/greenacres,true,"Garage Door Spring Replacement in Greenacres, FL | SecureLifts","SecureLifts provides garage door spring replacement in Greenacres, FL with proper spring sizing, high-cycle options, balancing, and safety checks.",Spring Replacement in Greenacres,461,29,Service|FAQPage|BreadcrumbList,false,false,false,false,spring-replacement,MANUAL_REVIEW
https://securelifts.com/spring-replacement/hallandale-beach,/spring-replacement/[city],spring-replacement,hallandale-beach,200,https://securelifts.com/spring-replacement/hallandale-beach,true,"Garage Door Spring Replacement in Hallandale Beach, FL | SecureLifts","SecureLifts provides garage door spring replacement in Hallandale Beach, FL with proper spring sizing, high-cycle options, balancing, and safety checks.",Spring Replacement in Hallandale Beach,463,28,Service|FAQPage|BreadcrumbList,false,false,false,false,spring-replacement,MANUAL_REVIEW
https://securelifts.com/spring-replacement/hialeah,/spring-replacement/[city],spring-replacement,hialeah,200,https://securelifts.com/spring-replacement/hialeah,true,"Garage Door Spring Replacement in Hialeah, FL | SecureLifts","SecureLifts provides garage door spring replacement in Hialeah, FL with proper spring sizing, high-cycle options, balancing, and safety checks.",Spring Replacement in Hialeah,461,29,Service|FAQPage|BreadcrumbList,false,false,false,false,spring-replacement,MANUAL_REVIEW
https://securelifts.com/spring-replacement/hialeah-gardens,/spring-replacement/[city],spring-replacement,hialeah-gardens,200,https://securelifts.com/spring-replacement/hialeah-gardens,true,"Garage Door Spring Replacement in Hialeah Gardens, FL | SecureLifts","SecureLifts provides garage door spring replacement in Hialeah Gardens, FL with proper spring sizing, high-cycle options, balancing, and safety checks.",Spring Replacement in Hialeah Gardens,471,29,Service|FAQPage|BreadcrumbList,false,false,false,false,spring-replacement,MANUAL_REVIEW
https://securelifts.com/spring-replacement/highland-beach,/spring-replacement/[city],spring-replacement,highland-beach,200,https://securelifts.com/spring-replacement/highland-beach,true,"Garage Door Spring Replacement in Highland Beach, FL | SecureLifts","SecureLifts provides garage door spring replacement in Highland Beach, FL with proper spring sizing, high-cycle options, balancing, and safety checks.",Spring Replacement in Highland Beach,471,29,Service|FAQPage|BreadcrumbList,false,false,false,false,spring-replacement,MANUAL_REVIEW
https://securelifts.com/spring-replacement/hollywood,/spring-replacement/[city],spring-replacement,hollywood,200,https://securelifts.com/spring-replacement/hollywood,true,"Garage Door Spring Replacement in Hollywood, FL | SecureLifts","SecureLifts provides garage door spring replacement in Hollywood, FL with proper spring sizing, high-cycle options, balancing, and safety checks.",Spring Replacement in Hollywood,461,29,Service|FAQPage|BreadcrumbList,false,false,false,false,spring-replacement,MANUAL_REVIEW
https://securelifts.com/spring-replacement/homestead,/spring-replacement/[city],spring-replacement,homestead,200,https://securelifts.com/spring-replacement/homestead,true,"Garage Door Spring Replacement in Homestead, FL | SecureLifts","SecureLifts provides garage door spring replacement in Homestead, FL with proper spring sizing, high-cycle options, balancing, and safety checks.",Spring Replacement in Homestead,459,29,Service|FAQPage|BreadcrumbList,false,false,false,false,spring-replacement,MANUAL_REVIEW
https://securelifts.com/spring-replacement/juno-beach,/spring-replacement/[city],spring-replacement,juno-beach,200,https://securelifts.com/spring-replacement/juno-beach,true,"Garage Door Spring Replacement in Juno Beach, FL | SecureLifts","SecureLifts provides garage door spring replacement in Juno Beach, FL with proper spring sizing, high-cycle options, balancing, and safety checks.",Spring Replacement in Juno Beach,471,29,Service|FAQPage|BreadcrumbList,false,false,false,false,spring-replacement,MANUAL_REVIEW
https://securelifts.com/spring-replacement/jupiter,/spring-replacement/[city],spring-replacement,jupiter,200,https://securelifts.com/spring-replacement/jupiter,true,"Garage Door Spring Replacement in Jupiter, FL | SecureLifts","SecureLifts provides garage door spring replacement in Jupiter, FL with proper spring sizing, high-cycle options, balancing, and safety checks.",Spring Replacement in Jupiter,457,29,Service|FAQPage|BreadcrumbList,false,false,false,false,spring-replacement,MANUAL_REVIEW
https://securelifts.com/spring-replacement/kendall,/spring-replacement/[city],spring-replacement,kendall,200,https://securelifts.com/spring-replacement/kendall,true,"Garage Door Spring Replacement in Kendall, FL | SecureLifts","SecureLifts provides garage door spring replacement in Kendall, FL with proper spring sizing, high-cycle options, balancing, and safety checks.",Spring Replacement in Kendall,461,29,Service|FAQPage|BreadcrumbList,false,false,false,false,spring-replacement,MANUAL_REVIEW
https://securelifts.com/spring-replacement/lake-worth,/spring-replacement/[city],spring-replacement,lake-worth,200,https://securelifts.com/spring-replacement/lake-worth,true,"Garage Door Spring Replacement in Lake Worth, FL | SecureLifts","SecureLifts provides garage door spring replacement in Lake Worth, FL with proper spring sizing, high-cycle options, balancing, and safety checks.",Spring Replacement in Lake Worth,471,29,Service|FAQPage|BreadcrumbList,false,false,false,false,spring-replacement,MANUAL_REVIEW
https://securelifts.com/spring-replacement/lauderhill,/spring-replacement/[city],spring-replacement,lauderhill,200,https://securelifts.com/spring-replacement/lauderhill,true,"Garage Door Spring Replacement in Lauderhill, FL | SecureLifts","SecureLifts provides garage door spring replacement in Lauderhill, FL with proper spring sizing, high-cycle options, balancing, and safety checks.",Spring Replacement in Lauderhill,461,29,Service|FAQPage|BreadcrumbList,false,false,false,false,spring-replacement,MANUAL_REVIEW
https://securelifts.com/spring-replacement/lighthouse-point,/spring-replacement/[city],spring-replacement,lighthouse-point,200,https://securelifts.com/spring-replacement/lighthouse-point,true,"Garage Door Spring Replacement in Lighthouse Point, FL | SecureLifts","SecureLifts provides garage door spring replacement in Lighthouse Point, FL with proper spring sizing, high-cycle options, balancing, and safety checks.",Spring Replacement in Lighthouse Point,471,29,Service|FAQPage|BreadcrumbList,false,false,false,false,spring-replacement,MANUAL_REVIEW
https://securelifts.com/spring-replacement/loxahatchee,/spring-replacement/[city],spring-replacement,loxahatchee,200,https://securelifts.com/spring-replacement/loxahatchee,true,"Garage Door Spring Replacement in Loxahatchee, FL | SecureLifts","SecureLifts provides garage door spring replacement in Loxahatchee, FL with proper spring sizing, high-cycle options, balancing, and safety checks.",Spring Replacement in Loxahatchee,461,29,Service|FAQPage|BreadcrumbList,false,false,false,false,spring-replacement,MANUAL_REVIEW
https://securelifts.com/spring-replacement/medley,/spring-replacement/[city],spring-replacement,medley,200,https://securelifts.com/spring-replacement/medley,true,"Garage Door Spring Replacement in Medley, FL | SecureLifts","SecureLifts provides garage door spring replacement in Medley, FL with proper spring sizing, high-cycle options, balancing, and safety checks.",Spring Replacement in Medley,458,29,Service|FAQPage|BreadcrumbList,false,false,false,false,spring-replacement,MANUAL_REVIEW
https://securelifts.com/spring-replacement/miami,/spring-replacement/[city],spring-replacement,miami,200,https://securelifts.com/spring-replacement/miami,true,"Garage Door Spring Replacement in Miami, FL | SecureLifts","SecureLifts provides garage door spring replacement in Miami, FL with proper spring sizing, high-cycle options, balancing, and safety checks.",Spring Replacement in Miami,491,32,Service|FAQPage|BreadcrumbList,false,false,true,true,spring-replacement,IMPROVE
https://securelifts.com/spring-replacement/miami-beach,/spring-replacement/[city],spring-replacement,miami-beach,200,https://securelifts.com/spring-replacement/miami-beach,true,"Garage Door Spring Replacement in Miami Beach, FL | SecureLifts","SecureLifts provides garage door spring replacement in Miami Beach, FL with proper spring sizing, high-cycle options, balancing, and safety checks.",Spring Replacement in Miami Beach,485,30,Service|FAQPage|BreadcrumbList,false,false,true,true,spring-replacement,IMPROVE
https://securelifts.com/spring-replacement/miami-gardens,/spring-replacement/[city],spring-replacement,miami-gardens,200,https://securelifts.com/spring-replacement/miami-gardens,true,"Garage Door Spring Replacement in Miami Gardens, FL | SecureLifts","SecureLifts provides garage door spring replacement in Miami Gardens, FL with proper spring sizing, high-cycle options, balancing, and safety checks.",Spring Replacement in Miami Gardens,471,29,Service|FAQPage|BreadcrumbList,false,false,false,false,spring-replacement,MANUAL_REVIEW
https://securelifts.com/spring-replacement/miami-lakes,/spring-replacement/[city],spring-replacement,miami-lakes,200,https://securelifts.com/spring-replacement/miami-lakes,true,"Garage Door Spring Replacement in Miami Lakes, FL | SecureLifts","SecureLifts provides garage door spring replacement in Miami Lakes, FL with proper spring sizing, high-cycle options, balancing, and safety checks.",Spring Replacement in Miami Lakes,471,29,Service|FAQPage|BreadcrumbList,false,false,false,false,spring-replacement,MANUAL_REVIEW
https://securelifts.com/spring-replacement/miramar,/spring-replacement/[city],spring-replacement,miramar,200,https://securelifts.com/spring-replacement/miramar,true,"Garage Door Spring Replacement in Miramar, FL | SecureLifts","SecureLifts provides garage door spring replacement in Miramar, FL with proper spring sizing, high-cycle options, balancing, and safety checks.",Spring Replacement in Miramar,453,28,Service|FAQPage|BreadcrumbList,false,false,false,false,spring-replacement,MANUAL_REVIEW
https://securelifts.com/spring-replacement/north-palm-beach,/spring-replacement/[city],spring-replacement,north-palm-beach,200,https://securelifts.com/spring-replacement/north-palm-beach,true,"Garage Door Spring Replacement in North Palm Beach, FL | SecureLifts","SecureLifts provides garage door spring replacement in North Palm Beach, FL with proper spring sizing, high-cycle options, balancing, and safety checks.",Spring Replacement in North Palm Beach,481,29,Service|FAQPage|BreadcrumbList,false,false,false,false,spring-replacement,MANUAL_REVIEW
https://securelifts.com/spring-replacement/oakland-park,/spring-replacement/[city],spring-replacement,oakland-park,200,https://securelifts.com/spring-replacement/oakland-park,true,"Garage Door Spring Replacement in Oakland Park, FL | SecureLifts","SecureLifts provides garage door spring replacement in Oakland Park, FL with proper spring sizing, high-cycle options, balancing, and safety checks.",Spring Replacement in Oakland Park,471,29,Service|FAQPage|BreadcrumbList,false,false,false,false,spring-replacement,MANUAL_REVIEW
https://securelifts.com/spring-replacement/palm-beach,/spring-replacement/[city],spring-replacement,palm-beach,200,https://securelifts.com/spring-replacement/palm-beach,true,"Garage Door Spring Replacement in Palm Beach, FL | SecureLifts","SecureLifts provides garage door spring replacement in Palm Beach, FL with proper spring sizing, high-cycle options, balancing, and safety checks.",Spring Replacement in Palm Beach,471,29,Service|FAQPage|BreadcrumbList,false,false,false,false,spring-replacement,MANUAL_REVIEW
https://securelifts.com/spring-replacement/palm-beach-gardens,/spring-replacement/[city],spring-replacement,palm-beach-gardens,200,https://securelifts.com/spring-replacement/palm-beach-gardens,true,"Garage Door Spring Replacement in Palm Beach Gardens, FL | SecureLifts","SecureLifts provides garage door spring replacement in Palm Beach Gardens, FL with proper spring sizing, high-cycle options, balancing, and safety checks.",Spring Replacement in Palm Beach Gardens,476,29,Service|FAQPage|BreadcrumbList,false,false,false,false,spring-replacement,MANUAL_REVIEW
https://securelifts.com/spring-replacement/palmetto-bay,/spring-replacement/[city],spring-replacement,palmetto-bay,200,https://securelifts.com/spring-replacement/palmetto-bay,true,"Garage Door Spring Replacement in Palmetto Bay, FL | SecureLifts","SecureLifts provides garage door spring replacement in Palmetto Bay, FL with proper spring sizing, high-cycle options, balancing, and safety checks.",Spring Replacement in Palmetto Bay,471,29,Service|FAQPage|BreadcrumbList,false,false,false,false,spring-replacement,MANUAL_REVIEW
https://securelifts.com/spring-replacement/parkland,/spring-replacement/[city],spring-replacement,parkland,200,https://securelifts.com/spring-replacement/parkland,true,"Garage Door Spring Replacement in Parkland, FL | SecureLifts","SecureLifts provides garage door spring replacement in Parkland, FL with proper spring sizing, high-cycle options, balancing, and safety checks.",Spring Replacement in Parkland,461,29,Service|FAQPage|BreadcrumbList,false,false,false,false,spring-replacement,MANUAL_REVIEW
https://securelifts.com/spring-replacement/pembroke-pines,/spring-replacement/[city],spring-replacement,pembroke-pines,200,https://securelifts.com/spring-replacement/pembroke-pines,true,"Garage Door Spring Replacement in Pembroke Pines, FL | SecureLifts","SecureLifts provides garage door spring replacement in Pembroke Pines, FL with proper spring sizing, high-cycle options, balancing, and safety checks.",Spring Replacement in Pembroke Pines,471,29,Service|FAQPage|BreadcrumbList,false,false,false,false,spring-replacement,MANUAL_REVIEW
https://securelifts.com/spring-replacement/pinecrest,/spring-replacement/[city],spring-replacement,pinecrest,200,https://securelifts.com/spring-replacement/pinecrest,true,"Garage Door Spring Replacement in Pinecrest, FL | SecureLifts","SecureLifts provides garage door spring replacement in Pinecrest, FL with proper spring sizing, high-cycle options, balancing, and safety checks.",Spring Replacement in Pinecrest,459,29,Service|FAQPage|BreadcrumbList,false,false,false,false,spring-replacement,MANUAL_REVIEW
https://securelifts.com/spring-replacement/plantation,/spring-replacement/[city],spring-replacement,plantation,200,https://securelifts.com/spring-replacement/plantation,true,"Garage Door Spring Replacement in Plantation, FL | SecureLifts","SecureLifts provides garage door spring replacement in Plantation, FL with proper spring sizing, high-cycle options, balancing, and safety checks.",Spring Replacement in Plantation,461,29,Service|FAQPage|BreadcrumbList,false,false,false,false,spring-replacement,MANUAL_REVIEW
https://securelifts.com/spring-replacement/pompano-beach,/spring-replacement/[city],spring-replacement,pompano-beach,200,https://securelifts.com/spring-replacement/pompano-beach,true,"Garage Door Spring Replacement in Pompano Beach, FL | SecureLifts","SecureLifts provides garage door spring replacement in Pompano Beach, FL with proper spring sizing, high-cycle options, balancing, and safety checks.",Spring Replacement in Pompano Beach,471,29,Service|FAQPage|BreadcrumbList,false,false,false,false,spring-replacement,MANUAL_REVIEW
https://securelifts.com/spring-replacement/port-st-lucie,/spring-replacement/[city],spring-replacement,port-st-lucie,200,https://securelifts.com/spring-replacement/port-st-lucie,true,"Garage Door Spring Replacement in Port St Lucie, FL | SecureLifts","SecureLifts provides garage door spring replacement in Port St Lucie, FL with proper spring sizing, high-cycle options, balancing, and safety checks.",Spring Replacement in Port St Lucie,481,29,Service|FAQPage|BreadcrumbList,false,false,false,false,spring-replacement,MANUAL_REVIEW
https://securelifts.com/spring-replacement/riviera-beach,/spring-replacement/[city],spring-replacement,riviera-beach,200,https://securelifts.com/spring-replacement/riviera-beach,true,"Garage Door Spring Replacement in Riviera Beach, FL | SecureLifts","SecureLifts provides garage door spring replacement in Riviera Beach, FL with proper spring sizing, high-cycle options, balancing, and safety checks.",Spring Replacement in Riviera Beach,471,29,Service|FAQPage|BreadcrumbList,false,false,false,false,spring-replacement,MANUAL_REVIEW
https://securelifts.com/spring-replacement/royal-palm-beach,/spring-replacement/[city],spring-replacement,royal-palm-beach,200,https://securelifts.com/spring-replacement/royal-palm-beach,true,"Garage Door Spring Replacement in Royal Palm Beach, FL | SecureLifts","SecureLifts provides garage door spring replacement in Royal Palm Beach, FL with proper spring sizing, high-cycle options, balancing, and safety checks.",Spring Replacement in Royal Palm Beach,477,29,Service|FAQPage|BreadcrumbList,false,false,false,false,spring-replacement,MANUAL_REVIEW
https://securelifts.com/spring-replacement/stuart,/spring-replacement/[city],spring-replacement,stuart,200,https://securelifts.com/spring-replacement/stuart,true,"Garage Door Spring Replacement in Stuart, FL | SecureLifts","SecureLifts provides garage door spring replacement in Stuart, FL with proper spring sizing, high-cycle options, balancing, and safety checks.",Spring Replacement in Stuart,461,29,Service|FAQPage|BreadcrumbList,false,false,false,false,spring-replacement,MANUAL_REVIEW
https://securelifts.com/spring-replacement/sunny-isles-beach,/spring-replacement/[city],spring-replacement,sunny-isles-beach,200,https://securelifts.com/spring-replacement/sunny-isles-beach,true,"Garage Door Spring Replacement in Sunny Isles Beach, FL | SecureLifts","SecureLifts provides garage door spring replacement in Sunny Isles Beach, FL with proper spring sizing, high-cycle options, balancing, and safety checks.",Spring Replacement in Sunny Isles Beach,481,29,Service|FAQPage|BreadcrumbList,false,false,false,false,spring-replacement,MANUAL_REVIEW
https://securelifts.com/spring-replacement/sunrise,/spring-replacement/[city],spring-replacement,sunrise,200,https://securelifts.com/spring-replacement/sunrise,true,"Garage Door Spring Replacement in Sunrise, FL | SecureLifts","SecureLifts provides garage door spring replacement in Sunrise, FL with proper spring sizing, high-cycle options, balancing, and safety checks.",Spring Replacement in Sunrise,461,29,Service|FAQPage|BreadcrumbList,false,false,false,false,spring-replacement,MANUAL_REVIEW
https://securelifts.com/spring-replacement/tamarac,/spring-replacement/[city],spring-replacement,tamarac,200,https://securelifts.com/spring-replacement/tamarac,true,"Garage Door Spring Replacement in Tamarac, FL | SecureLifts","SecureLifts provides garage door spring replacement in Tamarac, FL with proper spring sizing, high-cycle options, balancing, and safety checks.",Spring Replacement in Tamarac,461,29,Service|FAQPage|BreadcrumbList,false,false,false,false,spring-replacement,MANUAL_REVIEW
https://securelifts.com/spring-replacement/tequesta,/spring-replacement/[city],spring-replacement,tequesta,200,https://securelifts.com/spring-replacement/tequesta,true,"Garage Door Spring Replacement in Tequesta, FL | SecureLifts","SecureLifts provides garage door spring replacement in Tequesta, FL with proper spring sizing, high-cycle options, balancing, and safety checks.",Spring Replacement in Tequesta,461,29,Service|FAQPage|BreadcrumbList,false,false,false,false,spring-replacement,MANUAL_REVIEW
https://securelifts.com/spring-replacement/wellington,/spring-replacement/[city],spring-replacement,wellington,200,https://securelifts.com/spring-replacement/wellington,true,"Garage Door Spring Replacement in Wellington, FL | SecureLifts","SecureLifts provides garage door spring replacement in Wellington, FL with proper spring sizing, high-cycle options, balancing, and safety checks.",Spring Replacement in Wellington,456,29,Service|FAQPage|BreadcrumbList,false,false,false,false,spring-replacement,MANUAL_REVIEW
https://securelifts.com/spring-replacement/west-palm-beach,/spring-replacement/[city],spring-replacement,west-palm-beach,200,https://securelifts.com/spring-replacement/west-palm-beach,true,"Garage Door Spring Replacement in West Palm Beach, FL | SecureLifts","SecureLifts provides garage door spring replacement in West Palm Beach, FL with proper spring sizing, high-cycle options, balancing, and safety checks.",Spring Replacement in West Palm Beach,481,29,Service|FAQPage|BreadcrumbList,false,false,false,false,spring-replacement,MANUAL_REVIEW
https://securelifts.com/spring-replacement/weston,/spring-replacement/[city],spring-replacement,weston,200,https://securelifts.com/spring-replacement/weston,true,"Garage Door Spring Replacement in Weston, FL | SecureLifts","SecureLifts provides garage door spring replacement in Weston, FL with proper spring sizing, high-cycle options, balancing, and safety checks.",Spring Replacement in Weston,461,29,Service|FAQPage|BreadcrumbList,false,false,false,false,spring-replacement,MANUAL_REVIEW
https://securelifts.com/spring-replacement/wilton-manors,/spring-replacement/[city],spring-replacement,wilton-manors,200,https://securelifts.com/spring-replacement/wilton-manors,true,"Garage Door Spring Replacement in Wilton Manors, FL | SecureLifts","SecureLifts provides garage door spring replacement in Wilton Manors, FL with proper spring sizing, high-cycle options, balancing, and safety checks.",Spring Replacement in Wilton Manors,471,29,Service|FAQPage|BreadcrumbList,false,false,false,false,spring-replacement,MANUAL_REVIEW
https://securelifts.com/warehouse-door-repair/davie,/warehouse-door-repair/[city],warehouse-door-repair,davie,200,,true,SecureLifts Garage Doors | South Florida Garage Door Repair & Hurricane Doors,"SecureLifts provides garage door repair, opener repair, broken spring repair, garage door installation, hurricane-rated doors, and commercial garage door service across South Florida.",Warehouse Door Repair in Davie,1059,27,,false,false,false,false,warehouse-door-repair,MANUAL_REVIEW
https://securelifts.com/warehouse-door-repair/miami,/warehouse-door-repair/[city],warehouse-door-repair,miami,200,,true,SecureLifts Garage Doors | South Florida Garage Door Repair & Hurricane Doors,"SecureLifts provides garage door repair, opener repair, broken spring repair, garage door installation, hurricane-rated doors, and commercial garage door service across South Florida.",Warehouse Door Repair in Miami,1059,27,,false,false,false,false,warehouse-door-repair,MANUAL_REVIEW
https://securelifts.com/warehouse-door-repair/miramar,/warehouse-door-repair/[city],warehouse-door-repair,miramar,200,,true,SecureLifts Garage Doors | South Florida Garage Door Repair & Hurricane Doors,"SecureLifts provides garage door repair, opener repair, broken spring repair, garage door installation, hurricane-rated doors, and commercial garage door service across South Florida.",Warehouse Door Repair in Miramar,1062,27,,false,false,false,false,warehouse-door-repair,MANUAL_REVIEW
https://securelifts.com/warehouse-door-repair/west-palm-beach,/warehouse-door-repair/[city],warehouse-door-repair,west-palm-beach,200,,true,SecureLifts Garage Doors | South Florida Garage Door Repair & Hurricane Doors,"SecureLifts provides garage door repair, opener repair, broken spring repair, garage door installation, hurricane-rated doors, and commercial garage door service across South Florida.",Warehouse Door Repair in West Palm Beach,1118,27,,false,false,false,false,warehouse-door-repair,MANUAL_REVIEW
https://securelifts.com/wind-rated-garage-doors/boca-raton,/wind-rated-garage-doors/[city],wind-rated-garage-doors,boca-raton,200,https://securelifts.com/wind-rated-garage-doors/boca-raton,true,"Wind-Rated Garage Doors in Boca Raton, FL | SecureLifts","SecureLifts installs wind-rated garage doors in Boca Raton, FL built for stronger pressure resistance, storm protection, daily reliability, and curb appeal. Call (866) 828-1818.","Wind-Rated Garage Doors in Boca Raton , FL",1178,34,Service|BreadcrumbList,false,true,false,false,wind-rated-garage-doors,MANUAL_REVIEW
https://securelifts.com/wind-rated-garage-doors/boynton-beach,/wind-rated-garage-doors/[city],wind-rated-garage-doors,boynton-beach,200,https://securelifts.com/wind-rated-garage-doors/boynton-beach,true,"Wind-Rated Garage Doors in Boynton Beach, FL | SecureLifts","SecureLifts installs wind-rated garage doors in Boynton Beach, FL built for stronger pressure resistance, storm protection, daily reliability, and curb appeal. Call (866) 828-1818.","Wind-Rated Garage Doors in Boynton Beach , FL",1183,34,Service|BreadcrumbList,false,true,false,false,wind-rated-garage-doors,MANUAL_REVIEW
https://securelifts.com/wind-rated-garage-doors/coral-springs,/wind-rated-garage-doors/[city],wind-rated-garage-doors,coral-springs,200,https://securelifts.com/wind-rated-garage-doors/coral-springs,true,"Wind-Rated Garage Doors in Coral Springs, FL | SecureLifts","SecureLifts installs wind-rated garage doors in Coral Springs, FL built for stronger pressure resistance, storm protection, daily reliability, and curb appeal. Call (866) 828-1818.","Wind-Rated Garage Doors in Coral Springs , FL",1183,34,Service|BreadcrumbList,false,true,false,false,wind-rated-garage-doors,MANUAL_REVIEW
https://securelifts.com/wind-rated-garage-doors/cutler-bay,/wind-rated-garage-doors/[city],wind-rated-garage-doors,cutler-bay,200,https://securelifts.com/wind-rated-garage-doors/cutler-bay,true,"Wind-Rated Garage Doors in Cutler Bay, FL | SecureLifts","SecureLifts installs wind-rated garage doors in Cutler Bay, FL built for stronger pressure resistance, storm protection, daily reliability, and curb appeal. Call (866) 828-1818.","Wind-Rated Garage Doors in Cutler Bay , FL",1183,34,Service|BreadcrumbList,false,true,false,false,wind-rated-garage-doors,MANUAL_REVIEW
https://securelifts.com/wind-rated-garage-doors/davie,/wind-rated-garage-doors/[city],wind-rated-garage-doors,davie,200,https://securelifts.com/wind-rated-garage-doors/davie,true,"Wind-Rated Garage Doors in Davie, FL | SecureLifts","SecureLifts installs wind-rated garage doors in Davie, FL built for stronger pressure resistance, storm protection, daily reliability, and curb appeal. Call (866) 828-1818.","Wind-Rated Garage Doors in Davie , FL",1160,34,Service|BreadcrumbList,false,true,false,false,wind-rated-garage-doors,MANUAL_REVIEW
https://securelifts.com/wind-rated-garage-doors/deerfield-beach,/wind-rated-garage-doors/[city],wind-rated-garage-doors,deerfield-beach,200,https://securelifts.com/wind-rated-garage-doors/deerfield-beach,true,"Wind-Rated Garage Doors in Deerfield Beach, FL | SecureLifts","SecureLifts installs wind-rated garage doors in Deerfield Beach, FL built for stronger pressure resistance, storm protection, daily reliability, and curb appeal. Call (866) 828-1818.","Wind-Rated Garage Doors in Deerfield Beach , FL",1183,34,Service|BreadcrumbList,false,true,false,false,wind-rated-garage-doors,MANUAL_REVIEW
https://securelifts.com/wind-rated-garage-doors/delray-beach,/wind-rated-garage-doors/[city],wind-rated-garage-doors,delray-beach,200,https://securelifts.com/wind-rated-garage-doors/delray-beach,true,"Wind-Rated Garage Doors in Delray Beach, FL | SecureLifts","SecureLifts installs wind-rated garage doors in Delray Beach, FL built for stronger pressure resistance, storm protection, daily reliability, and curb appeal. Call (866) 828-1818.","Wind-Rated Garage Doors in Delray Beach , FL",1183,34,Service|BreadcrumbList,false,true,false,false,wind-rated-garage-doors,MANUAL_REVIEW
https://securelifts.com/wind-rated-garage-doors/doral,/wind-rated-garage-doors/[city],wind-rated-garage-doors,doral,200,https://securelifts.com/wind-rated-garage-doors/doral,true,"Wind-Rated Garage Doors in Doral, FL | SecureLifts","SecureLifts installs wind-rated garage doors in Doral, FL built for stronger pressure resistance, storm protection, daily reliability, and curb appeal. Call (866) 828-1818.","Wind-Rated Garage Doors in Doral , FL",1160,34,Service|BreadcrumbList,false,true,false,false,wind-rated-garage-doors,MANUAL_REVIEW
https://securelifts.com/wind-rated-garage-doors/fort-lauderdale,/wind-rated-garage-doors/[city],wind-rated-garage-doors,fort-lauderdale,200,https://securelifts.com/wind-rated-garage-doors/fort-lauderdale,true,"Wind-Rated Garage Doors in Fort Lauderdale, FL | SecureLifts","SecureLifts installs wind-rated garage doors in Fort Lauderdale, FL built for stronger pressure resistance, storm protection, daily reliability, and curb appeal. Call (866) 828-1818.","Wind-Rated Garage Doors in Fort Lauderdale , FL",1200,34,Service|BreadcrumbList,false,true,false,false,wind-rated-garage-doors,MANUAL_REVIEW
https://securelifts.com/wind-rated-garage-doors/greenacres,/wind-rated-garage-doors/[city],wind-rated-garage-doors,greenacres,200,https://securelifts.com/wind-rated-garage-doors/greenacres,true,"Wind-Rated Garage Doors in Greenacres, FL | SecureLifts","SecureLifts installs wind-rated garage doors in Greenacres, FL built for stronger pressure resistance, storm protection, daily reliability, and curb appeal. Call (866) 828-1818.","Wind-Rated Garage Doors in Greenacres , FL",1160,34,Service|BreadcrumbList,false,true,false,false,wind-rated-garage-doors,MANUAL_REVIEW
https://securelifts.com/wind-rated-garage-doors/hialeah,/wind-rated-garage-doors/[city],wind-rated-garage-doors,hialeah,200,https://securelifts.com/wind-rated-garage-doors/hialeah,true,"Wind-Rated Garage Doors in Hialeah, FL | SecureLifts","SecureLifts installs wind-rated garage doors in Hialeah, FL built for stronger pressure resistance, storm protection, daily reliability, and curb appeal. Call (866) 828-1818.","Wind-Rated Garage Doors in Hialeah , FL",1160,34,Service|BreadcrumbList,false,true,false,false,wind-rated-garage-doors,MANUAL_REVIEW
https://securelifts.com/wind-rated-garage-doors/highland-beach,/wind-rated-garage-doors/[city],wind-rated-garage-doors,highland-beach,200,https://securelifts.com/wind-rated-garage-doors/highland-beach,true,"Wind-Rated Garage Doors in Highland Beach, FL | SecureLifts","SecureLifts installs wind-rated garage doors in Highland Beach, FL built for stronger pressure resistance, storm protection, daily reliability, and curb appeal. Call (866) 828-1818.","Wind-Rated Garage Doors in Highland Beach , FL",1183,34,Service|BreadcrumbList,false,true,false,false,wind-rated-garage-doors,MANUAL_REVIEW
https://securelifts.com/wind-rated-garage-doors/hollywood,/wind-rated-garage-doors/[city],wind-rated-garage-doors,hollywood,200,https://securelifts.com/wind-rated-garage-doors/hollywood,true,"Wind-Rated Garage Doors in Hollywood, FL | SecureLifts","SecureLifts installs wind-rated garage doors in Hollywood, FL built for stronger pressure resistance, storm protection, daily reliability, and curb appeal. Call (866) 828-1818.","Wind-Rated Garage Doors in Hollywood , FL",1160,34,Service|BreadcrumbList,false,true,false,false,wind-rated-garage-doors,MANUAL_REVIEW
https://securelifts.com/wind-rated-garage-doors/homestead,/wind-rated-garage-doors/[city],wind-rated-garage-doors,homestead,200,https://securelifts.com/wind-rated-garage-doors/homestead,true,"Wind-Rated Garage Doors in Homestead, FL | SecureLifts","SecureLifts installs wind-rated garage doors in Homestead, FL built for stronger pressure resistance, storm protection, daily reliability, and curb appeal. Call (866) 828-1818.","Wind-Rated Garage Doors in Homestead , FL",1160,34,Service|BreadcrumbList,false,true,false,false,wind-rated-garage-doors,MANUAL_REVIEW
https://securelifts.com/wind-rated-garage-doors/juno-beach,/wind-rated-garage-doors/[city],wind-rated-garage-doors,juno-beach,200,https://securelifts.com/wind-rated-garage-doors/juno-beach,true,"Wind-Rated Garage Doors in Juno Beach, FL | SecureLifts","SecureLifts installs wind-rated garage doors in Juno Beach, FL built for stronger pressure resistance, storm protection, daily reliability, and curb appeal. Call (866) 828-1818.","Wind-Rated Garage Doors in Juno Beach , FL",1183,34,Service|BreadcrumbList,false,true,false,false,wind-rated-garage-doors,MANUAL_REVIEW
https://securelifts.com/wind-rated-garage-doors/jupiter,/wind-rated-garage-doors/[city],wind-rated-garage-doors,jupiter,200,https://securelifts.com/wind-rated-garage-doors/jupiter,true,"Wind-Rated Garage Doors in Jupiter, FL | SecureLifts","SecureLifts installs wind-rated garage doors in Jupiter, FL built for stronger pressure resistance, storm protection, daily reliability, and curb appeal. Call (866) 828-1818.","Wind-Rated Garage Doors in Jupiter , FL",1160,34,Service|BreadcrumbList,false,true,false,false,wind-rated-garage-doors,MANUAL_REVIEW
https://securelifts.com/wind-rated-garage-doors/kendall,/wind-rated-garage-doors/[city],wind-rated-garage-doors,kendall,200,https://securelifts.com/wind-rated-garage-doors/kendall,true,"Wind-Rated Garage Doors in Kendall, FL | SecureLifts","SecureLifts installs wind-rated garage doors in Kendall, FL built for stronger pressure resistance, storm protection, daily reliability, and curb appeal. Call (866) 828-1818.","Wind-Rated Garage Doors in Kendall , FL",1160,34,Service|BreadcrumbList,false,true,false,false,wind-rated-garage-doors,MANUAL_REVIEW
https://securelifts.com/wind-rated-garage-doors/lake-worth,/wind-rated-garage-doors/[city],wind-rated-garage-doors,lake-worth,200,https://securelifts.com/wind-rated-garage-doors/lake-worth,true,"Wind-Rated Garage Doors in Lake Worth, FL | SecureLifts","SecureLifts installs wind-rated garage doors in Lake Worth, FL built for stronger pressure resistance, storm protection, daily reliability, and curb appeal. Call (866) 828-1818.","Wind-Rated Garage Doors in Lake Worth , FL",1183,34,Service|BreadcrumbList,false,true,false,false,wind-rated-garage-doors,MANUAL_REVIEW
https://securelifts.com/wind-rated-garage-doors/lauderhill,/wind-rated-garage-doors/[city],wind-rated-garage-doors,lauderhill,200,https://securelifts.com/wind-rated-garage-doors/lauderhill,true,"Wind-Rated Garage Doors in Lauderhill, FL | SecureLifts","SecureLifts installs wind-rated garage doors in Lauderhill, FL built for stronger pressure resistance, storm protection, daily reliability, and curb appeal. Call (866) 828-1818.","Wind-Rated Garage Doors in Lauderhill , FL",1160,34,Service|BreadcrumbList,false,true,false,false,wind-rated-garage-doors,MANUAL_REVIEW
https://securelifts.com/wind-rated-garage-doors/lighthouse-point,/wind-rated-garage-doors/[city],wind-rated-garage-doors,lighthouse-point,200,https://securelifts.com/wind-rated-garage-doors/lighthouse-point,true,"Wind-Rated Garage Doors in Lighthouse Point, FL | SecureLifts","SecureLifts installs wind-rated garage doors in Lighthouse Point, FL built for stronger pressure resistance, storm protection, daily reliability, and curb appeal. Call (866) 828-1818.","Wind-Rated Garage Doors in Lighthouse Point , FL",1183,34,Service|BreadcrumbList,false,true,false,false,wind-rated-garage-doors,MANUAL_REVIEW
https://securelifts.com/wind-rated-garage-doors/loxahatchee,/wind-rated-garage-doors/[city],wind-rated-garage-doors,loxahatchee,200,https://securelifts.com/wind-rated-garage-doors/loxahatchee,true,"Wind-Rated Garage Doors in Loxahatchee, FL | SecureLifts","SecureLifts installs wind-rated garage doors in Loxahatchee, FL built for stronger pressure resistance, storm protection, daily reliability, and curb appeal. Call (866) 828-1818.","Wind-Rated Garage Doors in Loxahatchee , FL",1160,34,Service|BreadcrumbList,false,true,false,false,wind-rated-garage-doors,MANUAL_REVIEW
https://securelifts.com/wind-rated-garage-doors/miami,/wind-rated-garage-doors/[city],wind-rated-garage-doors,miami,200,https://securelifts.com/wind-rated-garage-doors/miami,true,"Wind-Rated Garage Doors in Miami, FL | SecureLifts","SecureLifts installs wind-rated garage doors in Miami, FL built for stronger pressure resistance, storm protection, daily reliability, and curb appeal. Call (866) 828-1818.","Wind-Rated Garage Doors in Miami , FL",1160,34,Service|BreadcrumbList,false,true,false,false,wind-rated-garage-doors,MANUAL_REVIEW
https://securelifts.com/wind-rated-garage-doors/miami-beach,/wind-rated-garage-doors/[city],wind-rated-garage-doors,miami-beach,200,https://securelifts.com/wind-rated-garage-doors/miami-beach,true,"Wind-Rated Garage Doors in Miami Beach, FL | SecureLifts","SecureLifts installs wind-rated garage doors in Miami Beach, FL built for stronger pressure resistance, storm protection, daily reliability, and curb appeal. Call (866) 828-1818.","Wind-Rated Garage Doors in Miami Beach , FL",1183,34,Service|BreadcrumbList,false,true,false,false,wind-rated-garage-doors,MANUAL_REVIEW
https://securelifts.com/wind-rated-garage-doors/miramar,/wind-rated-garage-doors/[city],wind-rated-garage-doors,miramar,200,https://securelifts.com/wind-rated-garage-doors/miramar,true,"Wind-Rated Garage Doors in Miramar, FL | SecureLifts","SecureLifts installs wind-rated garage doors in Miramar, FL built for stronger pressure resistance, storm protection, daily reliability, and curb appeal. Call (866) 828-1818.","Wind-Rated Garage Doors in Miramar , FL",1160,34,Service|BreadcrumbList,false,true,false,false,wind-rated-garage-doors,MANUAL_REVIEW
https://securelifts.com/wind-rated-garage-doors/north-palm-beach,/wind-rated-garage-doors/[city],wind-rated-garage-doors,north-palm-beach,200,https://securelifts.com/wind-rated-garage-doors/north-palm-beach,true,"Wind-Rated Garage Doors in North Palm Beach, FL | SecureLifts","SecureLifts installs wind-rated garage doors in North Palm Beach, FL built for stronger pressure resistance, storm protection, daily reliability, and curb appeal. Call (866) 828-1818.","Wind-Rated Garage Doors in North Palm Beach , FL",1211,34,Service|BreadcrumbList,false,true,false,false,wind-rated-garage-doors,MANUAL_REVIEW
https://securelifts.com/wind-rated-garage-doors/oakland-park,/wind-rated-garage-doors/[city],wind-rated-garage-doors,oakland-park,200,https://securelifts.com/wind-rated-garage-doors/oakland-park,true,"Wind-Rated Garage Doors in Oakland Park, FL | SecureLifts","SecureLifts installs wind-rated garage doors in Oakland Park, FL built for stronger pressure resistance, storm protection, daily reliability, and curb appeal. Call (866) 828-1818.","Wind-Rated Garage Doors in Oakland Park , FL",1183,34,Service|BreadcrumbList,false,true,false,false,wind-rated-garage-doors,MANUAL_REVIEW
https://securelifts.com/wind-rated-garage-doors/palm-beach,/wind-rated-garage-doors/[city],wind-rated-garage-doors,palm-beach,200,https://securelifts.com/wind-rated-garage-doors/palm-beach,true,"Wind-Rated Garage Doors in Palm Beach, FL | SecureLifts","SecureLifts installs wind-rated garage doors in Palm Beach, FL built for stronger pressure resistance, storm protection, daily reliability, and curb appeal. Call (866) 828-1818.","Wind-Rated Garage Doors in Palm Beach , FL",1183,34,Service|BreadcrumbList,false,true,false,false,wind-rated-garage-doors,MANUAL_REVIEW
https://securelifts.com/wind-rated-garage-doors/palm-beach-gardens,/wind-rated-garage-doors/[city],wind-rated-garage-doors,palm-beach-gardens,200,https://securelifts.com/wind-rated-garage-doors/palm-beach-gardens,true,"Wind-Rated Garage Doors in Palm Beach Gardens, FL | SecureLifts","SecureLifts installs wind-rated garage doors in Palm Beach Gardens, FL built for stronger pressure resistance, storm protection, daily reliability, and curb appeal. Call (866) 828-1818.","Wind-Rated Garage Doors in Palm Beach Gardens , FL",1206,34,Service|BreadcrumbList,false,true,false,false,wind-rated-garage-doors,MANUAL_REVIEW
https://securelifts.com/wind-rated-garage-doors/parkland,/wind-rated-garage-doors/[city],wind-rated-garage-doors,parkland,200,https://securelifts.com/wind-rated-garage-doors/parkland,true,"Wind-Rated Garage Doors in Parkland, FL | SecureLifts","SecureLifts installs wind-rated garage doors in Parkland, FL built for stronger pressure resistance, storm protection, daily reliability, and curb appeal. Call (866) 828-1818.","Wind-Rated Garage Doors in Parkland , FL",1160,34,Service|BreadcrumbList,false,true,false,false,wind-rated-garage-doors,MANUAL_REVIEW
https://securelifts.com/wind-rated-garage-doors/pembroke-pines,/wind-rated-garage-doors/[city],wind-rated-garage-doors,pembroke-pines,200,https://securelifts.com/wind-rated-garage-doors/pembroke-pines,true,"Wind-Rated Garage Doors in Pembroke Pines, FL | SecureLifts","SecureLifts installs wind-rated garage doors in Pembroke Pines, FL built for stronger pressure resistance, storm protection, daily reliability, and curb appeal. Call (866) 828-1818.","Wind-Rated Garage Doors in Pembroke Pines , FL",1183,34,Service|BreadcrumbList,false,true,false,false,wind-rated-garage-doors,MANUAL_REVIEW
https://securelifts.com/wind-rated-garage-doors/plantation,/wind-rated-garage-doors/[city],wind-rated-garage-doors,plantation,200,https://securelifts.com/wind-rated-garage-doors/plantation,true,"Wind-Rated Garage Doors in Plantation, FL | SecureLifts","SecureLifts installs wind-rated garage doors in Plantation, FL built for stronger pressure resistance, storm protection, daily reliability, and curb appeal. Call (866) 828-1818.","Wind-Rated Garage Doors in Plantation , FL",1160,34,Service|BreadcrumbList,false,true,false,false,wind-rated-garage-doors,MANUAL_REVIEW
https://securelifts.com/wind-rated-garage-doors/pompano-beach,/wind-rated-garage-doors/[city],wind-rated-garage-doors,pompano-beach,200,https://securelifts.com/wind-rated-garage-doors/pompano-beach,true,"Wind-Rated Garage Doors in Pompano Beach, FL | SecureLifts","SecureLifts installs wind-rated garage doors in Pompano Beach, FL built for stronger pressure resistance, storm protection, daily reliability, and curb appeal. Call (866) 828-1818.","Wind-Rated Garage Doors in Pompano Beach , FL",1183,34,Service|BreadcrumbList,false,true,false,false,wind-rated-garage-doors,MANUAL_REVIEW
https://securelifts.com/wind-rated-garage-doors/port-st-lucie,/wind-rated-garage-doors/[city],wind-rated-garage-doors,port-st-lucie,200,https://securelifts.com/wind-rated-garage-doors/port-st-lucie,true,"Wind-Rated Garage Doors in Port St Lucie, FL | SecureLifts","SecureLifts installs wind-rated garage doors in Port St Lucie, FL built for stronger pressure resistance, storm protection, daily reliability, and curb appeal. Call (866) 828-1818.","Wind-Rated Garage Doors in Port St Lucie , FL",1206,34,Service|BreadcrumbList,false,true,false,false,wind-rated-garage-doors,MANUAL_REVIEW
https://securelifts.com/wind-rated-garage-doors/riviera-beach,/wind-rated-garage-doors/[city],wind-rated-garage-doors,riviera-beach,200,https://securelifts.com/wind-rated-garage-doors/riviera-beach,true,"Wind-Rated Garage Doors in Riviera Beach, FL | SecureLifts","SecureLifts installs wind-rated garage doors in Riviera Beach, FL built for stronger pressure resistance, storm protection, daily reliability, and curb appeal. Call (866) 828-1818.","Wind-Rated Garage Doors in Riviera Beach , FL",1183,34,Service|BreadcrumbList,false,true,false,false,wind-rated-garage-doors,MANUAL_REVIEW
https://securelifts.com/wind-rated-garage-doors/royal-palm-beach,/wind-rated-garage-doors/[city],wind-rated-garage-doors,royal-palm-beach,200,https://securelifts.com/wind-rated-garage-doors/royal-palm-beach,true,"Wind-Rated Garage Doors in Royal Palm Beach, FL | SecureLifts","SecureLifts installs wind-rated garage doors in Royal Palm Beach, FL built for stronger pressure resistance, storm protection, daily reliability, and curb appeal. Call (866) 828-1818.","Wind-Rated Garage Doors in Royal Palm Beach , FL",1209,34,Service|BreadcrumbList,false,true,false,false,wind-rated-garage-doors,MANUAL_REVIEW
https://securelifts.com/wind-rated-garage-doors/stuart,/wind-rated-garage-doors/[city],wind-rated-garage-doors,stuart,200,https://securelifts.com/wind-rated-garage-doors/stuart,true,"Wind-Rated Garage Doors in Stuart, FL | SecureLifts","SecureLifts installs wind-rated garage doors in Stuart, FL built for stronger pressure resistance, storm protection, daily reliability, and curb appeal. Call (866) 828-1818.","Wind-Rated Garage Doors in Stuart , FL",1160,34,Service|BreadcrumbList,false,true,false,false,wind-rated-garage-doors,MANUAL_REVIEW
https://securelifts.com/wind-rated-garage-doors/sunrise,/wind-rated-garage-doors/[city],wind-rated-garage-doors,sunrise,200,https://securelifts.com/wind-rated-garage-doors/sunrise,true,"Wind-Rated Garage Doors in Sunrise, FL | SecureLifts","SecureLifts installs wind-rated garage doors in Sunrise, FL built for stronger pressure resistance, storm protection, daily reliability, and curb appeal. Call (866) 828-1818.","Wind-Rated Garage Doors in Sunrise , FL",1160,34,Service|BreadcrumbList,false,true,false,false,wind-rated-garage-doors,MANUAL_REVIEW
https://securelifts.com/wind-rated-garage-doors/tamarac,/wind-rated-garage-doors/[city],wind-rated-garage-doors,tamarac,200,https://securelifts.com/wind-rated-garage-doors/tamarac,true,"Wind-Rated Garage Doors in Tamarac, FL | SecureLifts","SecureLifts installs wind-rated garage doors in Tamarac, FL built for stronger pressure resistance, storm protection, daily reliability, and curb appeal. Call (866) 828-1818.","Wind-Rated Garage Doors in Tamarac , FL",1160,34,Service|BreadcrumbList,false,true,false,false,wind-rated-garage-doors,MANUAL_REVIEW
https://securelifts.com/wind-rated-garage-doors/tequesta,/wind-rated-garage-doors/[city],wind-rated-garage-doors,tequesta,200,https://securelifts.com/wind-rated-garage-doors/tequesta,true,"Wind-Rated Garage Doors in Tequesta, FL | SecureLifts","SecureLifts installs wind-rated garage doors in Tequesta, FL built for stronger pressure resistance, storm protection, daily reliability, and curb appeal. Call (866) 828-1818.","Wind-Rated Garage Doors in Tequesta , FL",1160,34,Service|BreadcrumbList,false,true,false,false,wind-rated-garage-doors,MANUAL_REVIEW
https://securelifts.com/wind-rated-garage-doors/wellington,/wind-rated-garage-doors/[city],wind-rated-garage-doors,wellington,200,https://securelifts.com/wind-rated-garage-doors/wellington,true,"Wind-Rated Garage Doors in Wellington, FL | SecureLifts","SecureLifts installs wind-rated garage doors in Wellington, FL built for stronger pressure resistance, storm protection, daily reliability, and curb appeal. Call (866) 828-1818.","Wind-Rated Garage Doors in Wellington , FL",1160,34,Service|BreadcrumbList,false,true,false,false,wind-rated-garage-doors,MANUAL_REVIEW
https://securelifts.com/wind-rated-garage-doors/west-palm-beach,/wind-rated-garage-doors/[city],wind-rated-garage-doors,west-palm-beach,200,https://securelifts.com/wind-rated-garage-doors/west-palm-beach,true,"Wind-Rated Garage Doors in West Palm Beach, FL | SecureLifts","SecureLifts installs wind-rated garage doors in West Palm Beach, FL built for stronger pressure resistance, storm protection, daily reliability, and curb appeal. Call (866) 828-1818.","Wind-Rated Garage Doors in West Palm Beach , FL",1206,34,Service|BreadcrumbList,false,true,false,false,wind-rated-garage-doors,MANUAL_REVIEW
